[0m21:52:44.370142 [debug] [MainThread]: Sending event: {'category': 'dbt', 'action': 'invocation', 'label': 'start', 'context': [<snowplow_tracker.self_describing_json.SelfDescribingJson object at 0x108ab8e50>, <snowplow_tracker.self_describing_json.SelfDescribingJson object at 0x108b33ed0>, <snowplow_tracker.self_describing_json.SelfDescribingJson object at 0x108b33fd0>]}


============================== 21:52:44.372898 | 46e1dc62-9431-49c5-8f5b-63247425d76e ==============================
[0m21:52:44.372898 [info ] [MainThread]: Running with dbt=1.11.8
[0m21:52:44.373202 [debug] [MainThread]: running dbt with arguments {'profiles_dir': '/Users/weimincai/.dbt', 'log_format': 'default', 'empty': 'None', 'introspect': 'True', 'warn_error': 'None', 'log_cache_events': 'False', 'fail_fast': 'False', 'invocation_command': 'dbt deps', 'use_experimental_parser': 'False', 'debug': 'False', 'quiet': 'False', 'static_parser': 'True', 'version_check': 'True', 'no_print': 'None', 'log_path': '/Users/weimincai/BIProjects/nyc_taxi_dbt/logs', 'cache_selected_only': 'False', 'write_json': 'True', 'printer_width': '80', 'send_anonymous_usage_stats': 'True', 'use_colors': 'True', 'partial_parse': 'True', 'indirect_selection': 'eager', 'target_path': 'None', 'warn_error_options': 'WarnErrorOptionsV2(error=[], warn=[], silence=[])'}
[0m21:52:44.447771 [debug] [MainThread]: Sending event: {'category': 'dbt', 'action': 'project_id', 'label': '46e1dc62-9431-49c5-8f5b-63247425d76e', 'context': [<snowplow_tracker.self_describing_json.SelfDescribingJson object at 0x108c26c10>]}
[0m21:52:44.459874 [debug] [MainThread]: Set downloads directory='/var/folders/ty/kc6s83ln3pd0tm_gz70cxg100000gn/T/dbt-downloads-ae5hfk6a'
[0m21:52:44.460181 [debug] [MainThread]: Making package index registry request: GET https://hub.getdbt.com/api/v1/index.json
[0m21:52:44.681875 [debug] [MainThread]: Response from registry index: GET https://hub.getdbt.com/api/v1/index.json 200
[0m21:52:44.683721 [debug] [MainThread]: Making package registry request: GET https://hub.getdbt.com/api/v1/dbt-labs/dbt_utils.json
[0m21:52:44.783487 [debug] [MainThread]: Response from registry: GET https://hub.getdbt.com/api/v1/dbt-labs/dbt_utils.json 200
[0m21:52:44.803459 [info ] [MainThread]: Updating lock file in file path: /Users/weimincai/BIProjects/nyc_taxi_dbt/package-lock.yml
[0m21:52:44.806208 [debug] [MainThread]: Set downloads directory='/var/folders/ty/kc6s83ln3pd0tm_gz70cxg100000gn/T/dbt-downloads-h90n3t0s'
[0m21:52:44.810135 [info ] [MainThread]: Installing dbt-labs/dbt_utils
[0m21:52:45.197254 [info ] [MainThread]: Installed from version 1.2.0
[0m21:52:45.197519 [info ] [MainThread]: Updated version available: 1.3.3
[0m21:52:45.197720 [debug] [MainThread]: Sending event: {'category': 'dbt', 'action': 'package', 'label': '46e1dc62-9431-49c5-8f5b-63247425d76e', 'property_': 'install', 'context': [<snowplow_tracker.self_describing_json.SelfDescribingJson object at 0x108aec2d0>, <snowplow_tracker.self_describing_json.SelfDescribingJson object at 0x105fcc510>]}
[0m21:52:45.197932 [info ] [MainThread]: 
[0m21:52:45.198100 [info ] [MainThread]: Updates available for packages: ['dbt-labs/dbt_utils']                 
Update your versions in packages.yml, then run dbt deps
[0m21:52:45.200831 [debug] [MainThread]: Resource report: {"command_name": "deps", "command_success": true, "command_wall_clock_time": 0.8706847, "process_in_blocks": "0", "process_kernel_time": 0.248987, "process_mem_max_rss": "144457728", "process_out_blocks": "0", "process_user_time": 1.317981}
[0m21:52:45.201172 [debug] [MainThread]: Command `dbt deps` succeeded at 21:52:45.201107 after 0.87 seconds
[0m21:52:45.201386 [debug] [MainThread]: Sending event: {'category': 'dbt', 'action': 'invocation', 'label': 'end', 'context': [<snowplow_tracker.self_describing_json.SelfDescribingJson object at 0x10356e050>, <snowplow_tracker.self_describing_json.SelfDescribingJson object at 0x108aa7b90>, <snowplow_tracker.self_describing_json.SelfDescribingJson object at 0x108aa7c50>]}
[0m21:52:45.201596 [debug] [MainThread]: Flushing usage events
[0m21:52:45.411235 [debug] [MainThread]: An error was encountered while trying to flush usage events
[0m21:52:52.041361 [debug] [MainThread]: Sending event: {'category': 'dbt', 'action': 'invocation', 'label': 'start', 'context': [<snowplow_tracker.self_describing_json.SelfDescribingJson object at 0x106647050>, <snowplow_tracker.self_describing_json.SelfDescribingJson object at 0x106329a90>, <snowplow_tracker.self_describing_json.SelfDescribingJson object at 0x106657f90>]}


============================== 21:52:52.044142 | 93952062-5b2b-477d-b831-4edfbd010218 ==============================
[0m21:52:52.044142 [info ] [MainThread]: Running with dbt=1.11.8
[0m21:52:52.044464 [debug] [MainThread]: running dbt with arguments {'use_colors': 'True', 'warn_error': 'None', 'version_check': 'True', 'static_parser': 'True', 'introspect': 'True', 'log_path': '/Users/weimincai/BIProjects/nyc_taxi_dbt/logs', 'debug': 'False', 'log_format': 'default', 'write_json': 'True', 'printer_width': '80', 'send_anonymous_usage_stats': 'True', 'profiles_dir': '/Users/weimincai/.dbt', 'quiet': 'False', 'indirect_selection': 'eager', 'empty': 'False', 'use_experimental_parser': 'False', 'log_cache_events': 'False', 'invocation_command': 'dbt run', 'target_path': 'None', 'fail_fast': 'False', 'cache_selected_only': 'False', 'no_print': 'None', 'warn_error_options': 'WarnErrorOptionsV2(error=[], warn=[], silence=[])', 'partial_parse': 'True'}
[0m21:52:52.227442 [debug] [MainThread]: Sending event: {'category': 'dbt', 'action': 'project_id', 'label': '93952062-5b2b-477d-b831-4edfbd010218', 'context': [<snowplow_tracker.self_describing_json.SelfDescribingJson object at 0x1067fc110>]}
[0m21:52:52.253033 [debug] [MainThread]: Sending event: {'category': 'dbt', 'action': 'adapter_info', 'label': '93952062-5b2b-477d-b831-4edfbd010218', 'context': [<snowplow_tracker.self_describing_json.SelfDescribingJson object at 0x1037d5f90>]}
[0m21:52:52.255001 [info ] [MainThread]: Registered adapter: duckdb=1.10.1
[0m21:52:52.335018 [debug] [MainThread]: checksum: 7d524ac048c2100769df89d592e662e060a73ca564e31bd9c2a37efdfe8d8ab6, vars: {}, profile: , target: , version: 1.11.8
[0m21:52:52.335549 [info ] [MainThread]: Unable to do partial parsing because saved manifest not found. Starting full parse.
[0m21:52:52.335769 [debug] [MainThread]: Sending event: {'category': 'dbt', 'action': 'partial_parser', 'label': '93952062-5b2b-477d-b831-4edfbd010218', 'context': [<snowplow_tracker.self_describing_json.SelfDescribingJson object at 0x106a0fc90>]}
[0m21:52:52.984249 [warn ] [MainThread]: [[33mWARNING[0m][MissingArgumentsPropertyInGenericTestDeprecation]: Deprecated
functionality
Found top-level arguments to test `accepted_values` defined on
'stg_yellow_taxi_trips' in package 'nyc_taxi_dbt'
(models/staging/stg_yellow_taxi_trips.yml). Arguments to generic tests should be
nested under the `arguments` property.
[0m21:52:52.984556 [debug] [MainThread]: Sending event: {'category': 'dbt', 'action': 'deprecation', 'label': '93952062-5b2b-477d-b831-4edfbd010218', 'property_': 'warn', 'context': [<snowplow_tracker.self_describing_json.SelfDescribingJson object at 0x106f559d0>]}
[0m21:52:53.044875 [debug] [MainThread]: Sending event: {'category': 'dbt', 'action': 'load_project', 'label': '93952062-5b2b-477d-b831-4edfbd010218', 'context': [<snowplow_tracker.self_describing_json.SelfDescribingJson object at 0x10497e1d0>]}
[0m21:52:53.090031 [debug] [MainThread]: Wrote artifact WritableManifest to /Users/weimincai/BIProjects/nyc_taxi_dbt/target/manifest.json
[0m21:52:53.091203 [debug] [MainThread]: Wrote artifact SemanticManifest to /Users/weimincai/BIProjects/nyc_taxi_dbt/target/semantic_manifest.json
[0m21:52:53.098017 [debug] [MainThread]: Sending event: {'category': 'dbt', 'action': 'resource_counts', 'label': '93952062-5b2b-477d-b831-4edfbd010218', 'context': [<snowplow_tracker.self_describing_json.SelfDescribingJson object at 0x10682f150>]}
[0m21:52:53.098277 [info ] [MainThread]: Found 6 models, 10 data tests, 1 source, 591 macros
[0m21:52:53.098441 [debug] [MainThread]: Sending event: {'category': 'dbt', 'action': 'runnable_timing', 'label': '93952062-5b2b-477d-b831-4edfbd010218', 'context': [<snowplow_tracker.self_describing_json.SelfDescribingJson object at 0x106a3c6d0>]}
[0m21:52:53.099379 [info ] [MainThread]: 
[0m21:52:53.099529 [info ] [MainThread]: Concurrency: 4 threads (target='dev')
[0m21:52:53.099650 [info ] [MainThread]: 
[0m21:52:53.099854 [debug] [MainThread]: Acquiring new duckdb connection 'master'
[0m21:52:53.102013 [debug] [ThreadPool]: Acquiring new duckdb connection 'list_nyc_taxi'
[0m21:52:53.102246 [debug] [ThreadPool]: Acquiring new duckdb connection 'list_nyc_taxi'
[0m21:52:53.102465 [debug] [ThreadPool]: Acquiring new duckdb connection 'list_nyc_taxi'
[0m21:52:53.141949 [debug] [ThreadPool]: Using duckdb connection "list_nyc_taxi"
[0m21:52:53.142172 [debug] [ThreadPool]: Using duckdb connection "list_nyc_taxi"
[0m21:52:53.142327 [debug] [ThreadPool]: Using duckdb connection "list_nyc_taxi"
[0m21:52:53.142503 [debug] [ThreadPool]: On list_nyc_taxi: /* {"app": "dbt", "dbt_version": "1.11.8", "profile_name": "nyc_taxi_dbt", "target_name": "dev", "connection_name": "list_nyc_taxi"} */

    
    select schema_name
    from system.information_schema.schemata
    
    where lower(catalog_name) = '"nyc_taxi"'
    
  
  
[0m21:52:53.142663 [debug] [ThreadPool]: On list_nyc_taxi: /* {"app": "dbt", "dbt_version": "1.11.8", "profile_name": "nyc_taxi_dbt", "target_name": "dev", "connection_name": "list_nyc_taxi"} */

    
    select schema_name
    from system.information_schema.schemata
    
    where lower(catalog_name) = '"nyc_taxi"'
    
  
  
[0m21:52:53.142806 [debug] [ThreadPool]: On list_nyc_taxi: /* {"app": "dbt", "dbt_version": "1.11.8", "profile_name": "nyc_taxi_dbt", "target_name": "dev", "connection_name": "list_nyc_taxi"} */

    
    select schema_name
    from system.information_schema.schemata
    
    where lower(catalog_name) = '"nyc_taxi"'
    
  
  
[0m21:52:53.142943 [debug] [ThreadPool]: Opening a new connection, currently in state init
[0m21:52:53.143065 [debug] [ThreadPool]: Opening a new connection, currently in state init
[0m21:52:53.143183 [debug] [ThreadPool]: Opening a new connection, currently in state init
[0m21:52:53.281560 [debug] [ThreadPool]: SQL status: OK in 0.138 seconds
[0m21:52:53.284471 [debug] [ThreadPool]: SQL status: OK in 0.140 seconds
[0m21:52:53.287545 [debug] [ThreadPool]: On list_nyc_taxi: Close
[0m21:52:53.287954 [debug] [ThreadPool]: SQL status: OK in 0.145 seconds
[0m21:52:53.290114 [debug] [ThreadPool]: On list_nyc_taxi: Close
[0m21:52:53.297204 [debug] [ThreadPool]: On list_nyc_taxi: Close
[0m21:52:53.298372 [debug] [ThreadPool]: Re-using an available connection from the pool (formerly list_nyc_taxi, now create_nyc_taxi_main_marts)
[0m21:52:53.298927 [debug] [ThreadPool]: Re-using an available connection from the pool (formerly list_nyc_taxi, now create_nyc_taxi_main_intermediate)
[0m21:52:53.299650 [debug] [ThreadPool]: Re-using an available connection from the pool (formerly list_nyc_taxi, now create_nyc_taxi_main_staging)
[0m21:52:53.300306 [debug] [ThreadPool]: Creating schema "database: "nyc_taxi"
schema: "main_marts"
"
[0m21:52:53.300883 [debug] [ThreadPool]: Creating schema "database: "nyc_taxi"
schema: "main_intermediate"
"
[0m21:52:53.301511 [debug] [ThreadPool]: Creating schema "database: "nyc_taxi"
schema: "main_staging"
"
[0m21:52:53.306905 [debug] [ThreadPool]: Using duckdb connection "create_nyc_taxi_main_marts"
[0m21:52:53.310292 [debug] [ThreadPool]: Using duckdb connection "create_nyc_taxi_main_intermediate"
[0m21:52:53.311873 [debug] [ThreadPool]: Using duckdb connection "create_nyc_taxi_main_staging"
[0m21:52:53.312277 [debug] [ThreadPool]: On create_nyc_taxi_main_marts: /* {"app": "dbt", "dbt_version": "1.11.8", "profile_name": "nyc_taxi_dbt", "target_name": "dev", "connection_name": "create_nyc_taxi_main_marts"} */

    
        select type from duckdb_databases()
        where lower(database_name)='nyc_taxi'
        and type='sqlite'
    
  
[0m21:52:53.312497 [debug] [ThreadPool]: On create_nyc_taxi_main_intermediate: /* {"app": "dbt", "dbt_version": "1.11.8", "profile_name": "nyc_taxi_dbt", "target_name": "dev", "connection_name": "create_nyc_taxi_main_intermediate"} */

    
        select type from duckdb_databases()
        where lower(database_name)='nyc_taxi'
        and type='sqlite'
    
  
[0m21:52:53.312679 [debug] [ThreadPool]: On create_nyc_taxi_main_staging: /* {"app": "dbt", "dbt_version": "1.11.8", "profile_name": "nyc_taxi_dbt", "target_name": "dev", "connection_name": "create_nyc_taxi_main_staging"} */

    
        select type from duckdb_databases()
        where lower(database_name)='nyc_taxi'
        and type='sqlite'
    
  
[0m21:52:53.312862 [debug] [ThreadPool]: Opening a new connection, currently in state closed
[0m21:52:53.313004 [debug] [ThreadPool]: Opening a new connection, currently in state closed
[0m21:52:53.313127 [debug] [ThreadPool]: Opening a new connection, currently in state closed
[0m21:52:53.314139 [debug] [ThreadPool]: SQL status: OK in 0.001 seconds
[0m21:52:53.314390 [debug] [ThreadPool]: SQL status: OK in 0.001 seconds
[0m21:52:53.314543 [debug] [ThreadPool]: SQL status: OK in 0.002 seconds
[0m21:52:53.315436 [debug] [ThreadPool]: Using duckdb connection "create_nyc_taxi_main_staging"
[0m21:52:53.316199 [debug] [ThreadPool]: Using duckdb connection "create_nyc_taxi_main_intermediate"
[0m21:52:53.316745 [debug] [ThreadPool]: Using duckdb connection "create_nyc_taxi_main_marts"
[0m21:52:53.316869 [debug] [ThreadPool]: On create_nyc_taxi_main_staging: BEGIN
[0m21:52:53.317004 [debug] [ThreadPool]: On create_nyc_taxi_main_intermediate: BEGIN
[0m21:52:53.317123 [debug] [ThreadPool]: On create_nyc_taxi_main_marts: BEGIN
[0m21:52:53.317473 [debug] [ThreadPool]: SQL status: OK in 0.000 seconds
[0m21:52:53.317606 [debug] [ThreadPool]: SQL status: OK in 0.000 seconds
[0m21:52:53.317719 [debug] [ThreadPool]: SQL status: OK in 0.000 seconds
[0m21:52:53.317851 [debug] [ThreadPool]: Using duckdb connection "create_nyc_taxi_main_staging"
[0m21:52:53.317996 [debug] [ThreadPool]: Using duckdb connection "create_nyc_taxi_main_marts"
[0m21:52:53.318135 [debug] [ThreadPool]: Using duckdb connection "create_nyc_taxi_main_intermediate"
[0m21:52:53.318264 [debug] [ThreadPool]: On create_nyc_taxi_main_staging: /* {"app": "dbt", "dbt_version": "1.11.8", "profile_name": "nyc_taxi_dbt", "target_name": "dev", "connection_name": "create_nyc_taxi_main_staging"} */

    
    
        create schema if not exists "nyc_taxi"."main_staging"
    
[0m21:52:53.318408 [debug] [ThreadPool]: On create_nyc_taxi_main_marts: /* {"app": "dbt", "dbt_version": "1.11.8", "profile_name": "nyc_taxi_dbt", "target_name": "dev", "connection_name": "create_nyc_taxi_main_marts"} */

    
    
        create schema if not exists "nyc_taxi"."main_marts"
    
[0m21:52:53.318548 [debug] [ThreadPool]: On create_nyc_taxi_main_intermediate: /* {"app": "dbt", "dbt_version": "1.11.8", "profile_name": "nyc_taxi_dbt", "target_name": "dev", "connection_name": "create_nyc_taxi_main_intermediate"} */

    
    
        create schema if not exists "nyc_taxi"."main_intermediate"
    
[0m21:52:53.318875 [debug] [ThreadPool]: SQL status: OK in 0.000 seconds
[0m21:52:53.319034 [debug] [ThreadPool]: SQL status: OK in 0.000 seconds
[0m21:52:53.319142 [debug] [ThreadPool]: SQL status: OK in 0.000 seconds
[0m21:52:53.319575 [debug] [ThreadPool]: On create_nyc_taxi_main_marts: COMMIT
[0m21:52:53.319945 [debug] [ThreadPool]: On create_nyc_taxi_main_intermediate: COMMIT
[0m21:52:53.320329 [debug] [ThreadPool]: On create_nyc_taxi_main_staging: COMMIT
[0m21:52:53.320476 [debug] [ThreadPool]: Using duckdb connection "create_nyc_taxi_main_marts"
[0m21:52:53.320614 [debug] [ThreadPool]: Using duckdb connection "create_nyc_taxi_main_intermediate"
[0m21:52:53.320739 [debug] [ThreadPool]: Using duckdb connection "create_nyc_taxi_main_staging"
[0m21:52:53.320865 [debug] [ThreadPool]: On create_nyc_taxi_main_marts: COMMIT
[0m21:52:53.320986 [debug] [ThreadPool]: On create_nyc_taxi_main_intermediate: COMMIT
[0m21:52:53.321101 [debug] [ThreadPool]: On create_nyc_taxi_main_staging: COMMIT
[0m21:52:53.321683 [debug] [ThreadPool]: SQL status: OK in 0.000 seconds
[0m21:52:53.321807 [debug] [ThreadPool]: SQL status: OK in 0.000 seconds
[0m21:52:53.321927 [debug] [ThreadPool]: On create_nyc_taxi_main_marts: Close
[0m21:52:53.322035 [debug] [ThreadPool]: SQL status: OK in 0.001 seconds
[0m21:52:53.322155 [debug] [ThreadPool]: On create_nyc_taxi_main_intermediate: Close
[0m21:52:53.322434 [debug] [ThreadPool]: On create_nyc_taxi_main_staging: Close
[0m21:52:53.323185 [debug] [ThreadPool]: Re-using an available connection from the pool (formerly create_nyc_taxi_main_intermediate, now list_nyc_taxi_main_marts)
[0m21:52:53.325922 [debug] [ThreadPool]: Using duckdb connection "list_nyc_taxi_main_marts"
[0m21:52:53.326170 [debug] [ThreadPool]: Re-using an available connection from the pool (formerly create_nyc_taxi_main_marts, now list_nyc_taxi_main_intermediate)
[0m21:52:53.326381 [debug] [ThreadPool]: Re-using an available connection from the pool (formerly create_nyc_taxi_main_staging, now list_nyc_taxi_main_staging)
[0m21:52:53.326525 [debug] [ThreadPool]: On list_nyc_taxi_main_marts: BEGIN
[0m21:52:53.327575 [debug] [ThreadPool]: Using duckdb connection "list_nyc_taxi_main_intermediate"
[0m21:52:53.328512 [debug] [ThreadPool]: Using duckdb connection "list_nyc_taxi_main_staging"
[0m21:52:53.328653 [debug] [ThreadPool]: Opening a new connection, currently in state closed
[0m21:52:53.328796 [debug] [ThreadPool]: On list_nyc_taxi_main_intermediate: BEGIN
[0m21:52:53.328931 [debug] [ThreadPool]: On list_nyc_taxi_main_staging: BEGIN
[0m21:52:53.329197 [debug] [ThreadPool]: Opening a new connection, currently in state closed
[0m21:52:53.329336 [debug] [ThreadPool]: Opening a new connection, currently in state closed
[0m21:52:53.329464 [debug] [ThreadPool]: SQL status: OK in 0.001 seconds
[0m21:52:53.329707 [debug] [ThreadPool]: SQL status: OK in 0.001 seconds
[0m21:52:53.329818 [debug] [ThreadPool]: Using duckdb connection "list_nyc_taxi_main_marts"
[0m21:52:53.329944 [debug] [ThreadPool]: SQL status: OK in 0.001 seconds
[0m21:52:53.330065 [debug] [ThreadPool]: Using duckdb connection "list_nyc_taxi_main_intermediate"
[0m21:52:53.330204 [debug] [ThreadPool]: On list_nyc_taxi_main_marts: /* {"app": "dbt", "dbt_version": "1.11.8", "profile_name": "nyc_taxi_dbt", "target_name": "dev", "connection_name": "list_nyc_taxi_main_marts"} */
select
      'nyc_taxi' as database,
      table_name as name,
      table_schema as schema,
      CASE table_type
        WHEN 'BASE TABLE' THEN 'table'
        WHEN 'VIEW' THEN 'view'
        WHEN 'LOCAL TEMPORARY' THEN 'table'
        END as type
    from system.information_schema.tables
    where lower(table_schema) = 'main_marts'
    and lower(table_catalog) = 'nyc_taxi'
  
[0m21:52:53.330344 [debug] [ThreadPool]: Using duckdb connection "list_nyc_taxi_main_staging"
[0m21:52:53.330481 [debug] [ThreadPool]: On list_nyc_taxi_main_intermediate: /* {"app": "dbt", "dbt_version": "1.11.8", "profile_name": "nyc_taxi_dbt", "target_name": "dev", "connection_name": "list_nyc_taxi_main_intermediate"} */
select
      'nyc_taxi' as database,
      table_name as name,
      table_schema as schema,
      CASE table_type
        WHEN 'BASE TABLE' THEN 'table'
        WHEN 'VIEW' THEN 'view'
        WHEN 'LOCAL TEMPORARY' THEN 'table'
        END as type
    from system.information_schema.tables
    where lower(table_schema) = 'main_intermediate'
    and lower(table_catalog) = 'nyc_taxi'
  
[0m21:52:53.330702 [debug] [ThreadPool]: On list_nyc_taxi_main_staging: /* {"app": "dbt", "dbt_version": "1.11.8", "profile_name": "nyc_taxi_dbt", "target_name": "dev", "connection_name": "list_nyc_taxi_main_staging"} */
select
      'nyc_taxi' as database,
      table_name as name,
      table_schema as schema,
      CASE table_type
        WHEN 'BASE TABLE' THEN 'table'
        WHEN 'VIEW' THEN 'view'
        WHEN 'LOCAL TEMPORARY' THEN 'table'
        END as type
    from system.information_schema.tables
    where lower(table_schema) = 'main_staging'
    and lower(table_catalog) = 'nyc_taxi'
  
[0m21:52:53.333878 [debug] [ThreadPool]: SQL status: OK in 0.003 seconds
[0m21:52:53.334034 [debug] [ThreadPool]: SQL status: OK in 0.003 seconds
[0m21:52:53.334199 [debug] [ThreadPool]: SQL status: OK in 0.003 seconds
[0m21:52:53.334961 [debug] [ThreadPool]: On list_nyc_taxi_main_marts: ROLLBACK
[0m21:52:53.335437 [debug] [ThreadPool]: On list_nyc_taxi_main_staging: ROLLBACK
[0m21:52:53.335858 [debug] [ThreadPool]: On list_nyc_taxi_main_intermediate: ROLLBACK
[0m21:52:53.336650 [debug] [ThreadPool]: Failed to rollback 'list_nyc_taxi_main_intermediate'
[0m21:52:53.336874 [debug] [ThreadPool]: Failed to rollback 'list_nyc_taxi_main_staging'
[0m21:52:53.337053 [debug] [ThreadPool]: Failed to rollback 'list_nyc_taxi_main_marts'
[0m21:52:53.337179 [debug] [ThreadPool]: On list_nyc_taxi_main_intermediate: Close
[0m21:52:53.337314 [debug] [ThreadPool]: On list_nyc_taxi_main_staging: Close
[0m21:52:53.337442 [debug] [ThreadPool]: On list_nyc_taxi_main_marts: Close
[0m21:52:53.338533 [debug] [MainThread]: Sending event: {'category': 'dbt', 'action': 'runnable_timing', 'label': '93952062-5b2b-477d-b831-4edfbd010218', 'context': [<snowplow_tracker.self_describing_json.SelfDescribingJson object at 0x1066bb4d0>]}
[0m21:52:53.338871 [debug] [MainThread]: Using duckdb connection "master"
[0m21:52:53.339004 [debug] [MainThread]: On master: BEGIN
[0m21:52:53.339120 [debug] [MainThread]: Opening a new connection, currently in state init
[0m21:52:53.339405 [debug] [MainThread]: SQL status: OK in 0.000 seconds
[0m21:52:53.339536 [debug] [MainThread]: On master: COMMIT
[0m21:52:53.339650 [debug] [MainThread]: Using duckdb connection "master"
[0m21:52:53.339758 [debug] [MainThread]: On master: COMMIT
[0m21:52:53.339913 [debug] [MainThread]: SQL status: OK in 0.000 seconds
[0m21:52:53.340035 [debug] [MainThread]: On master: Close
[0m21:52:53.341811 [debug] [Thread-1 (]: Began running node model.nyc_taxi_dbt.stg_yellow_taxi_trips
[0m21:52:53.342101 [info ] [Thread-1 (]: 1 of 6 START sql view model main_staging.stg_yellow_taxi_trips ................. [RUN]
[0m21:52:53.342322 [debug] [Thread-1 (]: Re-using an available connection from the pool (formerly list_nyc_taxi_main_marts, now model.nyc_taxi_dbt.stg_yellow_taxi_trips)
[0m21:52:53.342523 [debug] [Thread-1 (]: Began compiling node model.nyc_taxi_dbt.stg_yellow_taxi_trips
[0m21:52:53.347853 [debug] [Thread-1 (]: Writing injected SQL for node "model.nyc_taxi_dbt.stg_yellow_taxi_trips"
[0m21:52:53.348461 [debug] [Thread-1 (]: Began executing node model.nyc_taxi_dbt.stg_yellow_taxi_trips
[0m21:52:53.362925 [debug] [Thread-1 (]: Writing runtime sql for node "model.nyc_taxi_dbt.stg_yellow_taxi_trips"
[0m21:52:53.363635 [debug] [Thread-1 (]: Using duckdb connection "model.nyc_taxi_dbt.stg_yellow_taxi_trips"
[0m21:52:53.363800 [debug] [Thread-1 (]: On model.nyc_taxi_dbt.stg_yellow_taxi_trips: BEGIN
[0m21:52:53.363941 [debug] [Thread-1 (]: Opening a new connection, currently in state closed
[0m21:52:53.364271 [debug] [Thread-1 (]: SQL status: OK in 0.000 seconds
[0m21:52:53.364407 [debug] [Thread-1 (]: Using duckdb connection "model.nyc_taxi_dbt.stg_yellow_taxi_trips"
[0m21:52:53.364626 [debug] [Thread-1 (]: On model.nyc_taxi_dbt.stg_yellow_taxi_trips: /* {"app": "dbt", "dbt_version": "1.11.8", "profile_name": "nyc_taxi_dbt", "target_name": "dev", "node_id": "model.nyc_taxi_dbt.stg_yellow_taxi_trips"} */

  
  create view "nyc_taxi"."main_staging"."stg_yellow_taxi_trips__dbt_tmp" as (
    -- =============================================================
--  models/staging/stg_yellow_taxi_trips.sql
--
--  WHAT THIS MODEL DOES:
--  This is the "cleaning station." It reads from the raw source
--  table and does three things:
--    1. Renames ugly column names to readable ones
--    2. Filters out bad/corrupt rows (impossible values)
--    3. Creates a unique ID (trip_id) for each row
--
--  Every model downstream reads from THIS model — never from raw.
--  Materialized as: VIEW (no storage used, always up to date). A reusable named SELECT statement not stored data.
-- =============================================================

with source as (

    -- source() is dbt syntax
    -- registered in sources.yml and tracks lineage automatically
    select * from "nyc_taxi"."raw"."yellow_taxi_trips"

),

cleaned as (

    select

        -- ── Unique trip identifier ────────────────────────────
        -- generate_surrogate_key() hashes these columns together
        -- to create a unique ID for every row
        md5(cast(coalesce(cast(VendorID as TEXT), '_dbt_utils_surrogate_key_null_') || '-' || coalesce(cast(tpep_pickup_datetime as TEXT), '_dbt_utils_surrogate_key_null_') || '-' || coalesce(cast(tpep_dropoff_datetime as TEXT), '_dbt_utils_surrogate_key_null_') || '-' || coalesce(cast(PULocationID as TEXT), '_dbt_utils_surrogate_key_null_') || '-' || coalesce(cast(DOLocationID as TEXT), '_dbt_utils_surrogate_key_null_') as TEXT)) as trip_id,

        -- ── Vendor ────────────────────────────────────────────
        VendorID                            as vendor_id,

        -- ── Timestamps ────────────────────────────────────────
        tpep_pickup_datetime                as pickup_at,
        tpep_dropoff_datetime               as dropoff_at,

        -- ── Trip details ──────────────────────────────────────
        passenger_count,
        trip_distance,
        RatecodeID                          as rate_code_id,
        PULocationID                        as pickup_location_id,
        DOLocationID                        as dropoff_location_id,

        -- ── Payment ───────────────────────────────────────────
        payment_type,
        fare_amount,
        extra,
        mta_tax,
        tip_amount,
        tolls_amount,
        improvement_surcharge,
        total_amount,
        congestion_surcharge,

        -- ── Derived column: trip duration in minutes ──────────
        -- date_diff is a DuckDB function
        date_diff('minute', tpep_pickup_datetime, tpep_dropoff_datetime)
            as trip_duration_minutes

    from source

    where
        -- Remove rows where the trip clearly didn't happen
        trip_distance  > 0
        and fare_amount   > 0
        and total_amount  > 0

        -- Remove rows where dropoff is before pickup (data error)
        and tpep_pickup_datetime < tpep_dropoff_datetime

        -- Keep only data from the month we loaded
        and tpep_pickup_datetime >= '2024-01-01'
        and tpep_pickup_datetime <  '2024-02-01'

)

select * from cleaned
  );

[0m21:52:53.365644 [debug] [Thread-1 (]: SQL status: OK in 0.001 seconds
[0m21:52:53.368542 [debug] [Thread-1 (]: Using duckdb connection "model.nyc_taxi_dbt.stg_yellow_taxi_trips"
[0m21:52:53.368714 [debug] [Thread-1 (]: On model.nyc_taxi_dbt.stg_yellow_taxi_trips: /* {"app": "dbt", "dbt_version": "1.11.8", "profile_name": "nyc_taxi_dbt", "target_name": "dev", "node_id": "model.nyc_taxi_dbt.stg_yellow_taxi_trips"} */
alter view "nyc_taxi"."main_staging"."stg_yellow_taxi_trips__dbt_tmp" rename to "stg_yellow_taxi_trips"
[0m21:52:53.370014 [debug] [Thread-1 (]: SQL status: OK in 0.001 seconds
[0m21:52:53.375072 [debug] [Thread-1 (]: On model.nyc_taxi_dbt.stg_yellow_taxi_trips: COMMIT
[0m21:52:53.375260 [debug] [Thread-1 (]: Using duckdb connection "model.nyc_taxi_dbt.stg_yellow_taxi_trips"
[0m21:52:53.375405 [debug] [Thread-1 (]: On model.nyc_taxi_dbt.stg_yellow_taxi_trips: COMMIT
[0m21:52:53.375961 [debug] [Thread-1 (]: SQL status: OK in 0.000 seconds
[0m21:52:53.378812 [debug] [Thread-1 (]: Using duckdb connection "model.nyc_taxi_dbt.stg_yellow_taxi_trips"
[0m21:52:53.379099 [debug] [Thread-1 (]: On model.nyc_taxi_dbt.stg_yellow_taxi_trips: /* {"app": "dbt", "dbt_version": "1.11.8", "profile_name": "nyc_taxi_dbt", "target_name": "dev", "node_id": "model.nyc_taxi_dbt.stg_yellow_taxi_trips"} */

      drop view if exists "nyc_taxi"."main_staging"."stg_yellow_taxi_trips__dbt_backup" cascade
    
[0m21:52:53.379618 [debug] [Thread-1 (]: SQL status: OK in 0.000 seconds
[0m21:52:53.380864 [debug] [Thread-1 (]: On model.nyc_taxi_dbt.stg_yellow_taxi_trips: Close
[0m21:52:53.382020 [debug] [Thread-1 (]: Sending event: {'category': 'dbt', 'action': 'run_model', 'label': '93952062-5b2b-477d-b831-4edfbd010218', 'context': [<snowplow_tracker.self_describing_json.SelfDescribingJson object at 0x106daf310>]}
[0m21:52:53.382441 [info ] [Thread-1 (]: 1 of 6 OK created sql view model main_staging.stg_yellow_taxi_trips ............ [[32mOK[0m in 0.04s]
[0m21:52:53.382775 [debug] [Thread-1 (]: Finished running node model.nyc_taxi_dbt.stg_yellow_taxi_trips
[0m21:52:53.383378 [debug] [Thread-3 (]: Began running node model.nyc_taxi_dbt.int_trip_revenue_metrics
[0m21:52:53.383558 [debug] [Thread-4 (]: Began running node model.nyc_taxi_dbt.int_trips_with_time_features
[0m21:52:53.383805 [info ] [Thread-3 (]: 2 of 6 START sql view model main_intermediate.int_trip_revenue_metrics ......... [RUN]
[0m21:52:53.384097 [info ] [Thread-4 (]: 3 of 6 START sql view model main_intermediate.int_trips_with_time_features ..... [RUN]
[0m21:52:53.384339 [debug] [Thread-3 (]: Re-using an available connection from the pool (formerly list_nyc_taxi_main_staging, now model.nyc_taxi_dbt.int_trip_revenue_metrics)
[0m21:52:53.384569 [debug] [Thread-4 (]: Acquiring new duckdb connection 'model.nyc_taxi_dbt.int_trips_with_time_features'
[0m21:52:53.384727 [debug] [Thread-3 (]: Began compiling node model.nyc_taxi_dbt.int_trip_revenue_metrics
[0m21:52:53.384880 [debug] [Thread-4 (]: Began compiling node model.nyc_taxi_dbt.int_trips_with_time_features
[0m21:52:53.386632 [debug] [Thread-3 (]: Writing injected SQL for node "model.nyc_taxi_dbt.int_trip_revenue_metrics"
[0m21:52:53.388029 [debug] [Thread-4 (]: Writing injected SQL for node "model.nyc_taxi_dbt.int_trips_with_time_features"
[0m21:52:53.388503 [debug] [Thread-4 (]: Began executing node model.nyc_taxi_dbt.int_trips_with_time_features
[0m21:52:53.388647 [debug] [Thread-3 (]: Began executing node model.nyc_taxi_dbt.int_trip_revenue_metrics
[0m21:52:53.390336 [debug] [Thread-4 (]: Writing runtime sql for node "model.nyc_taxi_dbt.int_trips_with_time_features"
[0m21:52:53.391917 [debug] [Thread-3 (]: Writing runtime sql for node "model.nyc_taxi_dbt.int_trip_revenue_metrics"
[0m21:52:53.392348 [debug] [Thread-4 (]: Using duckdb connection "model.nyc_taxi_dbt.int_trips_with_time_features"
[0m21:52:53.392517 [debug] [Thread-3 (]: Using duckdb connection "model.nyc_taxi_dbt.int_trip_revenue_metrics"
[0m21:52:53.392676 [debug] [Thread-4 (]: On model.nyc_taxi_dbt.int_trips_with_time_features: BEGIN
[0m21:52:53.392822 [debug] [Thread-3 (]: On model.nyc_taxi_dbt.int_trip_revenue_metrics: BEGIN
[0m21:52:53.392965 [debug] [Thread-4 (]: Opening a new connection, currently in state init
[0m21:52:53.393106 [debug] [Thread-3 (]: Opening a new connection, currently in state closed
[0m21:52:53.393442 [debug] [Thread-4 (]: SQL status: OK in 0.000 seconds
[0m21:52:53.393582 [debug] [Thread-4 (]: Using duckdb connection "model.nyc_taxi_dbt.int_trips_with_time_features"
[0m21:52:53.393708 [debug] [Thread-3 (]: SQL status: OK in 0.001 seconds
[0m21:52:53.393920 [debug] [Thread-4 (]: On model.nyc_taxi_dbt.int_trips_with_time_features: /* {"app": "dbt", "dbt_version": "1.11.8", "profile_name": "nyc_taxi_dbt", "target_name": "dev", "node_id": "model.nyc_taxi_dbt.int_trips_with_time_features"} */

  
  create view "nyc_taxi"."main_intermediate"."int_trips_with_time_features__dbt_tmp" as (
    -- =============================================================
--  models/intermediate/int_trips_with_time_features.sql
--
--  WHAT THIS MODEL DOES:
--  Takes the clean staging data and adds time-based columns that
--  multiple mart models will need. Instead of repeating this logic
--  in every mart, we write it once here.
--
--  New columns added:
--    pickup_hour     → 0 to 23
--    day_of_week     → 0 (Sunday) to 6 (Saturday)
--    day_name        → "Monday", "Tuesday", etc.
--    pickup_date     → just the date, no time (e.g. 2024-01-15)
--    time_of_day     → "Morning Rush", "Evening Rush", "Midday", etc.
--    is_weekend      → true / false
--
-- =============================================================

with trips as (

    -- ref() references upstream models
    -- dbt automatically figures out the order to build models
    select * from "nyc_taxi"."main_staging"."stg_yellow_taxi_trips"

),

time_features as (

    select

        -- ── All columns from staging ──────────────────────────
        *,

        -- ── Hour of pickup (0 = midnight, 23 = 11pm) ─────────
        extract(hour from pickup_at)            as pickup_hour,

        -- ── Day of week (0 = Sunday, 6 = Saturday) ───────────
        extract(dow from pickup_at)             as day_of_week,

        -- ── Human-readable day name ───────────────────────────
        dayname(pickup_at)                      as day_name,

        -- ── Date only — useful for daily GROUP BY queries ─────
        pickup_at::date                         as pickup_date,

        -- ── Time-of-day bucket ────────────────────────────────
        -- This classifies each trip into a named period
        case
            when extract(hour from pickup_at) between 7  and 9  then 'Morning Rush'
            when extract(hour from pickup_at) between 16 and 19 then 'Evening Rush'
            when extract(hour from pickup_at) between 10 and 15 then 'Midday'
            when extract(hour from pickup_at) between 20 and 23 then 'Night'
            else                                                      'Early Morning'
        end                                     as time_of_day,

        -- ── Weekend flag ──────────────────────────────────────
        -- In DuckDB, dow: 0 = Sunday, 6 = Saturday
        case
            when extract(dow from pickup_at) in (0, 6) then true
            else false
        end                                     as is_weekend

    from trips

)

select * from time_features
  );

[0m21:52:53.394128 [debug] [Thread-3 (]: Using duckdb connection "model.nyc_taxi_dbt.int_trip_revenue_metrics"
[0m21:52:53.394519 [debug] [Thread-3 (]: On model.nyc_taxi_dbt.int_trip_revenue_metrics: /* {"app": "dbt", "dbt_version": "1.11.8", "profile_name": "nyc_taxi_dbt", "target_name": "dev", "node_id": "model.nyc_taxi_dbt.int_trip_revenue_metrics"} */

  
  create view "nyc_taxi"."main_intermediate"."int_trip_revenue_metrics__dbt_tmp" as (
    -- =============================================================
--  models/intermediate/int_trip_revenue_metrics.sql
--
--  WHAT THIS MODEL DOES:
--  Calculates money and fare-related metrics for every trip.
--  Multiple mart models need these calculations — writing them
--  here once prevents copy-pasting the same CASE statements
--  across multiple files.
--
--  New columns added:
--    tip_percentage    → tip as a % of the base fare
--    revenue_per_mile  → total amount ÷ trip distance
--    revenue_per_min   → total amount ÷ trip duration
--    payment_label     → "Credit Card" instead of the number 1
--    tip_tier          → "No Tip", "Low", "Medium", "High"
--    fare_bucket       → fare grouped into $5 ranges
--
-- =============================================================

with trips as (
    -- ref() references upstream models
    -- dbt automatically figures out the order to build models
    select * from "nyc_taxi"."main_staging"."stg_yellow_taxi_trips"

),

revenue_metrics as (

    select

        -- ── All columns from staging ──────────────────────────
        *,

        -- ── Tip percentage ────────────────────────────────────
        -- How much did the passenger tip relative to the base fare?
        case
            when fare_amount > 0
            then round((tip_amount / fare_amount) * 100, 2)
            else 0
        end                                     as tip_percentage,

        -- ── Revenue per mile ──────────────────────────────────
        -- Useful for comparing efficiency of short vs long trips
        case
            when trip_distance > 0
            then round(total_amount / trip_distance, 2)
            else null
        end                                     as revenue_per_mile,

        -- ── Revenue per minute ────────────────────────────────
        case
            when trip_duration_minutes > 0
            then round(total_amount / trip_duration_minutes, 2)
            else null
        end                                     as revenue_per_minute,

        -- ── Payment label ─────────────────────────────────────
        -- Turns the integer code into a readable string
        case payment_type
            when 1 then 'Credit Card'
            when 2 then 'Cash'
            when 3 then 'No Charge'
            when 4 then 'Dispute'
            else        'Unknown'
        end                                     as payment_label,

        -- ── Tip tier ──────────────────────────────────────────
        -- Buckets trips by how much was tipped
        case
            when tip_amount = 0              then 'No Tip'
            when tip_amount < 2              then 'Low  (under $2)'
            when tip_amount between 2 and 5  then 'Medium ($2–$5)'
            else                                  'High (over $5)'
        end                                     as tip_tier,

        -- ── Fare bucket ───────────────────────────────────────
        -- Groups base fares into $5/$10 ranges
        case
            when fare_amount < 5             then '$0–$5'
            when fare_amount < 10            then '$5–$10'
            when fare_amount < 20            then '$10–$20'
            when fare_amount < 30            then '$20–$30'
            else                                  '$30+'
        end                                     as fare_bucket

    from trips

)

select * from revenue_metrics
  );

[0m21:52:53.395414 [debug] [Thread-4 (]: SQL status: OK in 0.001 seconds
[0m21:52:53.396928 [debug] [Thread-4 (]: Using duckdb connection "model.nyc_taxi_dbt.int_trips_with_time_features"
[0m21:52:53.397088 [debug] [Thread-4 (]: On model.nyc_taxi_dbt.int_trips_with_time_features: /* {"app": "dbt", "dbt_version": "1.11.8", "profile_name": "nyc_taxi_dbt", "target_name": "dev", "node_id": "model.nyc_taxi_dbt.int_trips_with_time_features"} */
alter view "nyc_taxi"."main_intermediate"."int_trips_with_time_features__dbt_tmp" rename to "int_trips_with_time_features"
[0m21:52:53.397270 [debug] [Thread-3 (]: SQL status: OK in 0.002 seconds
[0m21:52:53.397409 [debug] [Thread-4 (]: SQL status: OK in 0.000 seconds
[0m21:52:53.398735 [debug] [Thread-3 (]: Using duckdb connection "model.nyc_taxi_dbt.int_trip_revenue_metrics"
[0m21:52:53.399378 [debug] [Thread-4 (]: On model.nyc_taxi_dbt.int_trips_with_time_features: COMMIT
[0m21:52:53.399573 [debug] [Thread-3 (]: On model.nyc_taxi_dbt.int_trip_revenue_metrics: /* {"app": "dbt", "dbt_version": "1.11.8", "profile_name": "nyc_taxi_dbt", "target_name": "dev", "node_id": "model.nyc_taxi_dbt.int_trip_revenue_metrics"} */
alter view "nyc_taxi"."main_intermediate"."int_trip_revenue_metrics__dbt_tmp" rename to "int_trip_revenue_metrics"
[0m21:52:53.399754 [debug] [Thread-4 (]: Using duckdb connection "model.nyc_taxi_dbt.int_trips_with_time_features"
[0m21:52:53.400006 [debug] [Thread-4 (]: On model.nyc_taxi_dbt.int_trips_with_time_features: COMMIT
[0m21:52:53.400195 [debug] [Thread-3 (]: SQL status: OK in 0.000 seconds
[0m21:52:53.400781 [debug] [Thread-3 (]: On model.nyc_taxi_dbt.int_trip_revenue_metrics: COMMIT
[0m21:52:53.400930 [debug] [Thread-4 (]: SQL status: OK in 0.001 seconds
[0m21:52:53.401070 [debug] [Thread-3 (]: Using duckdb connection "model.nyc_taxi_dbt.int_trip_revenue_metrics"
[0m21:52:53.403171 [debug] [Thread-4 (]: Using duckdb connection "model.nyc_taxi_dbt.int_trips_with_time_features"
[0m21:52:53.403385 [debug] [Thread-3 (]: On model.nyc_taxi_dbt.int_trip_revenue_metrics: COMMIT
[0m21:52:53.403547 [debug] [Thread-4 (]: On model.nyc_taxi_dbt.int_trips_with_time_features: /* {"app": "dbt", "dbt_version": "1.11.8", "profile_name": "nyc_taxi_dbt", "target_name": "dev", "node_id": "model.nyc_taxi_dbt.int_trips_with_time_features"} */

      drop view if exists "nyc_taxi"."main_intermediate"."int_trips_with_time_features__dbt_backup" cascade
    
[0m21:52:53.404006 [debug] [Thread-4 (]: SQL status: OK in 0.000 seconds
[0m21:52:53.404152 [debug] [Thread-3 (]: SQL status: OK in 0.000 seconds
[0m21:52:53.404720 [debug] [Thread-4 (]: On model.nyc_taxi_dbt.int_trips_with_time_features: Close
[0m21:52:53.405773 [debug] [Thread-3 (]: Using duckdb connection "model.nyc_taxi_dbt.int_trip_revenue_metrics"
[0m21:52:53.406042 [debug] [Thread-4 (]: Sending event: {'category': 'dbt', 'action': 'run_model', 'label': '93952062-5b2b-477d-b831-4edfbd010218', 'context': [<snowplow_tracker.self_describing_json.SelfDescribingJson object at 0x107499ed0>]}
[0m21:52:53.406204 [debug] [Thread-3 (]: On model.nyc_taxi_dbt.int_trip_revenue_metrics: /* {"app": "dbt", "dbt_version": "1.11.8", "profile_name": "nyc_taxi_dbt", "target_name": "dev", "node_id": "model.nyc_taxi_dbt.int_trip_revenue_metrics"} */

      drop view if exists "nyc_taxi"."main_intermediate"."int_trip_revenue_metrics__dbt_backup" cascade
    
[0m21:52:53.406512 [info ] [Thread-4 (]: 3 of 6 OK created sql view model main_intermediate.int_trips_with_time_features  [[32mOK[0m in 0.02s]
[0m21:52:53.406817 [debug] [Thread-4 (]: Finished running node model.nyc_taxi_dbt.int_trips_with_time_features
[0m21:52:53.407025 [debug] [Thread-3 (]: SQL status: OK in 0.000 seconds
[0m21:52:53.407226 [debug] [Thread-1 (]: Began running node model.nyc_taxi_dbt.mart_hourly_demand
[0m21:52:53.407751 [debug] [Thread-3 (]: On model.nyc_taxi_dbt.int_trip_revenue_metrics: Close
[0m21:52:53.407947 [info ] [Thread-1 (]: 4 of 6 START sql table model main_marts.mart_hourly_demand ..................... [RUN]
[0m21:52:53.408222 [debug] [Thread-1 (]: Re-using an available connection from the pool (formerly model.nyc_taxi_dbt.stg_yellow_taxi_trips, now model.nyc_taxi_dbt.mart_hourly_demand)
[0m21:52:53.408355 [debug] [Thread-3 (]: Sending event: {'category': 'dbt', 'action': 'run_model', 'label': '93952062-5b2b-477d-b831-4edfbd010218', 'context': [<snowplow_tracker.self_describing_json.SelfDescribingJson object at 0x107544950>]}
[0m21:52:53.408506 [debug] [Thread-1 (]: Began compiling node model.nyc_taxi_dbt.mart_hourly_demand
[0m21:52:53.408743 [info ] [Thread-3 (]: 2 of 6 OK created sql view model main_intermediate.int_trip_revenue_metrics .... [[32mOK[0m in 0.02s]
[0m21:52:53.410371 [debug] [Thread-1 (]: Writing injected SQL for node "model.nyc_taxi_dbt.mart_hourly_demand"
[0m21:52:53.410620 [debug] [Thread-3 (]: Finished running node model.nyc_taxi_dbt.int_trip_revenue_metrics
[0m21:52:53.410902 [debug] [Thread-4 (]: Began running node model.nyc_taxi_dbt.mart_daily_trip_summary
[0m21:52:53.411042 [debug] [Thread-2 (]: Began running node model.nyc_taxi_dbt.mart_payment_analysis
[0m21:52:53.411238 [info ] [Thread-4 (]: 5 of 6 START sql table model main_marts.mart_daily_trip_summary ................ [RUN]
[0m21:52:53.411476 [info ] [Thread-2 (]: 6 of 6 START sql table model main_marts.mart_payment_analysis .................. [RUN]
[0m21:52:53.411662 [debug] [Thread-1 (]: Began executing node model.nyc_taxi_dbt.mart_hourly_demand
[0m21:52:53.411817 [debug] [Thread-4 (]: Re-using an available connection from the pool (formerly model.nyc_taxi_dbt.int_trips_with_time_features, now model.nyc_taxi_dbt.mart_daily_trip_summary)
[0m21:52:53.411983 [debug] [Thread-2 (]: Re-using an available connection from the pool (formerly list_nyc_taxi_main_intermediate, now model.nyc_taxi_dbt.mart_payment_analysis)
[0m21:52:53.420737 [debug] [Thread-1 (]: Writing runtime sql for node "model.nyc_taxi_dbt.mart_hourly_demand"
[0m21:52:53.420989 [debug] [Thread-4 (]: Began compiling node model.nyc_taxi_dbt.mart_daily_trip_summary
[0m21:52:53.421159 [debug] [Thread-2 (]: Began compiling node model.nyc_taxi_dbt.mart_payment_analysis
[0m21:52:53.422857 [debug] [Thread-4 (]: Writing injected SQL for node "model.nyc_taxi_dbt.mart_daily_trip_summary"
[0m21:52:53.424293 [debug] [Thread-2 (]: Writing injected SQL for node "model.nyc_taxi_dbt.mart_payment_analysis"
[0m21:52:53.424680 [debug] [Thread-1 (]: Using duckdb connection "model.nyc_taxi_dbt.mart_hourly_demand"
[0m21:52:53.424842 [debug] [Thread-4 (]: Began executing node model.nyc_taxi_dbt.mart_daily_trip_summary
[0m21:52:53.424988 [debug] [Thread-2 (]: Began executing node model.nyc_taxi_dbt.mart_payment_analysis
[0m21:52:53.425133 [debug] [Thread-1 (]: On model.nyc_taxi_dbt.mart_hourly_demand: BEGIN
[0m21:52:53.426580 [debug] [Thread-4 (]: Writing runtime sql for node "model.nyc_taxi_dbt.mart_daily_trip_summary"
[0m21:52:53.427987 [debug] [Thread-2 (]: Writing runtime sql for node "model.nyc_taxi_dbt.mart_payment_analysis"
[0m21:52:53.428165 [debug] [Thread-1 (]: Opening a new connection, currently in state closed
[0m21:52:53.428618 [debug] [Thread-2 (]: Using duckdb connection "model.nyc_taxi_dbt.mart_payment_analysis"
[0m21:52:53.428803 [debug] [Thread-4 (]: Using duckdb connection "model.nyc_taxi_dbt.mart_daily_trip_summary"
[0m21:52:53.428968 [debug] [Thread-1 (]: SQL status: OK in 0.001 seconds
[0m21:52:53.429115 [debug] [Thread-2 (]: On model.nyc_taxi_dbt.mart_payment_analysis: BEGIN
[0m21:52:53.429258 [debug] [Thread-4 (]: On model.nyc_taxi_dbt.mart_daily_trip_summary: BEGIN
[0m21:52:53.429391 [debug] [Thread-1 (]: Using duckdb connection "model.nyc_taxi_dbt.mart_hourly_demand"
[0m21:52:53.429522 [debug] [Thread-2 (]: Opening a new connection, currently in state closed
[0m21:52:53.429652 [debug] [Thread-4 (]: Opening a new connection, currently in state closed
[0m21:52:53.429853 [debug] [Thread-1 (]: On model.nyc_taxi_dbt.mart_hourly_demand: /* {"app": "dbt", "dbt_version": "1.11.8", "profile_name": "nyc_taxi_dbt", "target_name": "dev", "node_id": "model.nyc_taxi_dbt.mart_hourly_demand"} */

  
    
    

    create  table
      "nyc_taxi"."main_marts"."mart_hourly_demand__dbt_tmp"
  
    as (
      -- =============================================================
--  models/marts/mart_hourly_demand.sql
--
--  WHAT THIS MODEL DOES:
--  Answers "when and where are taxis most in demand?"
--  One row per day + hour + pickup zone combination.
--  Useful for visualizing heatmaps, rush hour patterns,
--  and which neighborhoods generate the most trips.

--  Materialized as: TABLE
-- =============================================================

with trips as (

    select * from "nyc_taxi"."main_intermediate"."int_trips_with_time_features"

),

hourly_aggregated as (

    select

        -- ── Dimensions ────────────────────────────────────────
        pickup_date,
        pickup_hour,
        day_name,
        is_weekend,
        time_of_day,            -- "Morning Rush", "Evening Rush", etc.
        pickup_location_id,

        -- ── Volume metrics ────────────────────────────────────
        count(*)                                        as total_trips,

        -- ── Trip characteristics ──────────────────────────────
        round(avg(trip_distance),          2)           as avg_distance_miles,
        round(avg(trip_duration_minutes),  1)           as avg_duration_minutes,
        round(sum(trip_distance),          2)           as total_miles_traveled

    from trips
    group by
        pickup_date,
        pickup_hour,
        day_name,
        is_weekend,
        time_of_day,
        pickup_location_id

),

with_rankings as (

    select
        *,

        -- ── Rank each hour within a given day ─────────────────
        -- rank 1 = busiest hour of that day
        rank() over (
            partition by pickup_date
            order by total_trips desc
        )                                               as hour_rank_that_day,

        -- ── Rank each pickup zone for each hour ───────────────
        -- rank 1 = busiest zone during that hour
        rank() over (
            partition by pickup_date, pickup_hour
            order by total_trips desc
        )                                               as zone_rank_that_hour

    from hourly_aggregated

)

select * from with_rankings
order by pickup_date, pickup_hour, total_trips desc
    );
  
  
[0m21:52:53.430189 [debug] [Thread-2 (]: SQL status: OK in 0.001 seconds
[0m21:52:53.430449 [debug] [Thread-4 (]: SQL status: OK in 0.001 seconds
[0m21:52:53.430603 [debug] [Thread-2 (]: Using duckdb connection "model.nyc_taxi_dbt.mart_payment_analysis"
[0m21:52:53.430749 [debug] [Thread-4 (]: Using duckdb connection "model.nyc_taxi_dbt.mart_daily_trip_summary"
[0m21:52:53.430983 [debug] [Thread-2 (]: On model.nyc_taxi_dbt.mart_payment_analysis: /* {"app": "dbt", "dbt_version": "1.11.8", "profile_name": "nyc_taxi_dbt", "target_name": "dev", "node_id": "model.nyc_taxi_dbt.mart_payment_analysis"} */

  
    
    

    create  table
      "nyc_taxi"."main_marts"."mart_payment_analysis__dbt_tmp"
  
    as (
      -- =============================================================
--  models/marts/mart_payment_analysis.sql
--
--  WHAT THIS MODEL DOES:
--  Analyzes tipping behavior broken down by payment method
--  and fare size. This is an insight-rich mart that answers
--  real business questions:
--    - "Do credit card users always tip more than cash users?"
--    - "At what fare amount do tips start dropping off?"
--    - "What % of trips receive no tip at all?"
--    - "Which fare bucket is most profitable per mile?"
--
--  One row per combination of: payment method + fare bucket + tip tier
--
--  Materialized as: TABLE
-- =============================================================

with revenue as (

    select * from "nyc_taxi"."main_intermediate"."int_trip_revenue_metrics"

),

-- Aggregate by payment type, fare range, and tip behavior
payment_summary as (

    select

        -- ── Dimensions ────────────────────────────────────────
        payment_label,          -- "Credit Card", "Cash", etc.
        fare_bucket,            -- "$5–$10", "$10–$20", etc.
        tip_tier,               -- "No Tip", "Low", "Medium", "High"

        -- ── Volume ────────────────────────────────────────────
        count(*)                                            as total_trips,

        -- ── Tip metrics ───────────────────────────────────────
        round(avg(tip_percentage),  2)                      as avg_tip_pct,
        round(avg(tip_amount),      2)                      as avg_tip_dollars,
        round(min(tip_amount),      2)                      as min_tip,
        round(max(tip_amount),      2)                      as max_tip,

        -- ── Fare metrics ──────────────────────────────────────
        round(avg(fare_amount),     2)                      as avg_fare,
        round(avg(total_amount),    2)                      as avg_total_charged,

        -- ── Efficiency metrics ────────────────────────────────
        round(avg(revenue_per_mile),    2)                  as avg_revenue_per_mile,
        round(avg(revenue_per_minute),  2)                  as avg_revenue_per_minute,

        -- ── No-tip rate ───────────────────────────────────────
        -- What % of trips in this group received zero tip?
        round(
            sum(case when tip_amount = 0 then 1 else 0 end) * 100.0
            / nullif(count(*), 0),
        2)                                                  as pct_trips_no_tip

    from revenue
    group by
        payment_label,
        fare_bucket,
        tip_tier

)

select * from payment_summary
order by
    payment_label,
    fare_bucket,
    tip_tier
    );
  
  
[0m21:52:53.431315 [debug] [Thread-4 (]: On model.nyc_taxi_dbt.mart_daily_trip_summary: /* {"app": "dbt", "dbt_version": "1.11.8", "profile_name": "nyc_taxi_dbt", "target_name": "dev", "node_id": "model.nyc_taxi_dbt.mart_daily_trip_summary"} */

  
    
    

    create  table
      "nyc_taxi"."main_marts"."mart_daily_trip_summary__dbt_tmp"
  
    as (
      -- =============================================================
--  models/marts/mart_daily_trip_summary.sql
--
--  WHAT THIS MODEL DOES:
--  Aggregates millions of individual trip rows into one row
--  per day per payment type. This is the table a manager or
--  BI dashboard would query to answer questions like:
--    - "How much revenue did we make on January 15th?"
--    - "Do credit card users spend more than cash users?"
--    - "Which days of the week are busiest?"
--
--  Materialized as: TABLE (a real table in the database)
--  Downstream use: Tableau, Power BI, Metabase, Looker, etc.
-- =============================================================

with time_data as (

    select * from "nyc_taxi"."main_intermediate"."int_trips_with_time_features"

),

revenue_data as (

    select
        trip_id,
        payment_label,
        total_amount,
        tip_amount,
        fare_amount,
        revenue_per_mile
    from "nyc_taxi"."main_intermediate"."int_trip_revenue_metrics"

),

-- Join the two intermediate models together on trip_id
joined as (

    select
        t.trip_id,
        t.pickup_date,
        t.day_name,
        t.is_weekend,
        t.trip_distance,
        t.trip_duration_minutes,
        r.payment_label,
        r.total_amount,
        r.tip_amount,
        r.fare_amount,
        r.revenue_per_mile

    from time_data t
    inner join revenue_data r on t.trip_id = r.trip_id

),

-- Aggregate to one row per day per payment type
daily_summary as (

    select

        -- ── Dimensions (what we're grouping by) ───────────────
        pickup_date,
        day_name,
        is_weekend,
        payment_label,

        -- ── Trip volume ───────────────────────────────────────
        count(*)                                        as total_trips,

        -- ── Revenue metrics ───────────────────────────────────
        round(sum(total_amount),  2)                    as total_revenue,
        round(avg(total_amount),  2)                    as avg_fare_per_trip,
        round(avg(tip_amount),    2)                    as avg_tip_amount,

        -- Overall tip rate for this day/payment group
        round(
            sum(tip_amount) / nullif(sum(fare_amount), 0) * 100,
        2)                                              as tip_rate_pct,

        -- ── Trip characteristics ──────────────────────────────
        round(avg(trip_distance),          2)           as avg_distance_miles,
        round(avg(trip_duration_minutes),  1)           as avg_duration_minutes,
        round(avg(revenue_per_mile),       2)           as avg_revenue_per_mile

    from joined
    group by
        pickup_date,
        day_name,
        is_weekend,
        payment_label

)

select * from daily_summary
order by pickup_date, payment_label
    );
  
  
[0m21:52:53.657058 [debug] [Thread-2 (]: SQL status: OK in 0.225 seconds
[0m21:52:53.660398 [debug] [Thread-2 (]: Using duckdb connection "model.nyc_taxi_dbt.mart_payment_analysis"
[0m21:52:53.660725 [debug] [Thread-2 (]: On model.nyc_taxi_dbt.mart_payment_analysis: /* {"app": "dbt", "dbt_version": "1.11.8", "profile_name": "nyc_taxi_dbt", "target_name": "dev", "node_id": "model.nyc_taxi_dbt.mart_payment_analysis"} */
alter table "nyc_taxi"."main_marts"."mart_payment_analysis__dbt_tmp" rename to "mart_payment_analysis"
[0m21:52:53.661191 [debug] [Thread-2 (]: SQL status: OK in 0.000 seconds
[0m21:52:53.663676 [debug] [Thread-2 (]: On model.nyc_taxi_dbt.mart_payment_analysis: COMMIT
[0m21:52:53.663947 [debug] [Thread-2 (]: Using duckdb connection "model.nyc_taxi_dbt.mart_payment_analysis"
[0m21:52:53.664107 [debug] [Thread-2 (]: On model.nyc_taxi_dbt.mart_payment_analysis: COMMIT
[0m21:52:53.664758 [debug] [Thread-2 (]: SQL status: OK in 0.000 seconds
[0m21:52:53.666363 [debug] [Thread-2 (]: Using duckdb connection "model.nyc_taxi_dbt.mart_payment_analysis"
[0m21:52:53.666594 [debug] [Thread-2 (]: On model.nyc_taxi_dbt.mart_payment_analysis: /* {"app": "dbt", "dbt_version": "1.11.8", "profile_name": "nyc_taxi_dbt", "target_name": "dev", "node_id": "model.nyc_taxi_dbt.mart_payment_analysis"} */

      drop table if exists "nyc_taxi"."main_marts"."mart_payment_analysis__dbt_backup" cascade
    
[0m21:52:53.666916 [debug] [Thread-2 (]: SQL status: OK in 0.000 seconds
[0m21:52:53.667606 [debug] [Thread-2 (]: On model.nyc_taxi_dbt.mart_payment_analysis: Close
[0m21:52:53.667910 [debug] [Thread-2 (]: Sending event: {'category': 'dbt', 'action': 'run_model', 'label': '93952062-5b2b-477d-b831-4edfbd010218', 'context': [<snowplow_tracker.self_describing_json.SelfDescribingJson object at 0x1075cd790>]}
[0m21:52:53.668237 [info ] [Thread-2 (]: 6 of 6 OK created sql table model main_marts.mart_payment_analysis ............. [[32mOK[0m in 0.26s]
[0m21:52:53.668487 [debug] [Thread-2 (]: Finished running node model.nyc_taxi_dbt.mart_payment_analysis
[0m21:52:53.695033 [debug] [Thread-1 (]: SQL status: OK in 0.264 seconds
[0m21:52:53.701694 [debug] [Thread-1 (]: Using duckdb connection "model.nyc_taxi_dbt.mart_hourly_demand"
[0m21:52:53.702393 [debug] [Thread-1 (]: On model.nyc_taxi_dbt.mart_hourly_demand: /* {"app": "dbt", "dbt_version": "1.11.8", "profile_name": "nyc_taxi_dbt", "target_name": "dev", "node_id": "model.nyc_taxi_dbt.mart_hourly_demand"} */
alter table "nyc_taxi"."main_marts"."mart_hourly_demand__dbt_tmp" rename to "mart_hourly_demand"
[0m21:52:53.703413 [debug] [Thread-1 (]: SQL status: OK in 0.000 seconds
[0m21:52:53.713156 [debug] [Thread-1 (]: On model.nyc_taxi_dbt.mart_hourly_demand: COMMIT
[0m21:52:53.713854 [debug] [Thread-1 (]: Using duckdb connection "model.nyc_taxi_dbt.mart_hourly_demand"
[0m21:52:53.714423 [debug] [Thread-1 (]: On model.nyc_taxi_dbt.mart_hourly_demand: COMMIT
[0m21:52:53.728368 [debug] [Thread-1 (]: SQL status: OK in 0.013 seconds
[0m21:52:53.729837 [debug] [Thread-1 (]: Using duckdb connection "model.nyc_taxi_dbt.mart_hourly_demand"
[0m21:52:53.730032 [debug] [Thread-1 (]: On model.nyc_taxi_dbt.mart_hourly_demand: /* {"app": "dbt", "dbt_version": "1.11.8", "profile_name": "nyc_taxi_dbt", "target_name": "dev", "node_id": "model.nyc_taxi_dbt.mart_hourly_demand"} */

      drop table if exists "nyc_taxi"."main_marts"."mart_hourly_demand__dbt_backup" cascade
    
[0m21:52:53.730367 [debug] [Thread-1 (]: SQL status: OK in 0.000 seconds
[0m21:52:53.731029 [debug] [Thread-1 (]: On model.nyc_taxi_dbt.mart_hourly_demand: Close
[0m21:52:53.731342 [debug] [Thread-1 (]: Sending event: {'category': 'dbt', 'action': 'run_model', 'label': '93952062-5b2b-477d-b831-4edfbd010218', 'context': [<snowplow_tracker.self_describing_json.SelfDescribingJson object at 0x1074a7050>]}
[0m21:52:53.731666 [info ] [Thread-1 (]: 4 of 6 OK created sql table model main_marts.mart_hourly_demand ................ [[32mOK[0m in 0.32s]
[0m21:52:53.731911 [debug] [Thread-1 (]: Finished running node model.nyc_taxi_dbt.mart_hourly_demand
[0m21:52:54.251206 [debug] [Thread-4 (]: SQL status: OK in 0.819 seconds
[0m21:52:54.253321 [debug] [Thread-4 (]: Using duckdb connection "model.nyc_taxi_dbt.mart_daily_trip_summary"
[0m21:52:54.253495 [debug] [Thread-4 (]: On model.nyc_taxi_dbt.mart_daily_trip_summary: /* {"app": "dbt", "dbt_version": "1.11.8", "profile_name": "nyc_taxi_dbt", "target_name": "dev", "node_id": "model.nyc_taxi_dbt.mart_daily_trip_summary"} */
alter table "nyc_taxi"."main_marts"."mart_daily_trip_summary__dbt_tmp" rename to "mart_daily_trip_summary"
[0m21:52:54.253903 [debug] [Thread-4 (]: SQL status: OK in 0.000 seconds
[0m21:52:54.254497 [debug] [Thread-4 (]: On model.nyc_taxi_dbt.mart_daily_trip_summary: COMMIT
[0m21:52:54.254639 [debug] [Thread-4 (]: Using duckdb connection "model.nyc_taxi_dbt.mart_daily_trip_summary"
[0m21:52:54.254770 [debug] [Thread-4 (]: On model.nyc_taxi_dbt.mart_daily_trip_summary: COMMIT
[0m21:52:54.255472 [debug] [Thread-4 (]: SQL status: OK in 0.001 seconds
[0m21:52:54.256525 [debug] [Thread-4 (]: Using duckdb connection "model.nyc_taxi_dbt.mart_daily_trip_summary"
[0m21:52:54.256670 [debug] [Thread-4 (]: On model.nyc_taxi_dbt.mart_daily_trip_summary: /* {"app": "dbt", "dbt_version": "1.11.8", "profile_name": "nyc_taxi_dbt", "target_name": "dev", "node_id": "model.nyc_taxi_dbt.mart_daily_trip_summary"} */

      drop table if exists "nyc_taxi"."main_marts"."mart_daily_trip_summary__dbt_backup" cascade
    
[0m21:52:54.256887 [debug] [Thread-4 (]: SQL status: OK in 0.000 seconds
[0m21:52:54.257446 [debug] [Thread-4 (]: On model.nyc_taxi_dbt.mart_daily_trip_summary: Close
[0m21:52:54.257775 [debug] [Thread-4 (]: Sending event: {'category': 'dbt', 'action': 'run_model', 'label': '93952062-5b2b-477d-b831-4edfbd010218', 'context': [<snowplow_tracker.self_describing_json.SelfDescribingJson object at 0x107419bd0>]}
[0m21:52:54.258091 [info ] [Thread-4 (]: 5 of 6 OK created sql table model main_marts.mart_daily_trip_summary ........... [[32mOK[0m in 0.85s]
[0m21:52:54.258330 [debug] [Thread-4 (]: Finished running node model.nyc_taxi_dbt.mart_daily_trip_summary
[0m21:52:54.259112 [debug] [MainThread]: Using duckdb connection "master"
[0m21:52:54.259243 [debug] [MainThread]: On master: BEGIN
[0m21:52:54.259355 [debug] [MainThread]: Opening a new connection, currently in state closed
[0m21:52:54.259554 [debug] [MainThread]: SQL status: OK in 0.000 seconds
[0m21:52:54.259663 [debug] [MainThread]: On master: COMMIT
[0m21:52:54.259763 [debug] [MainThread]: Using duckdb connection "master"
[0m21:52:54.259859 [debug] [MainThread]: On master: COMMIT
[0m21:52:54.260001 [debug] [MainThread]: SQL status: OK in 0.000 seconds
[0m21:52:54.260106 [debug] [MainThread]: On master: Close
[0m21:52:54.260242 [debug] [MainThread]: Connection 'master' was properly closed.
[0m21:52:54.260342 [debug] [MainThread]: Connection 'model.nyc_taxi_dbt.mart_hourly_demand' was properly closed.
[0m21:52:54.260434 [debug] [MainThread]: Connection 'model.nyc_taxi_dbt.mart_payment_analysis' was properly closed.
[0m21:52:54.260527 [debug] [MainThread]: Connection 'model.nyc_taxi_dbt.int_trip_revenue_metrics' was properly closed.
[0m21:52:54.260616 [debug] [MainThread]: Connection 'model.nyc_taxi_dbt.mart_daily_trip_summary' was properly closed.
[0m21:52:54.260782 [info ] [MainThread]: 
[0m21:52:54.260912 [info ] [MainThread]: Finished running 3 table models, 3 view models in 0 hours 0 minutes and 1.16 seconds (1.16s).
[0m21:52:54.261399 [debug] [MainThread]: Command end result
[0m21:52:54.279180 [debug] [MainThread]: Wrote artifact WritableManifest to /Users/weimincai/BIProjects/nyc_taxi_dbt/target/manifest.json
[0m21:52:54.280235 [debug] [MainThread]: Wrote artifact SemanticManifest to /Users/weimincai/BIProjects/nyc_taxi_dbt/target/semantic_manifest.json
[0m21:52:54.283378 [debug] [MainThread]: Wrote artifact RunExecutionResult to /Users/weimincai/BIProjects/nyc_taxi_dbt/target/run_results.json
[0m21:52:54.283533 [info ] [MainThread]: 
[0m21:52:54.283755 [info ] [MainThread]: [32mCompleted successfully[0m
[0m21:52:54.283879 [info ] [MainThread]: 
[0m21:52:54.284024 [info ] [MainThread]: Done. PASS=6 WARN=0 ERROR=0 SKIP=0 NO-OP=0 TOTAL=6
[0m21:52:54.284420 [warn ] [MainThread]: [[33mWARNING[0m][DeprecationsSummary]: Deprecated functionality
Summary of encountered deprecations:
- MissingArgumentsPropertyInGenericTestDeprecation: 1 occurrence
To see all deprecation instances instead of just the first occurrence of each,
run command again with the `--show-all-deprecations` flag. You may also need to
run with `--no-partial-parse` as some deprecations are only encountered during
parsing.
[0m21:52:54.286896 [debug] [MainThread]: Resource report: {"command_name": "run", "command_success": true, "command_wall_clock_time": 2.2834156, "process_in_blocks": "0", "process_kernel_time": 0.537323, "process_mem_max_rss": "647299072", "process_out_blocks": "0", "process_user_time": 6.4195}
[0m21:52:54.287163 [debug] [MainThread]: Command `dbt run` succeeded at 21:52:54.287117 after 2.28 seconds
[0m21:52:54.287366 [debug] [MainThread]: Sending event: {'category': 'dbt', 'action': 'invocation', 'label': 'end', 'context': [<snowplow_tracker.self_describing_json.SelfDescribingJson object at 0x106657e90>, <snowplow_tracker.self_describing_json.SelfDescribingJson object at 0x106664590>, <snowplow_tracker.self_describing_json.SelfDescribingJson object at 0x101133b50>]}
[0m21:52:54.287529 [debug] [MainThread]: Flushing usage events
[0m21:52:54.504527 [debug] [MainThread]: An error was encountered while trying to flush usage events
[0m21:55:27.051647 [debug] [MainThread]: Sending event: {'category': 'dbt', 'action': 'invocation', 'label': 'start', 'context': [<snowplow_tracker.self_describing_json.SelfDescribingJson object at 0x112086410>, <snowplow_tracker.self_describing_json.SelfDescribingJson object at 0x112077e50>, <snowplow_tracker.self_describing_json.SelfDescribingJson object at 0x11214ff10>]}


============================== 21:55:27.054369 | 2df87ac7-8334-42c9-b12b-149d6927624b ==============================
[0m21:55:27.054369 [info ] [MainThread]: Running with dbt=1.11.8
[0m21:55:27.054674 [debug] [MainThread]: running dbt with arguments {'log_cache_events': 'False', 'use_experimental_parser': 'False', 'warn_error': 'None', 'static_parser': 'True', 'cache_selected_only': 'False', 'empty': 'False', 'profiles_dir': '/Users/weimincai/.dbt', 'no_print': 'None', 'debug': 'False', 'warn_error_options': 'WarnErrorOptionsV2(error=[], warn=[], silence=[])', 'indirect_selection': 'eager', 'introspect': 'True', 'log_format': 'default', 'send_anonymous_usage_stats': 'True', 'invocation_command': 'dbt run', 'printer_width': '80', 'partial_parse': 'True', 'quiet': 'False', 'version_check': 'True', 'log_path': '/Users/weimincai/BIProjects/nyc_taxi_dbt/logs', 'use_colors': 'True', 'fail_fast': 'False', 'target_path': 'None', 'write_json': 'True'}
[0m21:55:27.290569 [debug] [MainThread]: Sending event: {'category': 'dbt', 'action': 'project_id', 'label': '2df87ac7-8334-42c9-b12b-149d6927624b', 'context': [<snowplow_tracker.self_describing_json.SelfDescribingJson object at 0x112141c50>]}
[0m21:55:27.323615 [debug] [MainThread]: Sending event: {'category': 'dbt', 'action': 'adapter_info', 'label': '2df87ac7-8334-42c9-b12b-149d6927624b', 'context': [<snowplow_tracker.self_describing_json.SelfDescribingJson object at 0x105cd61d0>]}
[0m21:55:27.325841 [info ] [MainThread]: Registered adapter: duckdb=1.10.1
[0m21:55:27.451894 [debug] [MainThread]: checksum: 7d524ac048c2100769df89d592e662e060a73ca564e31bd9c2a37efdfe8d8ab6, vars: {}, profile: , target: , version: 1.11.8
[0m21:55:27.590872 [debug] [MainThread]: Partial parsing enabled: 0 files deleted, 0 files added, 1 files changed.
[0m21:55:27.591346 [debug] [MainThread]: Partial parsing: updated file: nyc_taxi_dbt://models/staging/stg_yellow_taxi_trips.yml
[0m21:55:27.749709 [warn ] [MainThread]: [[33mWARNING[0m][MissingArgumentsPropertyInGenericTestDeprecation]: Deprecated
functionality
Found top-level arguments to test `accepted_values` defined on
'stg_yellow_taxi_trips' in package 'nyc_taxi_dbt'
(models/staging/stg_yellow_taxi_trips.yml). Arguments to generic tests should be
nested under the `arguments` property.
[0m21:55:27.750039 [debug] [MainThread]: Sending event: {'category': 'dbt', 'action': 'deprecation', 'label': '2df87ac7-8334-42c9-b12b-149d6927624b', 'property_': 'warn', 'context': [<snowplow_tracker.self_describing_json.SelfDescribingJson object at 0x112141110>]}
[0m21:55:27.791477 [debug] [MainThread]: Sending event: {'category': 'dbt', 'action': 'load_project', 'label': '2df87ac7-8334-42c9-b12b-149d6927624b', 'context': [<snowplow_tracker.self_describing_json.SelfDescribingJson object at 0x112bfb850>]}
[0m21:55:27.836273 [debug] [MainThread]: Wrote artifact WritableManifest to /Users/weimincai/BIProjects/nyc_taxi_dbt/target/manifest.json
[0m21:55:27.837564 [debug] [MainThread]: Wrote artifact SemanticManifest to /Users/weimincai/BIProjects/nyc_taxi_dbt/target/semantic_manifest.json
[0m21:55:27.844641 [debug] [MainThread]: Sending event: {'category': 'dbt', 'action': 'resource_counts', 'label': '2df87ac7-8334-42c9-b12b-149d6927624b', 'context': [<snowplow_tracker.self_describing_json.SelfDescribingJson object at 0x1122f5850>]}
[0m21:55:27.844918 [info ] [MainThread]: Found 6 models, 10 data tests, 1 source, 591 macros
[0m21:55:27.845081 [debug] [MainThread]: Sending event: {'category': 'dbt', 'action': 'runnable_timing', 'label': '2df87ac7-8334-42c9-b12b-149d6927624b', 'context': [<snowplow_tracker.self_describing_json.SelfDescribingJson object at 0x1123cdad0>]}
[0m21:55:27.846025 [info ] [MainThread]: 
[0m21:55:27.846186 [info ] [MainThread]: Concurrency: 4 threads (target='dev')
[0m21:55:27.846307 [info ] [MainThread]: 
[0m21:55:27.846519 [debug] [MainThread]: Acquiring new duckdb connection 'master'
[0m21:55:27.848690 [debug] [ThreadPool]: Acquiring new duckdb connection 'list_nyc_taxi'
[0m21:55:27.848923 [debug] [ThreadPool]: Acquiring new duckdb connection 'list_nyc_taxi'
[0m21:55:27.853929 [debug] [ThreadPool]: Acquiring new duckdb connection 'list_nyc_taxi'
[0m21:55:27.882203 [debug] [ThreadPool]: Using duckdb connection "list_nyc_taxi"
[0m21:55:27.882407 [debug] [ThreadPool]: Using duckdb connection "list_nyc_taxi"
[0m21:55:27.882556 [debug] [ThreadPool]: Using duckdb connection "list_nyc_taxi"
[0m21:55:27.882717 [debug] [ThreadPool]: On list_nyc_taxi: /* {"app": "dbt", "dbt_version": "1.11.8", "profile_name": "nyc_taxi_dbt", "target_name": "dev", "connection_name": "list_nyc_taxi"} */

    
    select schema_name
    from system.information_schema.schemata
    
    where lower(catalog_name) = '"nyc_taxi"'
    
  
  
[0m21:55:27.882865 [debug] [ThreadPool]: On list_nyc_taxi: /* {"app": "dbt", "dbt_version": "1.11.8", "profile_name": "nyc_taxi_dbt", "target_name": "dev", "connection_name": "list_nyc_taxi"} */

    
    select schema_name
    from system.information_schema.schemata
    
    where lower(catalog_name) = '"nyc_taxi"'
    
  
  
[0m21:55:27.882998 [debug] [ThreadPool]: On list_nyc_taxi: /* {"app": "dbt", "dbt_version": "1.11.8", "profile_name": "nyc_taxi_dbt", "target_name": "dev", "connection_name": "list_nyc_taxi"} */

    
    select schema_name
    from system.information_schema.schemata
    
    where lower(catalog_name) = '"nyc_taxi"'
    
  
  
[0m21:55:27.883129 [debug] [ThreadPool]: Opening a new connection, currently in state init
[0m21:55:27.883245 [debug] [ThreadPool]: Opening a new connection, currently in state init
[0m21:55:27.883354 [debug] [ThreadPool]: Opening a new connection, currently in state init
[0m21:55:27.900262 [debug] [ThreadPool]: SQL status: OK in 0.017 seconds
[0m21:55:27.900508 [debug] [ThreadPool]: SQL status: OK in 0.017 seconds
[0m21:55:27.900668 [debug] [ThreadPool]: SQL status: OK in 0.017 seconds
[0m21:55:27.901323 [debug] [ThreadPool]: On list_nyc_taxi: Close
[0m21:55:27.901854 [debug] [ThreadPool]: On list_nyc_taxi: Close
[0m21:55:27.902284 [debug] [ThreadPool]: On list_nyc_taxi: Close
[0m21:55:27.902732 [debug] [ThreadPool]: Re-using an available connection from the pool (formerly list_nyc_taxi, now create_nyc_taxi_main_intermediate)
[0m21:55:27.902879 [debug] [ThreadPool]: Re-using an available connection from the pool (formerly list_nyc_taxi, now create_nyc_taxi_main_staging)
[0m21:55:27.903024 [debug] [ThreadPool]: Re-using an available connection from the pool (formerly list_nyc_taxi, now create_nyc_taxi_main_marts)
[0m21:55:27.903208 [debug] [ThreadPool]: Creating schema "database: "nyc_taxi"
schema: "main_intermediate"
"
[0m21:55:27.903373 [debug] [ThreadPool]: Creating schema "database: "nyc_taxi"
schema: "main_staging"
"
[0m21:55:27.903528 [debug] [ThreadPool]: Creating schema "database: "nyc_taxi"
schema: "main_marts"
"
[0m21:55:27.906492 [debug] [ThreadPool]: Using duckdb connection "create_nyc_taxi_main_intermediate"
[0m21:55:27.907469 [debug] [ThreadPool]: Using duckdb connection "create_nyc_taxi_main_staging"
[0m21:55:27.908332 [debug] [ThreadPool]: Using duckdb connection "create_nyc_taxi_main_marts"
[0m21:55:27.908467 [debug] [ThreadPool]: On create_nyc_taxi_main_intermediate: /* {"app": "dbt", "dbt_version": "1.11.8", "profile_name": "nyc_taxi_dbt", "target_name": "dev", "connection_name": "create_nyc_taxi_main_intermediate"} */

    
        select type from duckdb_databases()
        where lower(database_name)='nyc_taxi'
        and type='sqlite'
    
  
[0m21:55:27.908611 [debug] [ThreadPool]: On create_nyc_taxi_main_staging: /* {"app": "dbt", "dbt_version": "1.11.8", "profile_name": "nyc_taxi_dbt", "target_name": "dev", "connection_name": "create_nyc_taxi_main_staging"} */

    
        select type from duckdb_databases()
        where lower(database_name)='nyc_taxi'
        and type='sqlite'
    
  
[0m21:55:27.908749 [debug] [ThreadPool]: On create_nyc_taxi_main_marts: /* {"app": "dbt", "dbt_version": "1.11.8", "profile_name": "nyc_taxi_dbt", "target_name": "dev", "connection_name": "create_nyc_taxi_main_marts"} */

    
        select type from duckdb_databases()
        where lower(database_name)='nyc_taxi'
        and type='sqlite'
    
  
[0m21:55:27.908870 [debug] [ThreadPool]: Opening a new connection, currently in state closed
[0m21:55:27.908980 [debug] [ThreadPool]: Opening a new connection, currently in state closed
[0m21:55:27.909088 [debug] [ThreadPool]: Opening a new connection, currently in state closed
[0m21:55:27.909722 [debug] [ThreadPool]: SQL status: OK in 0.001 seconds
[0m21:55:27.909856 [debug] [ThreadPool]: SQL status: OK in 0.001 seconds
[0m21:55:27.909976 [debug] [ThreadPool]: SQL status: OK in 0.001 seconds
[0m21:55:27.910717 [debug] [ThreadPool]: Using duckdb connection "create_nyc_taxi_main_marts"
[0m21:55:27.910840 [debug] [ThreadPool]: On create_nyc_taxi_main_marts: BEGIN
[0m21:55:27.911287 [debug] [ThreadPool]: Using duckdb connection "create_nyc_taxi_main_intermediate"
[0m21:55:27.911809 [debug] [ThreadPool]: Using duckdb connection "create_nyc_taxi_main_staging"
[0m21:55:27.911952 [debug] [ThreadPool]: On create_nyc_taxi_main_intermediate: BEGIN
[0m21:55:27.912081 [debug] [ThreadPool]: SQL status: OK in 0.001 seconds
[0m21:55:27.912198 [debug] [ThreadPool]: On create_nyc_taxi_main_staging: BEGIN
[0m21:55:27.912365 [debug] [ThreadPool]: Using duckdb connection "create_nyc_taxi_main_marts"
[0m21:55:27.912500 [debug] [ThreadPool]: SQL status: OK in 0.000 seconds
[0m21:55:27.912664 [debug] [ThreadPool]: On create_nyc_taxi_main_marts: /* {"app": "dbt", "dbt_version": "1.11.8", "profile_name": "nyc_taxi_dbt", "target_name": "dev", "connection_name": "create_nyc_taxi_main_marts"} */

    
    
        create schema if not exists "nyc_taxi"."main_marts"
    
[0m21:55:27.912802 [debug] [ThreadPool]: SQL status: OK in 0.000 seconds
[0m21:55:27.912910 [debug] [ThreadPool]: Using duckdb connection "create_nyc_taxi_main_intermediate"
[0m21:55:27.913070 [debug] [ThreadPool]: Using duckdb connection "create_nyc_taxi_main_staging"
[0m21:55:27.913184 [debug] [ThreadPool]: SQL status: OK in 0.000 seconds
[0m21:55:27.913294 [debug] [ThreadPool]: On create_nyc_taxi_main_intermediate: /* {"app": "dbt", "dbt_version": "1.11.8", "profile_name": "nyc_taxi_dbt", "target_name": "dev", "connection_name": "create_nyc_taxi_main_intermediate"} */

    
    
        create schema if not exists "nyc_taxi"."main_intermediate"
    
[0m21:55:27.913422 [debug] [ThreadPool]: On create_nyc_taxi_main_staging: /* {"app": "dbt", "dbt_version": "1.11.8", "profile_name": "nyc_taxi_dbt", "target_name": "dev", "connection_name": "create_nyc_taxi_main_staging"} */

    
    
        create schema if not exists "nyc_taxi"."main_staging"
    
[0m21:55:27.913803 [debug] [ThreadPool]: On create_nyc_taxi_main_marts: COMMIT
[0m21:55:27.914037 [debug] [ThreadPool]: SQL status: OK in 0.000 seconds
[0m21:55:27.914159 [debug] [ThreadPool]: SQL status: OK in 0.000 seconds
[0m21:55:27.914276 [debug] [ThreadPool]: Using duckdb connection "create_nyc_taxi_main_marts"
[0m21:55:27.914614 [debug] [ThreadPool]: On create_nyc_taxi_main_intermediate: COMMIT
[0m21:55:27.914946 [debug] [ThreadPool]: On create_nyc_taxi_main_staging: COMMIT
[0m21:55:27.915073 [debug] [ThreadPool]: On create_nyc_taxi_main_marts: COMMIT
[0m21:55:27.915195 [debug] [ThreadPool]: Using duckdb connection "create_nyc_taxi_main_intermediate"
[0m21:55:27.915361 [debug] [ThreadPool]: Using duckdb connection "create_nyc_taxi_main_staging"
[0m21:55:27.915593 [debug] [ThreadPool]: On create_nyc_taxi_main_intermediate: COMMIT
[0m21:55:27.915732 [debug] [ThreadPool]: SQL status: OK in 0.000 seconds
[0m21:55:27.915846 [debug] [ThreadPool]: On create_nyc_taxi_main_staging: COMMIT
[0m21:55:27.916038 [debug] [ThreadPool]: On create_nyc_taxi_main_marts: Close
[0m21:55:27.916240 [debug] [ThreadPool]: SQL status: OK in 0.000 seconds
[0m21:55:27.916595 [debug] [ThreadPool]: SQL status: OK in 0.000 seconds
[0m21:55:27.916725 [debug] [ThreadPool]: On create_nyc_taxi_main_intermediate: Close
[0m21:55:27.916853 [debug] [ThreadPool]: On create_nyc_taxi_main_staging: Close
[0m21:55:27.917657 [debug] [ThreadPool]: Re-using an available connection from the pool (formerly create_nyc_taxi_main_staging, now list_nyc_taxi_main_intermediate)
[0m21:55:27.920587 [debug] [ThreadPool]: Using duckdb connection "list_nyc_taxi_main_intermediate"
[0m21:55:27.920765 [debug] [ThreadPool]: On list_nyc_taxi_main_intermediate: BEGIN
[0m21:55:27.921019 [debug] [ThreadPool]: Re-using an available connection from the pool (formerly create_nyc_taxi_main_intermediate, now list_nyc_taxi_main_staging)
[0m21:55:27.921200 [debug] [ThreadPool]: Opening a new connection, currently in state closed
[0m21:55:27.921369 [debug] [ThreadPool]: Re-using an available connection from the pool (formerly create_nyc_taxi_main_marts, now list_nyc_taxi_main_marts)
[0m21:55:27.922486 [debug] [ThreadPool]: Using duckdb connection "list_nyc_taxi_main_staging"
[0m21:55:27.923678 [debug] [ThreadPool]: Using duckdb connection "list_nyc_taxi_main_marts"
[0m21:55:27.923827 [debug] [ThreadPool]: On list_nyc_taxi_main_staging: BEGIN
[0m21:55:27.923955 [debug] [ThreadPool]: SQL status: OK in 0.003 seconds
[0m21:55:27.924080 [debug] [ThreadPool]: On list_nyc_taxi_main_marts: BEGIN
[0m21:55:27.924209 [debug] [ThreadPool]: Opening a new connection, currently in state closed
[0m21:55:27.924332 [debug] [ThreadPool]: Using duckdb connection "list_nyc_taxi_main_intermediate"
[0m21:55:27.924446 [debug] [ThreadPool]: Opening a new connection, currently in state closed
[0m21:55:27.924641 [debug] [ThreadPool]: On list_nyc_taxi_main_intermediate: /* {"app": "dbt", "dbt_version": "1.11.8", "profile_name": "nyc_taxi_dbt", "target_name": "dev", "connection_name": "list_nyc_taxi_main_intermediate"} */
select
      'nyc_taxi' as database,
      table_name as name,
      table_schema as schema,
      CASE table_type
        WHEN 'BASE TABLE' THEN 'table'
        WHEN 'VIEW' THEN 'view'
        WHEN 'LOCAL TEMPORARY' THEN 'table'
        END as type
    from system.information_schema.tables
    where lower(table_schema) = 'main_intermediate'
    and lower(table_catalog) = 'nyc_taxi'
  
[0m21:55:27.924773 [debug] [ThreadPool]: SQL status: OK in 0.001 seconds
[0m21:55:27.925019 [debug] [ThreadPool]: SQL status: OK in 0.001 seconds
[0m21:55:27.925139 [debug] [ThreadPool]: Using duckdb connection "list_nyc_taxi_main_staging"
[0m21:55:27.925277 [debug] [ThreadPool]: Using duckdb connection "list_nyc_taxi_main_marts"
[0m21:55:27.925413 [debug] [ThreadPool]: On list_nyc_taxi_main_staging: /* {"app": "dbt", "dbt_version": "1.11.8", "profile_name": "nyc_taxi_dbt", "target_name": "dev", "connection_name": "list_nyc_taxi_main_staging"} */
select
      'nyc_taxi' as database,
      table_name as name,
      table_schema as schema,
      CASE table_type
        WHEN 'BASE TABLE' THEN 'table'
        WHEN 'VIEW' THEN 'view'
        WHEN 'LOCAL TEMPORARY' THEN 'table'
        END as type
    from system.information_schema.tables
    where lower(table_schema) = 'main_staging'
    and lower(table_catalog) = 'nyc_taxi'
  
[0m21:55:27.925565 [debug] [ThreadPool]: On list_nyc_taxi_main_marts: /* {"app": "dbt", "dbt_version": "1.11.8", "profile_name": "nyc_taxi_dbt", "target_name": "dev", "connection_name": "list_nyc_taxi_main_marts"} */
select
      'nyc_taxi' as database,
      table_name as name,
      table_schema as schema,
      CASE table_type
        WHEN 'BASE TABLE' THEN 'table'
        WHEN 'VIEW' THEN 'view'
        WHEN 'LOCAL TEMPORARY' THEN 'table'
        END as type
    from system.information_schema.tables
    where lower(table_schema) = 'main_marts'
    and lower(table_catalog) = 'nyc_taxi'
  
[0m21:55:27.928661 [debug] [ThreadPool]: SQL status: OK in 0.003 seconds
[0m21:55:27.928835 [debug] [ThreadPool]: SQL status: OK in 0.004 seconds
[0m21:55:27.928965 [debug] [ThreadPool]: SQL status: OK in 0.003 seconds
[0m21:55:27.929634 [debug] [ThreadPool]: On list_nyc_taxi_main_staging: ROLLBACK
[0m21:55:27.930179 [debug] [ThreadPool]: On list_nyc_taxi_main_intermediate: ROLLBACK
[0m21:55:27.930650 [debug] [ThreadPool]: On list_nyc_taxi_main_marts: ROLLBACK
[0m21:55:27.931434 [debug] [ThreadPool]: Failed to rollback 'list_nyc_taxi_main_staging'
[0m21:55:27.931621 [debug] [ThreadPool]: Failed to rollback 'list_nyc_taxi_main_marts'
[0m21:55:27.931781 [debug] [ThreadPool]: Failed to rollback 'list_nyc_taxi_main_intermediate'
[0m21:55:27.931916 [debug] [ThreadPool]: On list_nyc_taxi_main_staging: Close
[0m21:55:27.932046 [debug] [ThreadPool]: On list_nyc_taxi_main_marts: Close
[0m21:55:27.932177 [debug] [ThreadPool]: On list_nyc_taxi_main_intermediate: Close
[0m21:55:27.933209 [debug] [MainThread]: Sending event: {'category': 'dbt', 'action': 'runnable_timing', 'label': '2df87ac7-8334-42c9-b12b-149d6927624b', 'context': [<snowplow_tracker.self_describing_json.SelfDescribingJson object at 0x1123fc710>]}
[0m21:55:27.933460 [debug] [MainThread]: Using duckdb connection "master"
[0m21:55:27.933589 [debug] [MainThread]: On master: BEGIN
[0m21:55:27.933704 [debug] [MainThread]: Opening a new connection, currently in state init
[0m21:55:27.933987 [debug] [MainThread]: SQL status: OK in 0.000 seconds
[0m21:55:27.934108 [debug] [MainThread]: On master: COMMIT
[0m21:55:27.934219 [debug] [MainThread]: Using duckdb connection "master"
[0m21:55:27.934328 [debug] [MainThread]: On master: COMMIT
[0m21:55:27.934481 [debug] [MainThread]: SQL status: OK in 0.000 seconds
[0m21:55:27.934598 [debug] [MainThread]: On master: Close
[0m21:55:27.936059 [debug] [Thread-1 (]: Began running node model.nyc_taxi_dbt.stg_yellow_taxi_trips
[0m21:55:27.936308 [info ] [Thread-1 (]: 1 of 6 START sql view model main_staging.stg_yellow_taxi_trips ................. [RUN]
[0m21:55:27.936504 [debug] [Thread-1 (]: Re-using an available connection from the pool (formerly list_nyc_taxi_main_intermediate, now model.nyc_taxi_dbt.stg_yellow_taxi_trips)
[0m21:55:27.936658 [debug] [Thread-1 (]: Began compiling node model.nyc_taxi_dbt.stg_yellow_taxi_trips
[0m21:55:27.941171 [debug] [Thread-1 (]: Writing injected SQL for node "model.nyc_taxi_dbt.stg_yellow_taxi_trips"
[0m21:55:27.941521 [debug] [Thread-1 (]: Began executing node model.nyc_taxi_dbt.stg_yellow_taxi_trips
[0m21:55:27.956481 [debug] [Thread-1 (]: Writing runtime sql for node "model.nyc_taxi_dbt.stg_yellow_taxi_trips"
[0m21:55:27.957147 [debug] [Thread-1 (]: Using duckdb connection "model.nyc_taxi_dbt.stg_yellow_taxi_trips"
[0m21:55:27.957308 [debug] [Thread-1 (]: On model.nyc_taxi_dbt.stg_yellow_taxi_trips: BEGIN
[0m21:55:27.957440 [debug] [Thread-1 (]: Opening a new connection, currently in state closed
[0m21:55:27.957742 [debug] [Thread-1 (]: SQL status: OK in 0.000 seconds
[0m21:55:27.957877 [debug] [Thread-1 (]: Using duckdb connection "model.nyc_taxi_dbt.stg_yellow_taxi_trips"
[0m21:55:27.958098 [debug] [Thread-1 (]: On model.nyc_taxi_dbt.stg_yellow_taxi_trips: /* {"app": "dbt", "dbt_version": "1.11.8", "profile_name": "nyc_taxi_dbt", "target_name": "dev", "node_id": "model.nyc_taxi_dbt.stg_yellow_taxi_trips"} */

  
  create view "nyc_taxi"."main_staging"."stg_yellow_taxi_trips__dbt_tmp" as (
    -- =============================================================
--  models/staging/stg_yellow_taxi_trips.sql
--
--  WHAT THIS MODEL DOES:
--  This is the "cleaning station." It reads from the raw source
--  table and does three things:
--    1. Renames ugly column names to readable ones
--    2. Filters out bad/corrupt rows (impossible values)
--    3. Creates a unique ID (trip_id) for each row
--
--  Every model downstream reads from THIS model — never from raw.
--  Materialized as: VIEW (no storage used, always up to date). A reusable named SELECT statement not stored data.
-- =============================================================

with source as (

    -- source() is dbt syntax
    -- registered in sources.yml and tracks lineage automatically
    select * from "nyc_taxi"."raw"."yellow_taxi_trips"

),

cleaned as (

    select

        -- ── Unique trip identifier ────────────────────────────
        -- generate_surrogate_key() hashes these columns together
        -- to create a unique ID for every row
        md5(cast(coalesce(cast(VendorID as TEXT), '_dbt_utils_surrogate_key_null_') || '-' || coalesce(cast(tpep_pickup_datetime as TEXT), '_dbt_utils_surrogate_key_null_') || '-' || coalesce(cast(tpep_dropoff_datetime as TEXT), '_dbt_utils_surrogate_key_null_') || '-' || coalesce(cast(PULocationID as TEXT), '_dbt_utils_surrogate_key_null_') || '-' || coalesce(cast(DOLocationID as TEXT), '_dbt_utils_surrogate_key_null_') as TEXT)) as trip_id,

        -- ── Vendor ────────────────────────────────────────────
        VendorID                            as vendor_id,

        -- ── Timestamps ────────────────────────────────────────
        tpep_pickup_datetime                as pickup_at,
        tpep_dropoff_datetime               as dropoff_at,

        -- ── Trip details ──────────────────────────────────────
        passenger_count,
        trip_distance,
        RatecodeID                          as rate_code_id,
        PULocationID                        as pickup_location_id,
        DOLocationID                        as dropoff_location_id,

        -- ── Payment ───────────────────────────────────────────
        payment_type,
        fare_amount,
        extra,
        mta_tax,
        tip_amount,
        tolls_amount,
        improvement_surcharge,
        total_amount,
        congestion_surcharge,

        -- ── Derived column: trip duration in minutes ──────────
        -- date_diff is a DuckDB function
        date_diff('minute', tpep_pickup_datetime, tpep_dropoff_datetime)
            as trip_duration_minutes

    from source

    where
        -- Remove rows where the trip clearly didn't happen
        trip_distance  > 0
        and fare_amount   > 0
        and total_amount  > 0

        -- Remove rows where dropoff is before pickup (data error)
        and tpep_pickup_datetime < tpep_dropoff_datetime

        -- Keep only data from the month we loaded
        and tpep_pickup_datetime >= '2024-01-01'
        and tpep_pickup_datetime <  '2024-02-01'

)

select * from cleaned
  );

[0m21:55:27.958835 [debug] [Thread-1 (]: SQL status: OK in 0.001 seconds
[0m21:55:27.961630 [debug] [Thread-1 (]: Using duckdb connection "model.nyc_taxi_dbt.stg_yellow_taxi_trips"
[0m21:55:27.961800 [debug] [Thread-1 (]: On model.nyc_taxi_dbt.stg_yellow_taxi_trips: /* {"app": "dbt", "dbt_version": "1.11.8", "profile_name": "nyc_taxi_dbt", "target_name": "dev", "node_id": "model.nyc_taxi_dbt.stg_yellow_taxi_trips"} */
alter view "nyc_taxi"."main_staging"."stg_yellow_taxi_trips" rename to "stg_yellow_taxi_trips__dbt_backup"
[0m21:55:27.962561 [debug] [Thread-1 (]: SQL status: OK in 0.001 seconds
[0m21:55:27.963873 [debug] [Thread-1 (]: Using duckdb connection "model.nyc_taxi_dbt.stg_yellow_taxi_trips"
[0m21:55:27.964018 [debug] [Thread-1 (]: On model.nyc_taxi_dbt.stg_yellow_taxi_trips: /* {"app": "dbt", "dbt_version": "1.11.8", "profile_name": "nyc_taxi_dbt", "target_name": "dev", "node_id": "model.nyc_taxi_dbt.stg_yellow_taxi_trips"} */
alter view "nyc_taxi"."main_staging"."stg_yellow_taxi_trips__dbt_tmp" rename to "stg_yellow_taxi_trips"
[0m21:55:27.964243 [debug] [Thread-1 (]: SQL status: OK in 0.000 seconds
[0m21:55:27.969905 [debug] [Thread-1 (]: On model.nyc_taxi_dbt.stg_yellow_taxi_trips: COMMIT
[0m21:55:27.970099 [debug] [Thread-1 (]: Using duckdb connection "model.nyc_taxi_dbt.stg_yellow_taxi_trips"
[0m21:55:27.970287 [debug] [Thread-1 (]: On model.nyc_taxi_dbt.stg_yellow_taxi_trips: COMMIT
[0m21:55:27.971013 [debug] [Thread-1 (]: SQL status: OK in 0.001 seconds
[0m21:55:27.974141 [debug] [Thread-1 (]: Using duckdb connection "model.nyc_taxi_dbt.stg_yellow_taxi_trips"
[0m21:55:27.974378 [debug] [Thread-1 (]: On model.nyc_taxi_dbt.stg_yellow_taxi_trips: /* {"app": "dbt", "dbt_version": "1.11.8", "profile_name": "nyc_taxi_dbt", "target_name": "dev", "node_id": "model.nyc_taxi_dbt.stg_yellow_taxi_trips"} */

      drop view if exists "nyc_taxi"."main_staging"."stg_yellow_taxi_trips__dbt_backup" cascade
    
[0m21:55:27.974867 [debug] [Thread-1 (]: SQL status: OK in 0.000 seconds
[0m21:55:27.976045 [debug] [Thread-1 (]: On model.nyc_taxi_dbt.stg_yellow_taxi_trips: Close
[0m21:55:27.977023 [debug] [Thread-1 (]: Sending event: {'category': 'dbt', 'action': 'run_model', 'label': '2df87ac7-8334-42c9-b12b-149d6927624b', 'context': [<snowplow_tracker.self_describing_json.SelfDescribingJson object at 0x11310d590>]}
[0m21:55:27.978035 [info ] [Thread-1 (]: 1 of 6 OK created sql view model main_staging.stg_yellow_taxi_trips ............ [[32mOK[0m in 0.04s]
[0m21:55:27.978709 [debug] [Thread-1 (]: Finished running node model.nyc_taxi_dbt.stg_yellow_taxi_trips
[0m21:55:27.979267 [debug] [Thread-3 (]: Began running node model.nyc_taxi_dbt.int_trip_revenue_metrics
[0m21:55:27.979468 [debug] [Thread-4 (]: Began running node model.nyc_taxi_dbt.int_trips_with_time_features
[0m21:55:27.979747 [info ] [Thread-3 (]: 2 of 6 START sql view model main_intermediate.int_trip_revenue_metrics ......... [RUN]
[0m21:55:27.980210 [debug] [Thread-3 (]: Re-using an available connection from the pool (formerly list_nyc_taxi_main_marts, now model.nyc_taxi_dbt.int_trip_revenue_metrics)
[0m21:55:27.979984 [info ] [Thread-4 (]: 3 of 6 START sql view model main_intermediate.int_trips_with_time_features ..... [RUN]
[0m21:55:27.980410 [debug] [Thread-3 (]: Began compiling node model.nyc_taxi_dbt.int_trip_revenue_metrics
[0m21:55:27.980778 [debug] [Thread-4 (]: Acquiring new duckdb connection 'model.nyc_taxi_dbt.int_trips_with_time_features'
[0m21:55:27.983056 [debug] [Thread-4 (]: Began compiling node model.nyc_taxi_dbt.int_trips_with_time_features
[0m21:55:27.982703 [debug] [Thread-3 (]: Writing injected SQL for node "model.nyc_taxi_dbt.int_trip_revenue_metrics"
[0m21:55:27.984813 [debug] [Thread-4 (]: Writing injected SQL for node "model.nyc_taxi_dbt.int_trips_with_time_features"
[0m21:55:27.985267 [debug] [Thread-4 (]: Began executing node model.nyc_taxi_dbt.int_trips_with_time_features
[0m21:55:27.985434 [debug] [Thread-3 (]: Began executing node model.nyc_taxi_dbt.int_trip_revenue_metrics
[0m21:55:27.987069 [debug] [Thread-4 (]: Writing runtime sql for node "model.nyc_taxi_dbt.int_trips_with_time_features"
[0m21:55:27.988568 [debug] [Thread-3 (]: Writing runtime sql for node "model.nyc_taxi_dbt.int_trip_revenue_metrics"
[0m21:55:27.988961 [debug] [Thread-4 (]: Using duckdb connection "model.nyc_taxi_dbt.int_trips_with_time_features"
[0m21:55:27.989127 [debug] [Thread-3 (]: Using duckdb connection "model.nyc_taxi_dbt.int_trip_revenue_metrics"
[0m21:55:27.989289 [debug] [Thread-4 (]: On model.nyc_taxi_dbt.int_trips_with_time_features: BEGIN
[0m21:55:27.989429 [debug] [Thread-3 (]: On model.nyc_taxi_dbt.int_trip_revenue_metrics: BEGIN
[0m21:55:27.989569 [debug] [Thread-4 (]: Opening a new connection, currently in state init
[0m21:55:27.989702 [debug] [Thread-3 (]: Opening a new connection, currently in state closed
[0m21:55:27.990049 [debug] [Thread-3 (]: SQL status: OK in 0.000 seconds
[0m21:55:27.990181 [debug] [Thread-4 (]: SQL status: OK in 0.001 seconds
[0m21:55:27.990322 [debug] [Thread-3 (]: Using duckdb connection "model.nyc_taxi_dbt.int_trip_revenue_metrics"
[0m21:55:27.990455 [debug] [Thread-4 (]: Using duckdb connection "model.nyc_taxi_dbt.int_trips_with_time_features"
[0m21:55:27.990685 [debug] [Thread-3 (]: On model.nyc_taxi_dbt.int_trip_revenue_metrics: /* {"app": "dbt", "dbt_version": "1.11.8", "profile_name": "nyc_taxi_dbt", "target_name": "dev", "node_id": "model.nyc_taxi_dbt.int_trip_revenue_metrics"} */

  
  create view "nyc_taxi"."main_intermediate"."int_trip_revenue_metrics__dbt_tmp" as (
    -- =============================================================
--  models/intermediate/int_trip_revenue_metrics.sql
--
--  WHAT THIS MODEL DOES:
--  Calculates money and fare-related metrics for every trip.
--  Multiple mart models need these calculations — writing them
--  here once prevents copy-pasting the same CASE statements
--  across multiple files.
--
--  New columns added:
--    tip_percentage    → tip as a % of the base fare
--    revenue_per_mile  → total amount ÷ trip distance
--    revenue_per_min   → total amount ÷ trip duration
--    payment_label     → "Credit Card" instead of the number 1
--    tip_tier          → "No Tip", "Low", "Medium", "High"
--    fare_bucket       → fare grouped into $5 ranges
--
-- =============================================================

with trips as (
    -- ref() references upstream models
    -- dbt automatically figures out the order to build models
    select * from "nyc_taxi"."main_staging"."stg_yellow_taxi_trips"

),

revenue_metrics as (

    select

        -- ── All columns from staging ──────────────────────────
        *,

        -- ── Tip percentage ────────────────────────────────────
        -- How much did the passenger tip relative to the base fare?
        case
            when fare_amount > 0
            then round((tip_amount / fare_amount) * 100, 2)
            else 0
        end                                     as tip_percentage,

        -- ── Revenue per mile ──────────────────────────────────
        -- Useful for comparing efficiency of short vs long trips
        case
            when trip_distance > 0
            then round(total_amount / trip_distance, 2)
            else null
        end                                     as revenue_per_mile,

        -- ── Revenue per minute ────────────────────────────────
        case
            when trip_duration_minutes > 0
            then round(total_amount / trip_duration_minutes, 2)
            else null
        end                                     as revenue_per_minute,

        -- ── Payment label ─────────────────────────────────────
        -- Turns the integer code into a readable string
        case payment_type
            when 1 then 'Credit Card'
            when 2 then 'Cash'
            when 3 then 'No Charge'
            when 4 then 'Dispute'
            else        'Unknown'
        end                                     as payment_label,

        -- ── Tip tier ──────────────────────────────────────────
        -- Buckets trips by how much was tipped
        case
            when tip_amount = 0              then 'No Tip'
            when tip_amount < 2              then 'Low  (under $2)'
            when tip_amount between 2 and 5  then 'Medium ($2–$5)'
            else                                  'High (over $5)'
        end                                     as tip_tier,

        -- ── Fare bucket ───────────────────────────────────────
        -- Groups base fares into $5/$10 ranges
        case
            when fare_amount < 5             then '$0–$5'
            when fare_amount < 10            then '$5–$10'
            when fare_amount < 20            then '$10–$20'
            when fare_amount < 30            then '$20–$30'
            else                                  '$30+'
        end                                     as fare_bucket

    from trips

)

select * from revenue_metrics
  );

[0m21:55:27.990998 [debug] [Thread-4 (]: On model.nyc_taxi_dbt.int_trips_with_time_features: /* {"app": "dbt", "dbt_version": "1.11.8", "profile_name": "nyc_taxi_dbt", "target_name": "dev", "node_id": "model.nyc_taxi_dbt.int_trips_with_time_features"} */

  
  create view "nyc_taxi"."main_intermediate"."int_trips_with_time_features__dbt_tmp" as (
    -- =============================================================
--  models/intermediate/int_trips_with_time_features.sql
--
--  WHAT THIS MODEL DOES:
--  Takes the clean staging data and adds time-based columns that
--  multiple mart models will need. Instead of repeating this logic
--  in every mart, we write it once here.
--
--  New columns added:
--    pickup_hour     → 0 to 23
--    day_of_week     → 0 (Sunday) to 6 (Saturday)
--    day_name        → "Monday", "Tuesday", etc.
--    pickup_date     → just the date, no time (e.g. 2024-01-15)
--    time_of_day     → "Morning Rush", "Evening Rush", "Midday", etc.
--    is_weekend      → true / false
--
-- =============================================================

with trips as (

    -- ref() references upstream models
    -- dbt automatically figures out the order to build models
    select * from "nyc_taxi"."main_staging"."stg_yellow_taxi_trips"

),

time_features as (

    select

        -- ── All columns from staging ──────────────────────────
        *,

        -- ── Hour of pickup (0 = midnight, 23 = 11pm) ─────────
        extract(hour from pickup_at)            as pickup_hour,

        -- ── Day of week (0 = Sunday, 6 = Saturday) ───────────
        extract(dow from pickup_at)             as day_of_week,

        -- ── Human-readable day name ───────────────────────────
        dayname(pickup_at)                      as day_name,

        -- ── Date only — useful for daily GROUP BY queries ─────
        pickup_at::date                         as pickup_date,

        -- ── Time-of-day bucket ────────────────────────────────
        -- This classifies each trip into a named period
        case
            when extract(hour from pickup_at) between 7  and 9  then 'Morning Rush'
            when extract(hour from pickup_at) between 16 and 19 then 'Evening Rush'
            when extract(hour from pickup_at) between 10 and 15 then 'Midday'
            when extract(hour from pickup_at) between 20 and 23 then 'Night'
            else                                                      'Early Morning'
        end                                     as time_of_day,

        -- ── Weekend flag ──────────────────────────────────────
        -- In DuckDB, dow: 0 = Sunday, 6 = Saturday
        case
            when extract(dow from pickup_at) in (0, 6) then true
            else false
        end                                     as is_weekend

    from trips

)

select * from time_features
  );

[0m21:55:27.992777 [debug] [Thread-3 (]: SQL status: OK in 0.002 seconds
[0m21:55:27.992922 [debug] [Thread-4 (]: SQL status: OK in 0.002 seconds
[0m21:55:27.995330 [debug] [Thread-3 (]: Using duckdb connection "model.nyc_taxi_dbt.int_trip_revenue_metrics"
[0m21:55:27.996654 [debug] [Thread-4 (]: Using duckdb connection "model.nyc_taxi_dbt.int_trips_with_time_features"
[0m21:55:27.996819 [debug] [Thread-3 (]: On model.nyc_taxi_dbt.int_trip_revenue_metrics: /* {"app": "dbt", "dbt_version": "1.11.8", "profile_name": "nyc_taxi_dbt", "target_name": "dev", "node_id": "model.nyc_taxi_dbt.int_trip_revenue_metrics"} */
alter view "nyc_taxi"."main_intermediate"."int_trip_revenue_metrics" rename to "int_trip_revenue_metrics__dbt_backup"
[0m21:55:27.996989 [debug] [Thread-4 (]: On model.nyc_taxi_dbt.int_trips_with_time_features: /* {"app": "dbt", "dbt_version": "1.11.8", "profile_name": "nyc_taxi_dbt", "target_name": "dev", "node_id": "model.nyc_taxi_dbt.int_trips_with_time_features"} */
alter view "nyc_taxi"."main_intermediate"."int_trips_with_time_features" rename to "int_trips_with_time_features__dbt_backup"
[0m21:55:27.997295 [debug] [Thread-3 (]: SQL status: OK in 0.000 seconds
[0m21:55:27.997438 [debug] [Thread-4 (]: SQL status: OK in 0.000 seconds
[0m21:55:27.998721 [debug] [Thread-3 (]: Using duckdb connection "model.nyc_taxi_dbt.int_trip_revenue_metrics"
[0m21:55:27.999968 [debug] [Thread-4 (]: Using duckdb connection "model.nyc_taxi_dbt.int_trips_with_time_features"
[0m21:55:28.000121 [debug] [Thread-3 (]: On model.nyc_taxi_dbt.int_trip_revenue_metrics: /* {"app": "dbt", "dbt_version": "1.11.8", "profile_name": "nyc_taxi_dbt", "target_name": "dev", "node_id": "model.nyc_taxi_dbt.int_trip_revenue_metrics"} */
alter view "nyc_taxi"."main_intermediate"."int_trip_revenue_metrics__dbt_tmp" rename to "int_trip_revenue_metrics"
[0m21:55:28.000285 [debug] [Thread-4 (]: On model.nyc_taxi_dbt.int_trips_with_time_features: /* {"app": "dbt", "dbt_version": "1.11.8", "profile_name": "nyc_taxi_dbt", "target_name": "dev", "node_id": "model.nyc_taxi_dbt.int_trips_with_time_features"} */
alter view "nyc_taxi"."main_intermediate"."int_trips_with_time_features__dbt_tmp" rename to "int_trips_with_time_features"
[0m21:55:28.000562 [debug] [Thread-3 (]: SQL status: OK in 0.000 seconds
[0m21:55:28.000718 [debug] [Thread-4 (]: SQL status: OK in 0.000 seconds
[0m21:55:28.001293 [debug] [Thread-3 (]: On model.nyc_taxi_dbt.int_trip_revenue_metrics: COMMIT
[0m21:55:28.001841 [debug] [Thread-4 (]: On model.nyc_taxi_dbt.int_trips_with_time_features: COMMIT
[0m21:55:28.001988 [debug] [Thread-3 (]: Using duckdb connection "model.nyc_taxi_dbt.int_trip_revenue_metrics"
[0m21:55:28.002140 [debug] [Thread-4 (]: Using duckdb connection "model.nyc_taxi_dbt.int_trips_with_time_features"
[0m21:55:28.002284 [debug] [Thread-3 (]: On model.nyc_taxi_dbt.int_trip_revenue_metrics: COMMIT
[0m21:55:28.002422 [debug] [Thread-4 (]: On model.nyc_taxi_dbt.int_trips_with_time_features: COMMIT
[0m21:55:28.002831 [debug] [Thread-3 (]: SQL status: OK in 0.000 seconds
[0m21:55:28.003889 [debug] [Thread-3 (]: Using duckdb connection "model.nyc_taxi_dbt.int_trip_revenue_metrics"
[0m21:55:28.004033 [debug] [Thread-3 (]: On model.nyc_taxi_dbt.int_trip_revenue_metrics: /* {"app": "dbt", "dbt_version": "1.11.8", "profile_name": "nyc_taxi_dbt", "target_name": "dev", "node_id": "model.nyc_taxi_dbt.int_trip_revenue_metrics"} */

      drop view if exists "nyc_taxi"."main_intermediate"."int_trip_revenue_metrics__dbt_backup" cascade
    
[0m21:55:28.004167 [debug] [Thread-4 (]: SQL status: OK in 0.002 seconds
[0m21:55:28.005282 [debug] [Thread-4 (]: Using duckdb connection "model.nyc_taxi_dbt.int_trips_with_time_features"
[0m21:55:28.005437 [debug] [Thread-4 (]: On model.nyc_taxi_dbt.int_trips_with_time_features: /* {"app": "dbt", "dbt_version": "1.11.8", "profile_name": "nyc_taxi_dbt", "target_name": "dev", "node_id": "model.nyc_taxi_dbt.int_trips_with_time_features"} */

      drop view if exists "nyc_taxi"."main_intermediate"."int_trips_with_time_features__dbt_backup" cascade
    
[0m21:55:28.005572 [debug] [Thread-3 (]: SQL status: OK in 0.001 seconds
[0m21:55:28.006158 [debug] [Thread-3 (]: On model.nyc_taxi_dbt.int_trip_revenue_metrics: Close
[0m21:55:28.006407 [debug] [Thread-3 (]: Sending event: {'category': 'dbt', 'action': 'run_model', 'label': '2df87ac7-8334-42c9-b12b-149d6927624b', 'context': [<snowplow_tracker.self_describing_json.SelfDescribingJson object at 0x11310d590>]}
[0m21:55:28.006551 [debug] [Thread-4 (]: SQL status: OK in 0.001 seconds
[0m21:55:28.006818 [info ] [Thread-3 (]: 2 of 6 OK created sql view model main_intermediate.int_trip_revenue_metrics .... [[32mOK[0m in 0.03s]
[0m21:55:28.007372 [debug] [Thread-4 (]: On model.nyc_taxi_dbt.int_trips_with_time_features: Close
[0m21:55:28.007589 [debug] [Thread-3 (]: Finished running node model.nyc_taxi_dbt.int_trip_revenue_metrics
[0m21:55:28.007799 [debug] [Thread-4 (]: Sending event: {'category': 'dbt', 'action': 'run_model', 'label': '2df87ac7-8334-42c9-b12b-149d6927624b', 'context': [<snowplow_tracker.self_describing_json.SelfDescribingJson object at 0x113267f10>]}
[0m21:55:28.008096 [debug] [Thread-1 (]: Began running node model.nyc_taxi_dbt.mart_payment_analysis
[0m21:55:28.008301 [info ] [Thread-4 (]: 3 of 6 OK created sql view model main_intermediate.int_trips_with_time_features  [[32mOK[0m in 0.03s]
[0m21:55:28.008534 [info ] [Thread-1 (]: 4 of 6 START sql table model main_marts.mart_payment_analysis .................. [RUN]
[0m21:55:28.008770 [debug] [Thread-4 (]: Finished running node model.nyc_taxi_dbt.int_trips_with_time_features
[0m21:55:28.008934 [debug] [Thread-1 (]: Re-using an available connection from the pool (formerly model.nyc_taxi_dbt.stg_yellow_taxi_trips, now model.nyc_taxi_dbt.mart_payment_analysis)
[0m21:55:28.009172 [debug] [Thread-1 (]: Began compiling node model.nyc_taxi_dbt.mart_payment_analysis
[0m21:55:28.009326 [debug] [Thread-3 (]: Began running node model.nyc_taxi_dbt.mart_daily_trip_summary
[0m21:55:28.009475 [debug] [Thread-2 (]: Began running node model.nyc_taxi_dbt.mart_hourly_demand
[0m21:55:28.011039 [debug] [Thread-1 (]: Writing injected SQL for node "model.nyc_taxi_dbt.mart_payment_analysis"
[0m21:55:28.011237 [info ] [Thread-3 (]: 5 of 6 START sql table model main_marts.mart_daily_trip_summary ................ [RUN]
[0m21:55:28.011448 [info ] [Thread-2 (]: 6 of 6 START sql table model main_marts.mart_hourly_demand ..................... [RUN]
[0m21:55:28.011674 [debug] [Thread-3 (]: Re-using an available connection from the pool (formerly model.nyc_taxi_dbt.int_trip_revenue_metrics, now model.nyc_taxi_dbt.mart_daily_trip_summary)
[0m21:55:28.011857 [debug] [Thread-2 (]: Re-using an available connection from the pool (formerly list_nyc_taxi_main_staging, now model.nyc_taxi_dbt.mart_hourly_demand)
[0m21:55:28.012014 [debug] [Thread-3 (]: Began compiling node model.nyc_taxi_dbt.mart_daily_trip_summary
[0m21:55:28.012153 [debug] [Thread-1 (]: Began executing node model.nyc_taxi_dbt.mart_payment_analysis
[0m21:55:28.012296 [debug] [Thread-2 (]: Began compiling node model.nyc_taxi_dbt.mart_hourly_demand
[0m21:55:28.013814 [debug] [Thread-3 (]: Writing injected SQL for node "model.nyc_taxi_dbt.mart_daily_trip_summary"
[0m21:55:28.022232 [debug] [Thread-1 (]: Writing runtime sql for node "model.nyc_taxi_dbt.mart_payment_analysis"
[0m21:55:28.024698 [debug] [Thread-2 (]: Writing injected SQL for node "model.nyc_taxi_dbt.mart_hourly_demand"
[0m21:55:28.025121 [debug] [Thread-2 (]: Began executing node model.nyc_taxi_dbt.mart_hourly_demand
[0m21:55:28.026593 [debug] [Thread-2 (]: Writing runtime sql for node "model.nyc_taxi_dbt.mart_hourly_demand"
[0m21:55:28.026811 [debug] [Thread-1 (]: Using duckdb connection "model.nyc_taxi_dbt.mart_payment_analysis"
[0m21:55:28.026971 [debug] [Thread-1 (]: On model.nyc_taxi_dbt.mart_payment_analysis: BEGIN
[0m21:55:28.027113 [debug] [Thread-1 (]: Opening a new connection, currently in state closed
[0m21:55:28.027401 [debug] [Thread-3 (]: Began executing node model.nyc_taxi_dbt.mart_daily_trip_summary
[0m21:55:28.028829 [debug] [Thread-3 (]: Writing runtime sql for node "model.nyc_taxi_dbt.mart_daily_trip_summary"
[0m21:55:28.029038 [debug] [Thread-1 (]: SQL status: OK in 0.002 seconds
[0m21:55:28.029292 [debug] [Thread-1 (]: Using duckdb connection "model.nyc_taxi_dbt.mart_payment_analysis"
[0m21:55:28.029530 [debug] [Thread-1 (]: On model.nyc_taxi_dbt.mart_payment_analysis: /* {"app": "dbt", "dbt_version": "1.11.8", "profile_name": "nyc_taxi_dbt", "target_name": "dev", "node_id": "model.nyc_taxi_dbt.mart_payment_analysis"} */

  
    
    

    create  table
      "nyc_taxi"."main_marts"."mart_payment_analysis__dbt_tmp"
  
    as (
      -- =============================================================
--  models/marts/mart_payment_analysis.sql
--
--  WHAT THIS MODEL DOES:
--  Analyzes tipping behavior broken down by payment method
--  and fare size. This is an insight-rich mart that answers
--  real business questions:
--    - "Do credit card users always tip more than cash users?"
--    - "At what fare amount do tips start dropping off?"
--    - "What % of trips receive no tip at all?"
--    - "Which fare bucket is most profitable per mile?"
--
--  One row per combination of: payment method + fare bucket + tip tier
--
--  Materialized as: TABLE
-- =============================================================

with revenue as (

    select * from "nyc_taxi"."main_intermediate"."int_trip_revenue_metrics"

),

-- Aggregate by payment type, fare range, and tip behavior
payment_summary as (

    select

        -- ── Dimensions ────────────────────────────────────────
        payment_label,          -- "Credit Card", "Cash", etc.
        fare_bucket,            -- "$5–$10", "$10–$20", etc.
        tip_tier,               -- "No Tip", "Low", "Medium", "High"

        -- ── Volume ────────────────────────────────────────────
        count(*)                                            as total_trips,

        -- ── Tip metrics ───────────────────────────────────────
        round(avg(tip_percentage),  2)                      as avg_tip_pct,
        round(avg(tip_amount),      2)                      as avg_tip_dollars,
        round(min(tip_amount),      2)                      as min_tip,
        round(max(tip_amount),      2)                      as max_tip,

        -- ── Fare metrics ──────────────────────────────────────
        round(avg(fare_amount),     2)                      as avg_fare,
        round(avg(total_amount),    2)                      as avg_total_charged,

        -- ── Efficiency metrics ────────────────────────────────
        round(avg(revenue_per_mile),    2)                  as avg_revenue_per_mile,
        round(avg(revenue_per_minute),  2)                  as avg_revenue_per_minute,

        -- ── No-tip rate ───────────────────────────────────────
        -- What % of trips in this group received zero tip?
        round(
            sum(case when tip_amount = 0 then 1 else 0 end) * 100.0
            / nullif(count(*), 0),
        2)                                                  as pct_trips_no_tip

    from revenue
    group by
        payment_label,
        fare_bucket,
        tip_tier

)

select * from payment_summary
order by
    payment_label,
    fare_bucket,
    tip_tier
    );
  
  
[0m21:55:28.029791 [debug] [Thread-3 (]: Using duckdb connection "model.nyc_taxi_dbt.mart_daily_trip_summary"
[0m21:55:28.029965 [debug] [Thread-2 (]: Using duckdb connection "model.nyc_taxi_dbt.mart_hourly_demand"
[0m21:55:28.031172 [debug] [Thread-3 (]: On model.nyc_taxi_dbt.mart_daily_trip_summary: BEGIN
[0m21:55:28.031320 [debug] [Thread-2 (]: On model.nyc_taxi_dbt.mart_hourly_demand: BEGIN
[0m21:55:28.031464 [debug] [Thread-3 (]: Opening a new connection, currently in state closed
[0m21:55:28.031596 [debug] [Thread-2 (]: Opening a new connection, currently in state closed
[0m21:55:28.031847 [debug] [Thread-3 (]: SQL status: OK in 0.000 seconds
[0m21:55:28.031994 [debug] [Thread-2 (]: SQL status: OK in 0.000 seconds
[0m21:55:28.032128 [debug] [Thread-3 (]: Using duckdb connection "model.nyc_taxi_dbt.mart_daily_trip_summary"
[0m21:55:28.032283 [debug] [Thread-2 (]: Using duckdb connection "model.nyc_taxi_dbt.mart_hourly_demand"
[0m21:55:28.032512 [debug] [Thread-3 (]: On model.nyc_taxi_dbt.mart_daily_trip_summary: /* {"app": "dbt", "dbt_version": "1.11.8", "profile_name": "nyc_taxi_dbt", "target_name": "dev", "node_id": "model.nyc_taxi_dbt.mart_daily_trip_summary"} */

  
    
    

    create  table
      "nyc_taxi"."main_marts"."mart_daily_trip_summary__dbt_tmp"
  
    as (
      -- =============================================================
--  models/marts/mart_daily_trip_summary.sql
--
--  WHAT THIS MODEL DOES:
--  Aggregates millions of individual trip rows into one row
--  per day per payment type. This is the table a manager or
--  BI dashboard would query to answer questions like:
--    - "How much revenue did we make on January 15th?"
--    - "Do credit card users spend more than cash users?"
--    - "Which days of the week are busiest?"
--
--  Materialized as: TABLE (a real table in the database)
--  Downstream use: Tableau, Power BI, Metabase, Looker, etc.
-- =============================================================

with time_data as (

    select * from "nyc_taxi"."main_intermediate"."int_trips_with_time_features"

),

revenue_data as (

    select
        trip_id,
        payment_label,
        total_amount,
        tip_amount,
        fare_amount,
        revenue_per_mile
    from "nyc_taxi"."main_intermediate"."int_trip_revenue_metrics"

),

-- Join the two intermediate models together on trip_id
joined as (

    select
        t.trip_id,
        t.pickup_date,
        t.day_name,
        t.is_weekend,
        t.trip_distance,
        t.trip_duration_minutes,
        r.payment_label,
        r.total_amount,
        r.tip_amount,
        r.fare_amount,
        r.revenue_per_mile

    from time_data t
    inner join revenue_data r on t.trip_id = r.trip_id

),

-- Aggregate to one row per day per payment type
daily_summary as (

    select

        -- ── Dimensions (what we're grouping by) ───────────────
        pickup_date,
        day_name,
        is_weekend,
        payment_label,

        -- ── Trip volume ───────────────────────────────────────
        count(*)                                        as total_trips,

        -- ── Revenue metrics ───────────────────────────────────
        round(sum(total_amount),  2)                    as total_revenue,
        round(avg(total_amount),  2)                    as avg_fare_per_trip,
        round(avg(tip_amount),    2)                    as avg_tip_amount,

        -- Overall tip rate for this day/payment group
        round(
            sum(tip_amount) / nullif(sum(fare_amount), 0) * 100,
        2)                                              as tip_rate_pct,

        -- ── Trip characteristics ──────────────────────────────
        round(avg(trip_distance),          2)           as avg_distance_miles,
        round(avg(trip_duration_minutes),  1)           as avg_duration_minutes,
        round(avg(revenue_per_mile),       2)           as avg_revenue_per_mile

    from joined
    group by
        pickup_date,
        day_name,
        is_weekend,
        payment_label

)

select * from daily_summary
order by pickup_date, payment_label
    );
  
  
[0m21:55:28.032804 [debug] [Thread-2 (]: On model.nyc_taxi_dbt.mart_hourly_demand: /* {"app": "dbt", "dbt_version": "1.11.8", "profile_name": "nyc_taxi_dbt", "target_name": "dev", "node_id": "model.nyc_taxi_dbt.mart_hourly_demand"} */

  
    
    

    create  table
      "nyc_taxi"."main_marts"."mart_hourly_demand__dbt_tmp"
  
    as (
      -- =============================================================
--  models/marts/mart_hourly_demand.sql
--
--  WHAT THIS MODEL DOES:
--  Answers "when and where are taxis most in demand?"
--  One row per day + hour + pickup zone combination.
--  Useful for visualizing heatmaps, rush hour patterns,
--  and which neighborhoods generate the most trips.

--  Materialized as: TABLE
-- =============================================================

with trips as (

    select * from "nyc_taxi"."main_intermediate"."int_trips_with_time_features"

),

hourly_aggregated as (

    select

        -- ── Dimensions ────────────────────────────────────────
        pickup_date,
        pickup_hour,
        day_name,
        is_weekend,
        time_of_day,            -- "Morning Rush", "Evening Rush", etc.
        pickup_location_id,

        -- ── Volume metrics ────────────────────────────────────
        count(*)                                        as total_trips,

        -- ── Trip characteristics ──────────────────────────────
        round(avg(trip_distance),          2)           as avg_distance_miles,
        round(avg(trip_duration_minutes),  1)           as avg_duration_minutes,
        round(sum(trip_distance),          2)           as total_miles_traveled

    from trips
    group by
        pickup_date,
        pickup_hour,
        day_name,
        is_weekend,
        time_of_day,
        pickup_location_id

),

with_rankings as (

    select
        *,

        -- ── Rank each hour within a given day ─────────────────
        -- rank 1 = busiest hour of that day
        rank() over (
            partition by pickup_date
            order by total_trips desc
        )                                               as hour_rank_that_day,

        -- ── Rank each pickup zone for each hour ───────────────
        -- rank 1 = busiest zone during that hour
        rank() over (
            partition by pickup_date, pickup_hour
            order by total_trips desc
        )                                               as zone_rank_that_hour

    from hourly_aggregated

)

select * from with_rankings
order by pickup_date, pickup_hour, total_trips desc
    );
  
  
[0m21:55:28.199575 [debug] [Thread-1 (]: SQL status: OK in 0.170 seconds
[0m21:55:28.203855 [debug] [Thread-1 (]: Using duckdb connection "model.nyc_taxi_dbt.mart_payment_analysis"
[0m21:55:28.204157 [debug] [Thread-1 (]: On model.nyc_taxi_dbt.mart_payment_analysis: /* {"app": "dbt", "dbt_version": "1.11.8", "profile_name": "nyc_taxi_dbt", "target_name": "dev", "node_id": "model.nyc_taxi_dbt.mart_payment_analysis"} */

    SELECT index_name
    FROM duckdb_indexes()
    WHERE schema_name = 'main_marts'
      AND table_name = 'mart_payment_analysis'
  
[0m21:55:28.204709 [debug] [Thread-1 (]: SQL status: OK in 0.000 seconds
[0m21:55:28.205574 [debug] [Thread-1 (]: Using duckdb connection "model.nyc_taxi_dbt.mart_payment_analysis"
[0m21:55:28.205763 [debug] [Thread-1 (]: On model.nyc_taxi_dbt.mart_payment_analysis: /* {"app": "dbt", "dbt_version": "1.11.8", "profile_name": "nyc_taxi_dbt", "target_name": "dev", "node_id": "model.nyc_taxi_dbt.mart_payment_analysis"} */

    SELECT COUNT(*) as remaining_indexes
    FROM duckdb_indexes()
    WHERE schema_name = 'main_marts'
      AND table_name = 'mart_payment_analysis'
  
[0m21:55:28.206163 [debug] [Thread-1 (]: SQL status: OK in 0.000 seconds
[0m21:55:28.208287 [debug] [Thread-1 (]: Using duckdb connection "model.nyc_taxi_dbt.mart_payment_analysis"
[0m21:55:28.208506 [debug] [Thread-1 (]: On model.nyc_taxi_dbt.mart_payment_analysis: /* {"app": "dbt", "dbt_version": "1.11.8", "profile_name": "nyc_taxi_dbt", "target_name": "dev", "node_id": "model.nyc_taxi_dbt.mart_payment_analysis"} */
alter table "nyc_taxi"."main_marts"."mart_payment_analysis" rename to "mart_payment_analysis__dbt_backup"
[0m21:55:28.208861 [debug] [Thread-1 (]: SQL status: OK in 0.000 seconds
[0m21:55:28.210354 [debug] [Thread-1 (]: Using duckdb connection "model.nyc_taxi_dbt.mart_payment_analysis"
[0m21:55:28.210547 [debug] [Thread-1 (]: On model.nyc_taxi_dbt.mart_payment_analysis: /* {"app": "dbt", "dbt_version": "1.11.8", "profile_name": "nyc_taxi_dbt", "target_name": "dev", "node_id": "model.nyc_taxi_dbt.mart_payment_analysis"} */
alter table "nyc_taxi"."main_marts"."mart_payment_analysis__dbt_tmp" rename to "mart_payment_analysis"
[0m21:55:28.210850 [debug] [Thread-1 (]: SQL status: OK in 0.000 seconds
[0m21:55:28.213160 [debug] [Thread-1 (]: On model.nyc_taxi_dbt.mart_payment_analysis: COMMIT
[0m21:55:28.213369 [debug] [Thread-1 (]: Using duckdb connection "model.nyc_taxi_dbt.mart_payment_analysis"
[0m21:55:28.213518 [debug] [Thread-1 (]: On model.nyc_taxi_dbt.mart_payment_analysis: COMMIT
[0m21:55:28.214017 [debug] [Thread-1 (]: SQL status: OK in 0.000 seconds
[0m21:55:28.215427 [debug] [Thread-1 (]: Using duckdb connection "model.nyc_taxi_dbt.mart_payment_analysis"
[0m21:55:28.215605 [debug] [Thread-1 (]: On model.nyc_taxi_dbt.mart_payment_analysis: /* {"app": "dbt", "dbt_version": "1.11.8", "profile_name": "nyc_taxi_dbt", "target_name": "dev", "node_id": "model.nyc_taxi_dbt.mart_payment_analysis"} */

      drop table if exists "nyc_taxi"."main_marts"."mart_payment_analysis__dbt_backup" cascade
    
[0m21:55:28.216031 [debug] [Thread-1 (]: SQL status: OK in 0.000 seconds
[0m21:55:28.216710 [debug] [Thread-1 (]: On model.nyc_taxi_dbt.mart_payment_analysis: Close
[0m21:55:28.217072 [debug] [Thread-1 (]: Sending event: {'category': 'dbt', 'action': 'run_model', 'label': '2df87ac7-8334-42c9-b12b-149d6927624b', 'context': [<snowplow_tracker.self_describing_json.SelfDescribingJson object at 0x1131b0110>]}
[0m21:55:28.217404 [info ] [Thread-1 (]: 4 of 6 OK created sql table model main_marts.mart_payment_analysis ............. [[32mOK[0m in 0.21s]
[0m21:55:28.217656 [debug] [Thread-1 (]: Finished running node model.nyc_taxi_dbt.mart_payment_analysis
[0m21:55:28.400379 [debug] [Thread-2 (]: SQL status: OK in 0.367 seconds
[0m21:55:28.402630 [debug] [Thread-2 (]: Using duckdb connection "model.nyc_taxi_dbt.mart_hourly_demand"
[0m21:55:28.403228 [debug] [Thread-2 (]: On model.nyc_taxi_dbt.mart_hourly_demand: /* {"app": "dbt", "dbt_version": "1.11.8", "profile_name": "nyc_taxi_dbt", "target_name": "dev", "node_id": "model.nyc_taxi_dbt.mart_hourly_demand"} */

    SELECT index_name
    FROM duckdb_indexes()
    WHERE schema_name = 'main_marts'
      AND table_name = 'mart_hourly_demand'
  
[0m21:55:28.404281 [debug] [Thread-2 (]: SQL status: OK in 0.001 seconds
[0m21:55:28.406829 [debug] [Thread-2 (]: Using duckdb connection "model.nyc_taxi_dbt.mart_hourly_demand"
[0m21:55:28.407405 [debug] [Thread-2 (]: On model.nyc_taxi_dbt.mart_hourly_demand: /* {"app": "dbt", "dbt_version": "1.11.8", "profile_name": "nyc_taxi_dbt", "target_name": "dev", "node_id": "model.nyc_taxi_dbt.mart_hourly_demand"} */

    SELECT COUNT(*) as remaining_indexes
    FROM duckdb_indexes()
    WHERE schema_name = 'main_marts'
      AND table_name = 'mart_hourly_demand'
  
[0m21:55:28.408779 [debug] [Thread-2 (]: SQL status: OK in 0.001 seconds
[0m21:55:28.413371 [debug] [Thread-2 (]: Using duckdb connection "model.nyc_taxi_dbt.mart_hourly_demand"
[0m21:55:28.413661 [debug] [Thread-2 (]: On model.nyc_taxi_dbt.mart_hourly_demand: /* {"app": "dbt", "dbt_version": "1.11.8", "profile_name": "nyc_taxi_dbt", "target_name": "dev", "node_id": "model.nyc_taxi_dbt.mart_hourly_demand"} */
alter table "nyc_taxi"."main_marts"."mart_hourly_demand" rename to "mart_hourly_demand__dbt_backup"
[0m21:55:28.414058 [debug] [Thread-2 (]: SQL status: OK in 0.000 seconds
[0m21:55:28.415852 [debug] [Thread-2 (]: Using duckdb connection "model.nyc_taxi_dbt.mart_hourly_demand"
[0m21:55:28.418744 [debug] [Thread-2 (]: On model.nyc_taxi_dbt.mart_hourly_demand: /* {"app": "dbt", "dbt_version": "1.11.8", "profile_name": "nyc_taxi_dbt", "target_name": "dev", "node_id": "model.nyc_taxi_dbt.mart_hourly_demand"} */
alter table "nyc_taxi"."main_marts"."mart_hourly_demand__dbt_tmp" rename to "mart_hourly_demand"
[0m21:55:28.420017 [debug] [Thread-2 (]: SQL status: OK in 0.000 seconds
[0m21:55:28.422461 [debug] [Thread-2 (]: On model.nyc_taxi_dbt.mart_hourly_demand: COMMIT
[0m21:55:28.422747 [debug] [Thread-2 (]: Using duckdb connection "model.nyc_taxi_dbt.mart_hourly_demand"
[0m21:55:28.422900 [debug] [Thread-2 (]: On model.nyc_taxi_dbt.mart_hourly_demand: COMMIT
[0m21:55:28.434035 [debug] [Thread-2 (]: SQL status: OK in 0.011 seconds
[0m21:55:28.435660 [debug] [Thread-2 (]: Using duckdb connection "model.nyc_taxi_dbt.mart_hourly_demand"
[0m21:55:28.437007 [debug] [Thread-2 (]: On model.nyc_taxi_dbt.mart_hourly_demand: /* {"app": "dbt", "dbt_version": "1.11.8", "profile_name": "nyc_taxi_dbt", "target_name": "dev", "node_id": "model.nyc_taxi_dbt.mart_hourly_demand"} */

      drop table if exists "nyc_taxi"."main_marts"."mart_hourly_demand__dbt_backup" cascade
    
[0m21:55:28.437668 [debug] [Thread-2 (]: SQL status: OK in 0.000 seconds
[0m21:55:28.438426 [debug] [Thread-2 (]: On model.nyc_taxi_dbt.mart_hourly_demand: Close
[0m21:55:28.438755 [debug] [Thread-2 (]: Sending event: {'category': 'dbt', 'action': 'run_model', 'label': '2df87ac7-8334-42c9-b12b-149d6927624b', 'context': [<snowplow_tracker.self_describing_json.SelfDescribingJson object at 0x11333fdd0>]}
[0m21:55:28.439078 [info ] [Thread-2 (]: 6 of 6 OK created sql table model main_marts.mart_hourly_demand ................ [[32mOK[0m in 0.43s]
[0m21:55:28.439327 [debug] [Thread-2 (]: Finished running node model.nyc_taxi_dbt.mart_hourly_demand
[0m21:55:28.815357 [debug] [Thread-3 (]: SQL status: OK in 0.782 seconds
[0m21:55:28.816158 [debug] [Thread-3 (]: Using duckdb connection "model.nyc_taxi_dbt.mart_daily_trip_summary"
[0m21:55:28.816350 [debug] [Thread-3 (]: On model.nyc_taxi_dbt.mart_daily_trip_summary: /* {"app": "dbt", "dbt_version": "1.11.8", "profile_name": "nyc_taxi_dbt", "target_name": "dev", "node_id": "model.nyc_taxi_dbt.mart_daily_trip_summary"} */

    SELECT index_name
    FROM duckdb_indexes()
    WHERE schema_name = 'main_marts'
      AND table_name = 'mart_daily_trip_summary'
  
[0m21:55:28.816807 [debug] [Thread-3 (]: SQL status: OK in 0.000 seconds
[0m21:55:28.817361 [debug] [Thread-3 (]: Using duckdb connection "model.nyc_taxi_dbt.mart_daily_trip_summary"
[0m21:55:28.817532 [debug] [Thread-3 (]: On model.nyc_taxi_dbt.mart_daily_trip_summary: /* {"app": "dbt", "dbt_version": "1.11.8", "profile_name": "nyc_taxi_dbt", "target_name": "dev", "node_id": "model.nyc_taxi_dbt.mart_daily_trip_summary"} */

    SELECT COUNT(*) as remaining_indexes
    FROM duckdb_indexes()
    WHERE schema_name = 'main_marts'
      AND table_name = 'mart_daily_trip_summary'
  
[0m21:55:28.817903 [debug] [Thread-3 (]: SQL status: OK in 0.000 seconds
[0m21:55:28.819778 [debug] [Thread-3 (]: Using duckdb connection "model.nyc_taxi_dbt.mart_daily_trip_summary"
[0m21:55:28.820020 [debug] [Thread-3 (]: On model.nyc_taxi_dbt.mart_daily_trip_summary: /* {"app": "dbt", "dbt_version": "1.11.8", "profile_name": "nyc_taxi_dbt", "target_name": "dev", "node_id": "model.nyc_taxi_dbt.mart_daily_trip_summary"} */
alter table "nyc_taxi"."main_marts"."mart_daily_trip_summary" rename to "mart_daily_trip_summary__dbt_backup"
[0m21:55:28.820436 [debug] [Thread-3 (]: SQL status: OK in 0.000 seconds
[0m21:55:28.821999 [debug] [Thread-3 (]: Using duckdb connection "model.nyc_taxi_dbt.mart_daily_trip_summary"
[0m21:55:28.822181 [debug] [Thread-3 (]: On model.nyc_taxi_dbt.mart_daily_trip_summary: /* {"app": "dbt", "dbt_version": "1.11.8", "profile_name": "nyc_taxi_dbt", "target_name": "dev", "node_id": "model.nyc_taxi_dbt.mart_daily_trip_summary"} */
alter table "nyc_taxi"."main_marts"."mart_daily_trip_summary__dbt_tmp" rename to "mart_daily_trip_summary"
[0m21:55:28.822530 [debug] [Thread-3 (]: SQL status: OK in 0.000 seconds
[0m21:55:28.823295 [debug] [Thread-3 (]: On model.nyc_taxi_dbt.mart_daily_trip_summary: COMMIT
[0m21:55:28.823473 [debug] [Thread-3 (]: Using duckdb connection "model.nyc_taxi_dbt.mart_daily_trip_summary"
[0m21:55:28.823615 [debug] [Thread-3 (]: On model.nyc_taxi_dbt.mart_daily_trip_summary: COMMIT
[0m21:55:28.824457 [debug] [Thread-3 (]: SQL status: OK in 0.001 seconds
[0m21:55:28.825820 [debug] [Thread-3 (]: Using duckdb connection "model.nyc_taxi_dbt.mart_daily_trip_summary"
[0m21:55:28.826005 [debug] [Thread-3 (]: On model.nyc_taxi_dbt.mart_daily_trip_summary: /* {"app": "dbt", "dbt_version": "1.11.8", "profile_name": "nyc_taxi_dbt", "target_name": "dev", "node_id": "model.nyc_taxi_dbt.mart_daily_trip_summary"} */

      drop table if exists "nyc_taxi"."main_marts"."mart_daily_trip_summary__dbt_backup" cascade
    
[0m21:55:28.826538 [debug] [Thread-3 (]: SQL status: OK in 0.000 seconds
[0m21:55:28.827550 [debug] [Thread-3 (]: On model.nyc_taxi_dbt.mart_daily_trip_summary: Close
[0m21:55:28.828004 [debug] [Thread-3 (]: Sending event: {'category': 'dbt', 'action': 'run_model', 'label': '2df87ac7-8334-42c9-b12b-149d6927624b', 'context': [<snowplow_tracker.self_describing_json.SelfDescribingJson object at 0x1132f82d0>]}
[0m21:55:28.828356 [info ] [Thread-3 (]: 5 of 6 OK created sql table model main_marts.mart_daily_trip_summary ........... [[32mOK[0m in 0.82s]
[0m21:55:28.828782 [debug] [Thread-3 (]: Finished running node model.nyc_taxi_dbt.mart_daily_trip_summary
[0m21:55:28.829838 [debug] [MainThread]: Using duckdb connection "master"
[0m21:55:28.830060 [debug] [MainThread]: On master: BEGIN
[0m21:55:28.830191 [debug] [MainThread]: Opening a new connection, currently in state closed
[0m21:55:28.830588 [debug] [MainThread]: SQL status: OK in 0.000 seconds
[0m21:55:28.830731 [debug] [MainThread]: On master: COMMIT
[0m21:55:28.830859 [debug] [MainThread]: Using duckdb connection "master"
[0m21:55:28.830972 [debug] [MainThread]: On master: COMMIT
[0m21:55:28.831288 [debug] [MainThread]: SQL status: OK in 0.000 seconds
[0m21:55:28.831430 [debug] [MainThread]: On master: Close
[0m21:55:28.831629 [debug] [MainThread]: Connection 'master' was properly closed.
[0m21:55:28.831743 [debug] [MainThread]: Connection 'model.nyc_taxi_dbt.mart_payment_analysis' was properly closed.
[0m21:55:28.831847 [debug] [MainThread]: Connection 'model.nyc_taxi_dbt.mart_hourly_demand' was properly closed.
[0m21:55:28.831950 [debug] [MainThread]: Connection 'model.nyc_taxi_dbt.mart_daily_trip_summary' was properly closed.
[0m21:55:28.832062 [debug] [MainThread]: Connection 'model.nyc_taxi_dbt.int_trips_with_time_features' was properly closed.
[0m21:55:28.832263 [info ] [MainThread]: 
[0m21:55:28.832436 [info ] [MainThread]: Finished running 3 table models, 3 view models in 0 hours 0 minutes and 0.99 seconds (0.99s).
[0m21:55:28.833048 [debug] [MainThread]: Command end result
[0m21:55:28.928341 [debug] [MainThread]: Wrote artifact WritableManifest to /Users/weimincai/BIProjects/nyc_taxi_dbt/target/manifest.json
[0m21:55:28.929407 [debug] [MainThread]: Wrote artifact SemanticManifest to /Users/weimincai/BIProjects/nyc_taxi_dbt/target/semantic_manifest.json
[0m21:55:28.932322 [debug] [MainThread]: Wrote artifact RunExecutionResult to /Users/weimincai/BIProjects/nyc_taxi_dbt/target/run_results.json
[0m21:55:28.932486 [info ] [MainThread]: 
[0m21:55:28.932659 [info ] [MainThread]: [32mCompleted successfully[0m
[0m21:55:28.932789 [info ] [MainThread]: 
[0m21:55:28.932982 [info ] [MainThread]: Done. PASS=6 WARN=0 ERROR=0 SKIP=0 NO-OP=0 TOTAL=6
[0m21:55:28.933246 [warn ] [MainThread]: [[33mWARNING[0m][DeprecationsSummary]: Deprecated functionality
Summary of encountered deprecations:
- MissingArgumentsPropertyInGenericTestDeprecation: 1 occurrence
To see all deprecation instances instead of just the first occurrence of each,
run command again with the `--show-all-deprecations` flag. You may also need to
run with `--no-partial-parse` as some deprecations are only encountered during
parsing.
[0m21:55:28.936841 [debug] [MainThread]: Resource report: {"command_name": "run", "command_success": true, "command_wall_clock_time": 1.9262844, "process_in_blocks": "0", "process_kernel_time": 0.541046, "process_mem_max_rss": "643612672", "process_out_blocks": "0", "process_user_time": 6.314933}
[0m21:55:28.937124 [debug] [MainThread]: Command `dbt run` succeeded at 21:55:28.937081 after 1.93 seconds
[0m21:55:28.937311 [debug] [MainThread]: Sending event: {'category': 'dbt', 'action': 'invocation', 'label': 'end', 'context': [<snowplow_tracker.self_describing_json.SelfDescribingJson object at 0x1035b7bd0>, <snowplow_tracker.self_describing_json.SelfDescribingJson object at 0x1035b7b50>, <snowplow_tracker.self_describing_json.SelfDescribingJson object at 0x10345f390>]}
[0m21:55:28.937482 [debug] [MainThread]: Flushing usage events
[0m21:55:29.273662 [debug] [MainThread]: An error was encountered while trying to flush usage events
[0m21:56:01.238378 [debug] [MainThread]: Sending event: {'category': 'dbt', 'action': 'invocation', 'label': 'start', 'context': [<snowplow_tracker.self_describing_json.SelfDescribingJson object at 0x118984d50>, <snowplow_tracker.self_describing_json.SelfDescribingJson object at 0x118a4fb50>, <snowplow_tracker.self_describing_json.SelfDescribingJson object at 0x118a4ff90>]}


============================== 21:56:01.241231 | f39951b7-81bc-4f63-8445-ff2be144c78b ==============================
[0m21:56:01.241231 [info ] [MainThread]: Running with dbt=1.11.8
[0m21:56:01.241566 [debug] [MainThread]: running dbt with arguments {'fail_fast': 'False', 'printer_width': '80', 'quiet': 'False', 'debug': 'False', 'use_experimental_parser': 'False', 'introspect': 'True', 'static_parser': 'True', 'target_path': 'None', 'empty': 'False', 'indirect_selection': 'eager', 'version_check': 'True', 'profiles_dir': '/Users/weimincai/.dbt', 'log_path': '/Users/weimincai/BIProjects/nyc_taxi_dbt/logs', 'no_print': 'None', 'partial_parse': 'True', 'warn_error': 'None', 'cache_selected_only': 'False', 'warn_error_options': 'WarnErrorOptionsV2(error=[], warn=[], silence=[])', 'log_cache_events': 'False', 'send_anonymous_usage_stats': 'True', 'invocation_command': 'dbt run --show-all-deprecations', 'use_colors': 'True', 'log_format': 'default', 'write_json': 'True'}
[0m21:56:01.419394 [debug] [MainThread]: Sending event: {'category': 'dbt', 'action': 'project_id', 'label': 'f39951b7-81bc-4f63-8445-ff2be144c78b', 'context': [<snowplow_tracker.self_describing_json.SelfDescribingJson object at 0x118aae290>]}
[0m21:56:01.445512 [debug] [MainThread]: Sending event: {'category': 'dbt', 'action': 'adapter_info', 'label': 'f39951b7-81bc-4f63-8445-ff2be144c78b', 'context': [<snowplow_tracker.self_describing_json.SelfDescribingJson object at 0x104956150>]}
[0m21:56:01.446866 [info ] [MainThread]: Registered adapter: duckdb=1.10.1
[0m21:56:01.513668 [debug] [MainThread]: checksum: 7d524ac048c2100769df89d592e662e060a73ca564e31bd9c2a37efdfe8d8ab6, vars: {}, profile: , target: , version: 1.11.8
[0m21:56:01.638019 [debug] [MainThread]: Partial parsing enabled: 0 files deleted, 0 files added, 0 files changed.
[0m21:56:01.638253 [debug] [MainThread]: Nothing changed, skipping partial parsing.
[0m21:56:01.638375 [debug] [MainThread]: Partial parsing enabled, no changes found, skipping parsing
[0m21:56:01.659345 [debug] [MainThread]: Sending event: {'category': 'dbt', 'action': 'load_project', 'label': 'f39951b7-81bc-4f63-8445-ff2be144c78b', 'context': [<snowplow_tracker.self_describing_json.SelfDescribingJson object at 0x118ab9e10>]}
[0m21:56:01.705014 [debug] [MainThread]: Wrote artifact WritableManifest to /Users/weimincai/BIProjects/nyc_taxi_dbt/target/manifest.json
[0m21:56:01.706326 [debug] [MainThread]: Wrote artifact SemanticManifest to /Users/weimincai/BIProjects/nyc_taxi_dbt/target/semantic_manifest.json
[0m21:56:01.713469 [debug] [MainThread]: Sending event: {'category': 'dbt', 'action': 'resource_counts', 'label': 'f39951b7-81bc-4f63-8445-ff2be144c78b', 'context': [<snowplow_tracker.self_describing_json.SelfDescribingJson object at 0x118aa5d10>]}
[0m21:56:01.713714 [info ] [MainThread]: Found 6 models, 10 data tests, 1 source, 591 macros
[0m21:56:01.713871 [debug] [MainThread]: Sending event: {'category': 'dbt', 'action': 'runnable_timing', 'label': 'f39951b7-81bc-4f63-8445-ff2be144c78b', 'context': [<snowplow_tracker.self_describing_json.SelfDescribingJson object at 0x118df5fd0>]}
[0m21:56:01.714787 [info ] [MainThread]: 
[0m21:56:01.714939 [info ] [MainThread]: Concurrency: 4 threads (target='dev')
[0m21:56:01.715062 [info ] [MainThread]: 
[0m21:56:01.715277 [debug] [MainThread]: Acquiring new duckdb connection 'master'
[0m21:56:01.717457 [debug] [ThreadPool]: Acquiring new duckdb connection 'list_nyc_taxi'
[0m21:56:01.717707 [debug] [ThreadPool]: Acquiring new duckdb connection 'list_nyc_taxi'
[0m21:56:01.723612 [debug] [ThreadPool]: Acquiring new duckdb connection 'list_nyc_taxi'
[0m21:56:01.749537 [debug] [ThreadPool]: Using duckdb connection "list_nyc_taxi"
[0m21:56:01.749748 [debug] [ThreadPool]: Using duckdb connection "list_nyc_taxi"
[0m21:56:01.749902 [debug] [ThreadPool]: Using duckdb connection "list_nyc_taxi"
[0m21:56:01.750076 [debug] [ThreadPool]: On list_nyc_taxi: /* {"app": "dbt", "dbt_version": "1.11.8", "profile_name": "nyc_taxi_dbt", "target_name": "dev", "connection_name": "list_nyc_taxi"} */

    
    select schema_name
    from system.information_schema.schemata
    
    where lower(catalog_name) = '"nyc_taxi"'
    
  
  
[0m21:56:01.750239 [debug] [ThreadPool]: On list_nyc_taxi: /* {"app": "dbt", "dbt_version": "1.11.8", "profile_name": "nyc_taxi_dbt", "target_name": "dev", "connection_name": "list_nyc_taxi"} */

    
    select schema_name
    from system.information_schema.schemata
    
    where lower(catalog_name) = '"nyc_taxi"'
    
  
  
[0m21:56:01.750400 [debug] [ThreadPool]: On list_nyc_taxi: /* {"app": "dbt", "dbt_version": "1.11.8", "profile_name": "nyc_taxi_dbt", "target_name": "dev", "connection_name": "list_nyc_taxi"} */

    
    select schema_name
    from system.information_schema.schemata
    
    where lower(catalog_name) = '"nyc_taxi"'
    
  
  
[0m21:56:01.750547 [debug] [ThreadPool]: Opening a new connection, currently in state init
[0m21:56:01.750672 [debug] [ThreadPool]: Opening a new connection, currently in state init
[0m21:56:01.750789 [debug] [ThreadPool]: Opening a new connection, currently in state init
[0m21:56:01.769314 [debug] [ThreadPool]: SQL status: OK in 0.019 seconds
[0m21:56:01.769521 [debug] [ThreadPool]: SQL status: OK in 0.019 seconds
[0m21:56:01.769646 [debug] [ThreadPool]: SQL status: OK in 0.019 seconds
[0m21:56:01.770412 [debug] [ThreadPool]: On list_nyc_taxi: Close
[0m21:56:01.770871 [debug] [ThreadPool]: On list_nyc_taxi: Close
[0m21:56:01.771377 [debug] [ThreadPool]: On list_nyc_taxi: Close
[0m21:56:01.771826 [debug] [ThreadPool]: Re-using an available connection from the pool (formerly list_nyc_taxi, now create_nyc_taxi_main_intermediate)
[0m21:56:01.771976 [debug] [ThreadPool]: Re-using an available connection from the pool (formerly list_nyc_taxi, now create_nyc_taxi_main_marts)
[0m21:56:01.772117 [debug] [ThreadPool]: Re-using an available connection from the pool (formerly list_nyc_taxi, now create_nyc_taxi_main_staging)
[0m21:56:01.772304 [debug] [ThreadPool]: Creating schema "database: "nyc_taxi"
schema: "main_intermediate"
"
[0m21:56:01.772472 [debug] [ThreadPool]: Creating schema "database: "nyc_taxi"
schema: "main_marts"
"
[0m21:56:01.772628 [debug] [ThreadPool]: Creating schema "database: "nyc_taxi"
schema: "main_staging"
"
[0m21:56:01.775657 [debug] [ThreadPool]: Using duckdb connection "create_nyc_taxi_main_intermediate"
[0m21:56:01.776665 [debug] [ThreadPool]: Using duckdb connection "create_nyc_taxi_main_marts"
[0m21:56:01.777565 [debug] [ThreadPool]: Using duckdb connection "create_nyc_taxi_main_staging"
[0m21:56:01.777706 [debug] [ThreadPool]: On create_nyc_taxi_main_intermediate: /* {"app": "dbt", "dbt_version": "1.11.8", "profile_name": "nyc_taxi_dbt", "target_name": "dev", "connection_name": "create_nyc_taxi_main_intermediate"} */

    
        select type from duckdb_databases()
        where lower(database_name)='nyc_taxi'
        and type='sqlite'
    
  
[0m21:56:01.777869 [debug] [ThreadPool]: On create_nyc_taxi_main_marts: /* {"app": "dbt", "dbt_version": "1.11.8", "profile_name": "nyc_taxi_dbt", "target_name": "dev", "connection_name": "create_nyc_taxi_main_marts"} */

    
        select type from duckdb_databases()
        where lower(database_name)='nyc_taxi'
        and type='sqlite'
    
  
[0m21:56:01.778029 [debug] [ThreadPool]: On create_nyc_taxi_main_staging: /* {"app": "dbt", "dbt_version": "1.11.8", "profile_name": "nyc_taxi_dbt", "target_name": "dev", "connection_name": "create_nyc_taxi_main_staging"} */

    
        select type from duckdb_databases()
        where lower(database_name)='nyc_taxi'
        and type='sqlite'
    
  
[0m21:56:01.778159 [debug] [ThreadPool]: Opening a new connection, currently in state closed
[0m21:56:01.778280 [debug] [ThreadPool]: Opening a new connection, currently in state closed
[0m21:56:01.778399 [debug] [ThreadPool]: Opening a new connection, currently in state closed
[0m21:56:01.778974 [debug] [ThreadPool]: SQL status: OK in 0.001 seconds
[0m21:56:01.779095 [debug] [ThreadPool]: SQL status: OK in 0.001 seconds
[0m21:56:01.779222 [debug] [ThreadPool]: SQL status: OK in 0.001 seconds
[0m21:56:01.780015 [debug] [ThreadPool]: Using duckdb connection "create_nyc_taxi_main_marts"
[0m21:56:01.780167 [debug] [ThreadPool]: On create_nyc_taxi_main_marts: BEGIN
[0m21:56:01.780682 [debug] [ThreadPool]: Using duckdb connection "create_nyc_taxi_main_staging"
[0m21:56:01.781184 [debug] [ThreadPool]: Using duckdb connection "create_nyc_taxi_main_intermediate"
[0m21:56:01.781324 [debug] [ThreadPool]: SQL status: OK in 0.001 seconds
[0m21:56:01.781441 [debug] [ThreadPool]: On create_nyc_taxi_main_staging: BEGIN
[0m21:56:01.781580 [debug] [ThreadPool]: On create_nyc_taxi_main_intermediate: BEGIN
[0m21:56:01.781700 [debug] [ThreadPool]: Using duckdb connection "create_nyc_taxi_main_marts"
[0m21:56:01.781907 [debug] [ThreadPool]: SQL status: OK in 0.000 seconds
[0m21:56:01.782035 [debug] [ThreadPool]: On create_nyc_taxi_main_marts: /* {"app": "dbt", "dbt_version": "1.11.8", "profile_name": "nyc_taxi_dbt", "target_name": "dev", "connection_name": "create_nyc_taxi_main_marts"} */

    
    
        create schema if not exists "nyc_taxi"."main_marts"
    
[0m21:56:01.782148 [debug] [ThreadPool]: SQL status: OK in 0.000 seconds
[0m21:56:01.782261 [debug] [ThreadPool]: Using duckdb connection "create_nyc_taxi_main_staging"
[0m21:56:01.782417 [debug] [ThreadPool]: Using duckdb connection "create_nyc_taxi_main_intermediate"
[0m21:56:01.782530 [debug] [ThreadPool]: SQL status: OK in 0.000 seconds
[0m21:56:01.782639 [debug] [ThreadPool]: On create_nyc_taxi_main_staging: /* {"app": "dbt", "dbt_version": "1.11.8", "profile_name": "nyc_taxi_dbt", "target_name": "dev", "connection_name": "create_nyc_taxi_main_staging"} */

    
    
        create schema if not exists "nyc_taxi"."main_staging"
    
[0m21:56:01.782769 [debug] [ThreadPool]: On create_nyc_taxi_main_intermediate: /* {"app": "dbt", "dbt_version": "1.11.8", "profile_name": "nyc_taxi_dbt", "target_name": "dev", "connection_name": "create_nyc_taxi_main_intermediate"} */

    
    
        create schema if not exists "nyc_taxi"."main_intermediate"
    
[0m21:56:01.783114 [debug] [ThreadPool]: On create_nyc_taxi_main_marts: COMMIT
[0m21:56:01.783370 [debug] [ThreadPool]: Using duckdb connection "create_nyc_taxi_main_marts"
[0m21:56:01.783495 [debug] [ThreadPool]: SQL status: OK in 0.000 seconds
[0m21:56:01.783602 [debug] [ThreadPool]: SQL status: OK in 0.000 seconds
[0m21:56:01.783705 [debug] [ThreadPool]: On create_nyc_taxi_main_marts: COMMIT
[0m21:56:01.784060 [debug] [ThreadPool]: On create_nyc_taxi_main_intermediate: COMMIT
[0m21:56:01.784408 [debug] [ThreadPool]: On create_nyc_taxi_main_staging: COMMIT
[0m21:56:01.784570 [debug] [ThreadPool]: Using duckdb connection "create_nyc_taxi_main_intermediate"
[0m21:56:01.784687 [debug] [ThreadPool]: SQL status: OK in 0.000 seconds
[0m21:56:01.784799 [debug] [ThreadPool]: Using duckdb connection "create_nyc_taxi_main_staging"
[0m21:56:01.784916 [debug] [ThreadPool]: On create_nyc_taxi_main_intermediate: COMMIT
[0m21:56:01.785038 [debug] [ThreadPool]: On create_nyc_taxi_main_marts: Close
[0m21:56:01.785149 [debug] [ThreadPool]: On create_nyc_taxi_main_staging: COMMIT
[0m21:56:01.785455 [debug] [ThreadPool]: SQL status: OK in 0.000 seconds
[0m21:56:01.785585 [debug] [ThreadPool]: On create_nyc_taxi_main_intermediate: Close
[0m21:56:01.785684 [debug] [ThreadPool]: SQL status: OK in 0.000 seconds
[0m21:56:01.785908 [debug] [ThreadPool]: On create_nyc_taxi_main_staging: Close
[0m21:56:01.786511 [debug] [ThreadPool]: Re-using an available connection from the pool (formerly create_nyc_taxi_main_marts, now list_nyc_taxi_main_intermediate)
[0m21:56:01.786700 [debug] [ThreadPool]: Re-using an available connection from the pool (formerly create_nyc_taxi_main_intermediate, now list_nyc_taxi_main_marts)
[0m21:56:01.786897 [debug] [ThreadPool]: Re-using an available connection from the pool (formerly create_nyc_taxi_main_staging, now list_nyc_taxi_main_staging)
[0m21:56:01.789455 [debug] [ThreadPool]: Using duckdb connection "list_nyc_taxi_main_intermediate"
[0m21:56:01.790387 [debug] [ThreadPool]: Using duckdb connection "list_nyc_taxi_main_marts"
[0m21:56:01.791229 [debug] [ThreadPool]: Using duckdb connection "list_nyc_taxi_main_staging"
[0m21:56:01.791353 [debug] [ThreadPool]: On list_nyc_taxi_main_intermediate: BEGIN
[0m21:56:01.791471 [debug] [ThreadPool]: On list_nyc_taxi_main_marts: BEGIN
[0m21:56:01.791578 [debug] [ThreadPool]: On list_nyc_taxi_main_staging: BEGIN
[0m21:56:01.791681 [debug] [ThreadPool]: Opening a new connection, currently in state closed
[0m21:56:01.791830 [debug] [ThreadPool]: Opening a new connection, currently in state closed
[0m21:56:01.791951 [debug] [ThreadPool]: Opening a new connection, currently in state closed
[0m21:56:01.792311 [debug] [ThreadPool]: SQL status: OK in 0.001 seconds
[0m21:56:01.792423 [debug] [ThreadPool]: Using duckdb connection "list_nyc_taxi_main_intermediate"
[0m21:56:01.792545 [debug] [ThreadPool]: On list_nyc_taxi_main_intermediate: /* {"app": "dbt", "dbt_version": "1.11.8", "profile_name": "nyc_taxi_dbt", "target_name": "dev", "connection_name": "list_nyc_taxi_main_intermediate"} */
select
      'nyc_taxi' as database,
      table_name as name,
      table_schema as schema,
      CASE table_type
        WHEN 'BASE TABLE' THEN 'table'
        WHEN 'VIEW' THEN 'view'
        WHEN 'LOCAL TEMPORARY' THEN 'table'
        END as type
    from system.information_schema.tables
    where lower(table_schema) = 'main_intermediate'
    and lower(table_catalog) = 'nyc_taxi'
  
[0m21:56:01.792755 [debug] [ThreadPool]: SQL status: OK in 0.001 seconds
[0m21:56:01.792871 [debug] [ThreadPool]: Using duckdb connection "list_nyc_taxi_main_marts"
[0m21:56:01.792995 [debug] [ThreadPool]: On list_nyc_taxi_main_marts: /* {"app": "dbt", "dbt_version": "1.11.8", "profile_name": "nyc_taxi_dbt", "target_name": "dev", "connection_name": "list_nyc_taxi_main_marts"} */
select
      'nyc_taxi' as database,
      table_name as name,
      table_schema as schema,
      CASE table_type
        WHEN 'BASE TABLE' THEN 'table'
        WHEN 'VIEW' THEN 'view'
        WHEN 'LOCAL TEMPORARY' THEN 'table'
        END as type
    from system.information_schema.tables
    where lower(table_schema) = 'main_marts'
    and lower(table_catalog) = 'nyc_taxi'
  
[0m21:56:01.793198 [debug] [ThreadPool]: SQL status: OK in 0.001 seconds
[0m21:56:01.793320 [debug] [ThreadPool]: Using duckdb connection "list_nyc_taxi_main_staging"
[0m21:56:01.793446 [debug] [ThreadPool]: On list_nyc_taxi_main_staging: /* {"app": "dbt", "dbt_version": "1.11.8", "profile_name": "nyc_taxi_dbt", "target_name": "dev", "connection_name": "list_nyc_taxi_main_staging"} */
select
      'nyc_taxi' as database,
      table_name as name,
      table_schema as schema,
      CASE table_type
        WHEN 'BASE TABLE' THEN 'table'
        WHEN 'VIEW' THEN 'view'
        WHEN 'LOCAL TEMPORARY' THEN 'table'
        END as type
    from system.information_schema.tables
    where lower(table_schema) = 'main_staging'
    and lower(table_catalog) = 'nyc_taxi'
  
[0m21:56:01.795238 [debug] [ThreadPool]: SQL status: OK in 0.003 seconds
[0m21:56:01.795621 [debug] [ThreadPool]: SQL status: OK in 0.002 seconds
[0m21:56:01.796180 [debug] [ThreadPool]: On list_nyc_taxi_main_intermediate: ROLLBACK
[0m21:56:01.796294 [debug] [ThreadPool]: SQL status: OK in 0.003 seconds
[0m21:56:01.796787 [debug] [ThreadPool]: On list_nyc_taxi_main_staging: ROLLBACK
[0m21:56:01.797314 [debug] [ThreadPool]: On list_nyc_taxi_main_marts: ROLLBACK
[0m21:56:01.798006 [debug] [ThreadPool]: Failed to rollback 'list_nyc_taxi_main_staging'
[0m21:56:01.798206 [debug] [ThreadPool]: Failed to rollback 'list_nyc_taxi_main_intermediate'
[0m21:56:01.798372 [debug] [ThreadPool]: Failed to rollback 'list_nyc_taxi_main_marts'
[0m21:56:01.798481 [debug] [ThreadPool]: On list_nyc_taxi_main_staging: Close
[0m21:56:01.798604 [debug] [ThreadPool]: On list_nyc_taxi_main_intermediate: Close
[0m21:56:01.798726 [debug] [ThreadPool]: On list_nyc_taxi_main_marts: Close
[0m21:56:01.799623 [debug] [MainThread]: Sending event: {'category': 'dbt', 'action': 'runnable_timing', 'label': 'f39951b7-81bc-4f63-8445-ff2be144c78b', 'context': [<snowplow_tracker.self_describing_json.SelfDescribingJson object at 0x119abb710>]}
[0m21:56:01.799838 [debug] [MainThread]: Using duckdb connection "master"
[0m21:56:01.799958 [debug] [MainThread]: On master: BEGIN
[0m21:56:01.800063 [debug] [MainThread]: Opening a new connection, currently in state init
[0m21:56:01.800256 [debug] [MainThread]: SQL status: OK in 0.000 seconds
[0m21:56:01.800373 [debug] [MainThread]: On master: COMMIT
[0m21:56:01.800483 [debug] [MainThread]: Using duckdb connection "master"
[0m21:56:01.800591 [debug] [MainThread]: On master: COMMIT
[0m21:56:01.800737 [debug] [MainThread]: SQL status: OK in 0.000 seconds
[0m21:56:01.800850 [debug] [MainThread]: On master: Close
[0m21:56:01.802220 [debug] [Thread-1 (]: Began running node model.nyc_taxi_dbt.stg_yellow_taxi_trips
[0m21:56:01.802446 [info ] [Thread-1 (]: 1 of 6 START sql view model main_staging.stg_yellow_taxi_trips ................. [RUN]
[0m21:56:01.802633 [debug] [Thread-1 (]: Re-using an available connection from the pool (formerly list_nyc_taxi_main_intermediate, now model.nyc_taxi_dbt.stg_yellow_taxi_trips)
[0m21:56:01.802784 [debug] [Thread-1 (]: Began compiling node model.nyc_taxi_dbt.stg_yellow_taxi_trips
[0m21:56:01.811545 [debug] [Thread-1 (]: Writing injected SQL for node "model.nyc_taxi_dbt.stg_yellow_taxi_trips"
[0m21:56:01.811914 [debug] [Thread-1 (]: Began executing node model.nyc_taxi_dbt.stg_yellow_taxi_trips
[0m21:56:01.825325 [debug] [Thread-1 (]: Writing runtime sql for node "model.nyc_taxi_dbt.stg_yellow_taxi_trips"
[0m21:56:01.825703 [debug] [Thread-1 (]: Using duckdb connection "model.nyc_taxi_dbt.stg_yellow_taxi_trips"
[0m21:56:01.825860 [debug] [Thread-1 (]: On model.nyc_taxi_dbt.stg_yellow_taxi_trips: BEGIN
[0m21:56:01.825997 [debug] [Thread-1 (]: Opening a new connection, currently in state closed
[0m21:56:01.826337 [debug] [Thread-1 (]: SQL status: OK in 0.000 seconds
[0m21:56:01.826483 [debug] [Thread-1 (]: Using duckdb connection "model.nyc_taxi_dbt.stg_yellow_taxi_trips"
[0m21:56:01.826705 [debug] [Thread-1 (]: On model.nyc_taxi_dbt.stg_yellow_taxi_trips: /* {"app": "dbt", "dbt_version": "1.11.8", "profile_name": "nyc_taxi_dbt", "target_name": "dev", "node_id": "model.nyc_taxi_dbt.stg_yellow_taxi_trips"} */

  
  create view "nyc_taxi"."main_staging"."stg_yellow_taxi_trips__dbt_tmp" as (
    -- =============================================================
--  models/staging/stg_yellow_taxi_trips.sql
--
--  WHAT THIS MODEL DOES:
--  This is the "cleaning station." It reads from the raw source
--  table and does three things:
--    1. Renames ugly column names to readable ones
--    2. Filters out bad/corrupt rows (impossible values)
--    3. Creates a unique ID (trip_id) for each row
--
--  Every model downstream reads from THIS model — never from raw.
--  Materialized as: VIEW (no storage used, always up to date). A reusable named SELECT statement not stored data.
-- =============================================================

with source as (

    -- source() is dbt syntax
    -- registered in sources.yml and tracks lineage automatically
    select * from "nyc_taxi"."raw"."yellow_taxi_trips"

),

cleaned as (

    select

        -- ── Unique trip identifier ────────────────────────────
        -- generate_surrogate_key() hashes these columns together
        -- to create a unique ID for every row
        md5(cast(coalesce(cast(VendorID as TEXT), '_dbt_utils_surrogate_key_null_') || '-' || coalesce(cast(tpep_pickup_datetime as TEXT), '_dbt_utils_surrogate_key_null_') || '-' || coalesce(cast(tpep_dropoff_datetime as TEXT), '_dbt_utils_surrogate_key_null_') || '-' || coalesce(cast(PULocationID as TEXT), '_dbt_utils_surrogate_key_null_') || '-' || coalesce(cast(DOLocationID as TEXT), '_dbt_utils_surrogate_key_null_') as TEXT)) as trip_id,

        -- ── Vendor ────────────────────────────────────────────
        VendorID                            as vendor_id,

        -- ── Timestamps ────────────────────────────────────────
        tpep_pickup_datetime                as pickup_at,
        tpep_dropoff_datetime               as dropoff_at,

        -- ── Trip details ──────────────────────────────────────
        passenger_count,
        trip_distance,
        RatecodeID                          as rate_code_id,
        PULocationID                        as pickup_location_id,
        DOLocationID                        as dropoff_location_id,

        -- ── Payment ───────────────────────────────────────────
        payment_type,
        fare_amount,
        extra,
        mta_tax,
        tip_amount,
        tolls_amount,
        improvement_surcharge,
        total_amount,
        congestion_surcharge,

        -- ── Derived column: trip duration in minutes ──────────
        -- date_diff is a DuckDB function
        date_diff('minute', tpep_pickup_datetime, tpep_dropoff_datetime)
            as trip_duration_minutes

    from source

    where
        -- Remove rows where the trip clearly didn't happen
        trip_distance  > 0
        and fare_amount   > 0
        and total_amount  > 0

        -- Remove rows where dropoff is before pickup (data error)
        and tpep_pickup_datetime < tpep_dropoff_datetime

        -- Keep only data from the month we loaded
        and tpep_pickup_datetime >= '2024-01-01'
        and tpep_pickup_datetime <  '2024-02-01'

)

select * from cleaned
  );

[0m21:56:01.827456 [debug] [Thread-1 (]: SQL status: OK in 0.001 seconds
[0m21:56:01.830264 [debug] [Thread-1 (]: Using duckdb connection "model.nyc_taxi_dbt.stg_yellow_taxi_trips"
[0m21:56:01.830432 [debug] [Thread-1 (]: On model.nyc_taxi_dbt.stg_yellow_taxi_trips: /* {"app": "dbt", "dbt_version": "1.11.8", "profile_name": "nyc_taxi_dbt", "target_name": "dev", "node_id": "model.nyc_taxi_dbt.stg_yellow_taxi_trips"} */
alter view "nyc_taxi"."main_staging"."stg_yellow_taxi_trips" rename to "stg_yellow_taxi_trips__dbt_backup"
[0m21:56:01.831044 [debug] [Thread-1 (]: SQL status: OK in 0.000 seconds
[0m21:56:01.832312 [debug] [Thread-1 (]: Using duckdb connection "model.nyc_taxi_dbt.stg_yellow_taxi_trips"
[0m21:56:01.832461 [debug] [Thread-1 (]: On model.nyc_taxi_dbt.stg_yellow_taxi_trips: /* {"app": "dbt", "dbt_version": "1.11.8", "profile_name": "nyc_taxi_dbt", "target_name": "dev", "node_id": "model.nyc_taxi_dbt.stg_yellow_taxi_trips"} */
alter view "nyc_taxi"."main_staging"."stg_yellow_taxi_trips__dbt_tmp" rename to "stg_yellow_taxi_trips"
[0m21:56:01.832688 [debug] [Thread-1 (]: SQL status: OK in 0.000 seconds
[0m21:56:01.838456 [debug] [Thread-1 (]: On model.nyc_taxi_dbt.stg_yellow_taxi_trips: COMMIT
[0m21:56:01.838660 [debug] [Thread-1 (]: Using duckdb connection "model.nyc_taxi_dbt.stg_yellow_taxi_trips"
[0m21:56:01.838800 [debug] [Thread-1 (]: On model.nyc_taxi_dbt.stg_yellow_taxi_trips: COMMIT
[0m21:56:01.839547 [debug] [Thread-1 (]: SQL status: OK in 0.001 seconds
[0m21:56:01.842003 [debug] [Thread-1 (]: Using duckdb connection "model.nyc_taxi_dbt.stg_yellow_taxi_trips"
[0m21:56:01.842169 [debug] [Thread-1 (]: On model.nyc_taxi_dbt.stg_yellow_taxi_trips: /* {"app": "dbt", "dbt_version": "1.11.8", "profile_name": "nyc_taxi_dbt", "target_name": "dev", "node_id": "model.nyc_taxi_dbt.stg_yellow_taxi_trips"} */

      drop view if exists "nyc_taxi"."main_staging"."stg_yellow_taxi_trips__dbt_backup" cascade
    
[0m21:56:01.842491 [debug] [Thread-1 (]: SQL status: OK in 0.000 seconds
[0m21:56:01.843545 [debug] [Thread-1 (]: On model.nyc_taxi_dbt.stg_yellow_taxi_trips: Close
[0m21:56:01.844492 [debug] [Thread-1 (]: Sending event: {'category': 'dbt', 'action': 'run_model', 'label': 'f39951b7-81bc-4f63-8445-ff2be144c78b', 'context': [<snowplow_tracker.self_describing_json.SelfDescribingJson object at 0x119e39290>]}
[0m21:56:01.844785 [info ] [Thread-1 (]: 1 of 6 OK created sql view model main_staging.stg_yellow_taxi_trips ............ [[32mOK[0m in 0.04s]
[0m21:56:01.845015 [debug] [Thread-1 (]: Finished running node model.nyc_taxi_dbt.stg_yellow_taxi_trips
[0m21:56:01.845338 [debug] [Thread-3 (]: Began running node model.nyc_taxi_dbt.int_trip_revenue_metrics
[0m21:56:01.845519 [debug] [Thread-4 (]: Began running node model.nyc_taxi_dbt.int_trips_with_time_features
[0m21:56:01.845770 [info ] [Thread-3 (]: 2 of 6 START sql view model main_intermediate.int_trip_revenue_metrics ......... [RUN]
[0m21:56:01.846003 [info ] [Thread-4 (]: 3 of 6 START sql view model main_intermediate.int_trips_with_time_features ..... [RUN]
[0m21:56:01.846299 [debug] [Thread-3 (]: Re-using an available connection from the pool (formerly list_nyc_taxi_main_staging, now model.nyc_taxi_dbt.int_trip_revenue_metrics)
[0m21:56:01.846520 [debug] [Thread-4 (]: Acquiring new duckdb connection 'model.nyc_taxi_dbt.int_trips_with_time_features'
[0m21:56:01.846677 [debug] [Thread-3 (]: Began compiling node model.nyc_taxi_dbt.int_trip_revenue_metrics
[0m21:56:01.846830 [debug] [Thread-4 (]: Began compiling node model.nyc_taxi_dbt.int_trips_with_time_features
[0m21:56:01.848321 [debug] [Thread-3 (]: Writing injected SQL for node "model.nyc_taxi_dbt.int_trip_revenue_metrics"
[0m21:56:01.849621 [debug] [Thread-4 (]: Writing injected SQL for node "model.nyc_taxi_dbt.int_trips_with_time_features"
[0m21:56:01.849942 [debug] [Thread-3 (]: Began executing node model.nyc_taxi_dbt.int_trip_revenue_metrics
[0m21:56:01.850082 [debug] [Thread-4 (]: Began executing node model.nyc_taxi_dbt.int_trips_with_time_features
[0m21:56:01.851572 [debug] [Thread-3 (]: Writing runtime sql for node "model.nyc_taxi_dbt.int_trip_revenue_metrics"
[0m21:56:01.853799 [debug] [Thread-4 (]: Writing runtime sql for node "model.nyc_taxi_dbt.int_trips_with_time_features"
[0m21:56:01.854254 [debug] [Thread-4 (]: Using duckdb connection "model.nyc_taxi_dbt.int_trips_with_time_features"
[0m21:56:01.854420 [debug] [Thread-3 (]: Using duckdb connection "model.nyc_taxi_dbt.int_trip_revenue_metrics"
[0m21:56:01.854574 [debug] [Thread-4 (]: On model.nyc_taxi_dbt.int_trips_with_time_features: BEGIN
[0m21:56:01.854735 [debug] [Thread-3 (]: On model.nyc_taxi_dbt.int_trip_revenue_metrics: BEGIN
[0m21:56:01.854882 [debug] [Thread-4 (]: Opening a new connection, currently in state init
[0m21:56:01.855016 [debug] [Thread-3 (]: Opening a new connection, currently in state closed
[0m21:56:01.855334 [debug] [Thread-4 (]: SQL status: OK in 0.000 seconds
[0m21:56:01.855492 [debug] [Thread-3 (]: SQL status: OK in 0.000 seconds
[0m21:56:01.855624 [debug] [Thread-4 (]: Using duckdb connection "model.nyc_taxi_dbt.int_trips_with_time_features"
[0m21:56:01.855769 [debug] [Thread-3 (]: Using duckdb connection "model.nyc_taxi_dbt.int_trip_revenue_metrics"
[0m21:56:01.855987 [debug] [Thread-4 (]: On model.nyc_taxi_dbt.int_trips_with_time_features: /* {"app": "dbt", "dbt_version": "1.11.8", "profile_name": "nyc_taxi_dbt", "target_name": "dev", "node_id": "model.nyc_taxi_dbt.int_trips_with_time_features"} */

  
  create view "nyc_taxi"."main_intermediate"."int_trips_with_time_features__dbt_tmp" as (
    -- =============================================================
--  models/intermediate/int_trips_with_time_features.sql
--
--  WHAT THIS MODEL DOES:
--  Takes the clean staging data and adds time-based columns that
--  multiple mart models will need. Instead of repeating this logic
--  in every mart, we write it once here.
--
--  New columns added:
--    pickup_hour     → 0 to 23
--    day_of_week     → 0 (Sunday) to 6 (Saturday)
--    day_name        → "Monday", "Tuesday", etc.
--    pickup_date     → just the date, no time (e.g. 2024-01-15)
--    time_of_day     → "Morning Rush", "Evening Rush", "Midday", etc.
--    is_weekend      → true / false
--
-- =============================================================

with trips as (

    -- ref() references upstream models
    -- dbt automatically figures out the order to build models
    select * from "nyc_taxi"."main_staging"."stg_yellow_taxi_trips"

),

time_features as (

    select

        -- ── All columns from staging ──────────────────────────
        *,

        -- ── Hour of pickup (0 = midnight, 23 = 11pm) ─────────
        extract(hour from pickup_at)            as pickup_hour,

        -- ── Day of week (0 = Sunday, 6 = Saturday) ───────────
        extract(dow from pickup_at)             as day_of_week,

        -- ── Human-readable day name ───────────────────────────
        dayname(pickup_at)                      as day_name,

        -- ── Date only — useful for daily GROUP BY queries ─────
        pickup_at::date                         as pickup_date,

        -- ── Time-of-day bucket ────────────────────────────────
        -- This classifies each trip into a named period
        case
            when extract(hour from pickup_at) between 7  and 9  then 'Morning Rush'
            when extract(hour from pickup_at) between 16 and 19 then 'Evening Rush'
            when extract(hour from pickup_at) between 10 and 15 then 'Midday'
            when extract(hour from pickup_at) between 20 and 23 then 'Night'
            else                                                      'Early Morning'
        end                                     as time_of_day,

        -- ── Weekend flag ──────────────────────────────────────
        -- In DuckDB, dow: 0 = Sunday, 6 = Saturday
        case
            when extract(dow from pickup_at) in (0, 6) then true
            else false
        end                                     as is_weekend

    from trips

)

select * from time_features
  );

[0m21:56:01.856306 [debug] [Thread-3 (]: On model.nyc_taxi_dbt.int_trip_revenue_metrics: /* {"app": "dbt", "dbt_version": "1.11.8", "profile_name": "nyc_taxi_dbt", "target_name": "dev", "node_id": "model.nyc_taxi_dbt.int_trip_revenue_metrics"} */

  
  create view "nyc_taxi"."main_intermediate"."int_trip_revenue_metrics__dbt_tmp" as (
    -- =============================================================
--  models/intermediate/int_trip_revenue_metrics.sql
--
--  WHAT THIS MODEL DOES:
--  Calculates money and fare-related metrics for every trip.
--  Multiple mart models need these calculations — writing them
--  here once prevents copy-pasting the same CASE statements
--  across multiple files.
--
--  New columns added:
--    tip_percentage    → tip as a % of the base fare
--    revenue_per_mile  → total amount ÷ trip distance
--    revenue_per_min   → total amount ÷ trip duration
--    payment_label     → "Credit Card" instead of the number 1
--    tip_tier          → "No Tip", "Low", "Medium", "High"
--    fare_bucket       → fare grouped into $5 ranges
--
-- =============================================================

with trips as (
    -- ref() references upstream models
    -- dbt automatically figures out the order to build models
    select * from "nyc_taxi"."main_staging"."stg_yellow_taxi_trips"

),

revenue_metrics as (

    select

        -- ── All columns from staging ──────────────────────────
        *,

        -- ── Tip percentage ────────────────────────────────────
        -- How much did the passenger tip relative to the base fare?
        case
            when fare_amount > 0
            then round((tip_amount / fare_amount) * 100, 2)
            else 0
        end                                     as tip_percentage,

        -- ── Revenue per mile ──────────────────────────────────
        -- Useful for comparing efficiency of short vs long trips
        case
            when trip_distance > 0
            then round(total_amount / trip_distance, 2)
            else null
        end                                     as revenue_per_mile,

        -- ── Revenue per minute ────────────────────────────────
        case
            when trip_duration_minutes > 0
            then round(total_amount / trip_duration_minutes, 2)
            else null
        end                                     as revenue_per_minute,

        -- ── Payment label ─────────────────────────────────────
        -- Turns the integer code into a readable string
        case payment_type
            when 1 then 'Credit Card'
            when 2 then 'Cash'
            when 3 then 'No Charge'
            when 4 then 'Dispute'
            else        'Unknown'
        end                                     as payment_label,

        -- ── Tip tier ──────────────────────────────────────────
        -- Buckets trips by how much was tipped
        case
            when tip_amount = 0              then 'No Tip'
            when tip_amount < 2              then 'Low  (under $2)'
            when tip_amount between 2 and 5  then 'Medium ($2–$5)'
            else                                  'High (over $5)'
        end                                     as tip_tier,

        -- ── Fare bucket ───────────────────────────────────────
        -- Groups base fares into $5/$10 ranges
        case
            when fare_amount < 5             then '$0–$5'
            when fare_amount < 10            then '$5–$10'
            when fare_amount < 20            then '$10–$20'
            when fare_amount < 30            then '$20–$30'
            else                                  '$30+'
        end                                     as fare_bucket

    from trips

)

select * from revenue_metrics
  );

[0m21:56:01.857595 [debug] [Thread-4 (]: SQL status: OK in 0.001 seconds
[0m21:56:01.857750 [debug] [Thread-3 (]: SQL status: OK in 0.001 seconds
[0m21:56:01.859103 [debug] [Thread-4 (]: Using duckdb connection "model.nyc_taxi_dbt.int_trips_with_time_features"
[0m21:56:01.860409 [debug] [Thread-3 (]: Using duckdb connection "model.nyc_taxi_dbt.int_trip_revenue_metrics"
[0m21:56:01.860570 [debug] [Thread-4 (]: On model.nyc_taxi_dbt.int_trips_with_time_features: /* {"app": "dbt", "dbt_version": "1.11.8", "profile_name": "nyc_taxi_dbt", "target_name": "dev", "node_id": "model.nyc_taxi_dbt.int_trips_with_time_features"} */
alter view "nyc_taxi"."main_intermediate"."int_trips_with_time_features" rename to "int_trips_with_time_features__dbt_backup"
[0m21:56:01.860741 [debug] [Thread-3 (]: On model.nyc_taxi_dbt.int_trip_revenue_metrics: /* {"app": "dbt", "dbt_version": "1.11.8", "profile_name": "nyc_taxi_dbt", "target_name": "dev", "node_id": "model.nyc_taxi_dbt.int_trip_revenue_metrics"} */
alter view "nyc_taxi"."main_intermediate"."int_trip_revenue_metrics" rename to "int_trip_revenue_metrics__dbt_backup"
[0m21:56:01.861019 [debug] [Thread-4 (]: SQL status: OK in 0.000 seconds
[0m21:56:01.861157 [debug] [Thread-3 (]: SQL status: OK in 0.000 seconds
[0m21:56:01.862407 [debug] [Thread-4 (]: Using duckdb connection "model.nyc_taxi_dbt.int_trips_with_time_features"
[0m21:56:01.863659 [debug] [Thread-3 (]: Using duckdb connection "model.nyc_taxi_dbt.int_trip_revenue_metrics"
[0m21:56:01.863817 [debug] [Thread-4 (]: On model.nyc_taxi_dbt.int_trips_with_time_features: /* {"app": "dbt", "dbt_version": "1.11.8", "profile_name": "nyc_taxi_dbt", "target_name": "dev", "node_id": "model.nyc_taxi_dbt.int_trips_with_time_features"} */
alter view "nyc_taxi"."main_intermediate"."int_trips_with_time_features__dbt_tmp" rename to "int_trips_with_time_features"
[0m21:56:01.863984 [debug] [Thread-3 (]: On model.nyc_taxi_dbt.int_trip_revenue_metrics: /* {"app": "dbt", "dbt_version": "1.11.8", "profile_name": "nyc_taxi_dbt", "target_name": "dev", "node_id": "model.nyc_taxi_dbt.int_trip_revenue_metrics"} */
alter view "nyc_taxi"."main_intermediate"."int_trip_revenue_metrics__dbt_tmp" rename to "int_trip_revenue_metrics"
[0m21:56:01.864269 [debug] [Thread-4 (]: SQL status: OK in 0.000 seconds
[0m21:56:01.864403 [debug] [Thread-3 (]: SQL status: OK in 0.000 seconds
[0m21:56:01.864971 [debug] [Thread-4 (]: On model.nyc_taxi_dbt.int_trips_with_time_features: COMMIT
[0m21:56:01.865501 [debug] [Thread-3 (]: On model.nyc_taxi_dbt.int_trip_revenue_metrics: COMMIT
[0m21:56:01.865648 [debug] [Thread-4 (]: Using duckdb connection "model.nyc_taxi_dbt.int_trips_with_time_features"
[0m21:56:01.865802 [debug] [Thread-3 (]: Using duckdb connection "model.nyc_taxi_dbt.int_trip_revenue_metrics"
[0m21:56:01.865941 [debug] [Thread-4 (]: On model.nyc_taxi_dbt.int_trips_with_time_features: COMMIT
[0m21:56:01.866073 [debug] [Thread-3 (]: On model.nyc_taxi_dbt.int_trip_revenue_metrics: COMMIT
[0m21:56:01.866460 [debug] [Thread-4 (]: SQL status: OK in 0.000 seconds
[0m21:56:01.867509 [debug] [Thread-4 (]: Using duckdb connection "model.nyc_taxi_dbt.int_trips_with_time_features"
[0m21:56:01.867656 [debug] [Thread-4 (]: On model.nyc_taxi_dbt.int_trips_with_time_features: /* {"app": "dbt", "dbt_version": "1.11.8", "profile_name": "nyc_taxi_dbt", "target_name": "dev", "node_id": "model.nyc_taxi_dbt.int_trips_with_time_features"} */

      drop view if exists "nyc_taxi"."main_intermediate"."int_trips_with_time_features__dbt_backup" cascade
    
[0m21:56:01.867836 [debug] [Thread-3 (]: SQL status: OK in 0.002 seconds
[0m21:56:01.868909 [debug] [Thread-3 (]: Using duckdb connection "model.nyc_taxi_dbt.int_trip_revenue_metrics"
[0m21:56:01.869064 [debug] [Thread-3 (]: On model.nyc_taxi_dbt.int_trip_revenue_metrics: /* {"app": "dbt", "dbt_version": "1.11.8", "profile_name": "nyc_taxi_dbt", "target_name": "dev", "node_id": "model.nyc_taxi_dbt.int_trip_revenue_metrics"} */

      drop view if exists "nyc_taxi"."main_intermediate"."int_trip_revenue_metrics__dbt_backup" cascade
    
[0m21:56:01.869211 [debug] [Thread-4 (]: SQL status: OK in 0.001 seconds
[0m21:56:01.869796 [debug] [Thread-4 (]: On model.nyc_taxi_dbt.int_trips_with_time_features: Close
[0m21:56:01.870054 [debug] [Thread-3 (]: SQL status: OK in 0.001 seconds
[0m21:56:01.870195 [debug] [Thread-4 (]: Sending event: {'category': 'dbt', 'action': 'run_model', 'label': 'f39951b7-81bc-4f63-8445-ff2be144c78b', 'context': [<snowplow_tracker.self_describing_json.SelfDescribingJson object at 0x11aa84510>]}
[0m21:56:01.870741 [debug] [Thread-3 (]: On model.nyc_taxi_dbt.int_trip_revenue_metrics: Close
[0m21:56:01.871032 [info ] [Thread-4 (]: 3 of 6 OK created sql view model main_intermediate.int_trips_with_time_features  [[32mOK[0m in 0.02s]
[0m21:56:01.871267 [debug] [Thread-3 (]: Sending event: {'category': 'dbt', 'action': 'run_model', 'label': 'f39951b7-81bc-4f63-8445-ff2be144c78b', 'context': [<snowplow_tracker.self_describing_json.SelfDescribingJson object at 0x119e33b90>]}
[0m21:56:01.871477 [debug] [Thread-4 (]: Finished running node model.nyc_taxi_dbt.int_trips_with_time_features
[0m21:56:01.871721 [info ] [Thread-3 (]: 2 of 6 OK created sql view model main_intermediate.int_trip_revenue_metrics .... [[32mOK[0m in 0.02s]
[0m21:56:01.871995 [debug] [Thread-1 (]: Began running node model.nyc_taxi_dbt.mart_hourly_demand
[0m21:56:01.872188 [debug] [Thread-3 (]: Finished running node model.nyc_taxi_dbt.int_trip_revenue_metrics
[0m21:56:01.872380 [info ] [Thread-1 (]: 4 of 6 START sql table model main_marts.mart_hourly_demand ..................... [RUN]
[0m21:56:01.872660 [debug] [Thread-1 (]: Re-using an available connection from the pool (formerly model.nyc_taxi_dbt.stg_yellow_taxi_trips, now model.nyc_taxi_dbt.mart_hourly_demand)
[0m21:56:01.872807 [debug] [Thread-4 (]: Began running node model.nyc_taxi_dbt.mart_daily_trip_summary
[0m21:56:01.872953 [debug] [Thread-2 (]: Began running node model.nyc_taxi_dbt.mart_payment_analysis
[0m21:56:01.873088 [debug] [Thread-1 (]: Began compiling node model.nyc_taxi_dbt.mart_hourly_demand
[0m21:56:01.873277 [info ] [Thread-4 (]: 5 of 6 START sql table model main_marts.mart_daily_trip_summary ................ [RUN]
[0m21:56:01.873472 [info ] [Thread-2 (]: 6 of 6 START sql table model main_marts.mart_payment_analysis .................. [RUN]
[0m21:56:01.874984 [debug] [Thread-1 (]: Writing injected SQL for node "model.nyc_taxi_dbt.mart_hourly_demand"
[0m21:56:01.875183 [debug] [Thread-4 (]: Re-using an available connection from the pool (formerly model.nyc_taxi_dbt.int_trips_with_time_features, now model.nyc_taxi_dbt.mart_daily_trip_summary)
[0m21:56:01.875357 [debug] [Thread-2 (]: Re-using an available connection from the pool (formerly list_nyc_taxi_main_marts, now model.nyc_taxi_dbt.mart_payment_analysis)
[0m21:56:01.875550 [debug] [Thread-4 (]: Began compiling node model.nyc_taxi_dbt.mart_daily_trip_summary
[0m21:56:01.875710 [debug] [Thread-2 (]: Began compiling node model.nyc_taxi_dbt.mart_payment_analysis
[0m21:56:01.877205 [debug] [Thread-4 (]: Writing injected SQL for node "model.nyc_taxi_dbt.mart_daily_trip_summary"
[0m21:56:01.878534 [debug] [Thread-2 (]: Writing injected SQL for node "model.nyc_taxi_dbt.mart_payment_analysis"
[0m21:56:01.878678 [debug] [Thread-1 (]: Began executing node model.nyc_taxi_dbt.mart_hourly_demand
[0m21:56:01.888572 [debug] [Thread-1 (]: Writing runtime sql for node "model.nyc_taxi_dbt.mart_hourly_demand"
[0m21:56:01.888809 [debug] [Thread-4 (]: Began executing node model.nyc_taxi_dbt.mart_daily_trip_summary
[0m21:56:01.889003 [debug] [Thread-2 (]: Began executing node model.nyc_taxi_dbt.mart_payment_analysis
[0m21:56:01.890455 [debug] [Thread-4 (]: Writing runtime sql for node "model.nyc_taxi_dbt.mart_daily_trip_summary"
[0m21:56:01.891767 [debug] [Thread-2 (]: Writing runtime sql for node "model.nyc_taxi_dbt.mart_payment_analysis"
[0m21:56:01.892014 [debug] [Thread-1 (]: Using duckdb connection "model.nyc_taxi_dbt.mart_hourly_demand"
[0m21:56:01.892208 [debug] [Thread-1 (]: On model.nyc_taxi_dbt.mart_hourly_demand: BEGIN
[0m21:56:01.892386 [debug] [Thread-4 (]: Using duckdb connection "model.nyc_taxi_dbt.mart_daily_trip_summary"
[0m21:56:01.892528 [debug] [Thread-1 (]: Opening a new connection, currently in state closed
[0m21:56:01.892673 [debug] [Thread-2 (]: Using duckdb connection "model.nyc_taxi_dbt.mart_payment_analysis"
[0m21:56:01.892813 [debug] [Thread-4 (]: On model.nyc_taxi_dbt.mart_daily_trip_summary: BEGIN
[0m21:56:01.893073 [debug] [Thread-2 (]: On model.nyc_taxi_dbt.mart_payment_analysis: BEGIN
[0m21:56:01.893217 [debug] [Thread-4 (]: Opening a new connection, currently in state closed
[0m21:56:01.893353 [debug] [Thread-1 (]: SQL status: OK in 0.001 seconds
[0m21:56:01.893487 [debug] [Thread-2 (]: Opening a new connection, currently in state closed
[0m21:56:01.893669 [debug] [Thread-1 (]: Using duckdb connection "model.nyc_taxi_dbt.mart_hourly_demand"
[0m21:56:01.893805 [debug] [Thread-4 (]: SQL status: OK in 0.001 seconds
[0m21:56:01.894068 [debug] [Thread-1 (]: On model.nyc_taxi_dbt.mart_hourly_demand: /* {"app": "dbt", "dbt_version": "1.11.8", "profile_name": "nyc_taxi_dbt", "target_name": "dev", "node_id": "model.nyc_taxi_dbt.mart_hourly_demand"} */

  
    
    

    create  table
      "nyc_taxi"."main_marts"."mart_hourly_demand__dbt_tmp"
  
    as (
      -- =============================================================
--  models/marts/mart_hourly_demand.sql
--
--  WHAT THIS MODEL DOES:
--  Answers "when and where are taxis most in demand?"
--  One row per day + hour + pickup zone combination.
--  Useful for visualizing heatmaps, rush hour patterns,
--  and which neighborhoods generate the most trips.

--  Materialized as: TABLE
-- =============================================================

with trips as (

    select * from "nyc_taxi"."main_intermediate"."int_trips_with_time_features"

),

hourly_aggregated as (

    select

        -- ── Dimensions ────────────────────────────────────────
        pickup_date,
        pickup_hour,
        day_name,
        is_weekend,
        time_of_day,            -- "Morning Rush", "Evening Rush", etc.
        pickup_location_id,

        -- ── Volume metrics ────────────────────────────────────
        count(*)                                        as total_trips,

        -- ── Trip characteristics ──────────────────────────────
        round(avg(trip_distance),          2)           as avg_distance_miles,
        round(avg(trip_duration_minutes),  1)           as avg_duration_minutes,
        round(sum(trip_distance),          2)           as total_miles_traveled

    from trips
    group by
        pickup_date,
        pickup_hour,
        day_name,
        is_weekend,
        time_of_day,
        pickup_location_id

),

with_rankings as (

    select
        *,

        -- ── Rank each hour within a given day ─────────────────
        -- rank 1 = busiest hour of that day
        rank() over (
            partition by pickup_date
            order by total_trips desc
        )                                               as hour_rank_that_day,

        -- ── Rank each pickup zone for each hour ───────────────
        -- rank 1 = busiest zone during that hour
        rank() over (
            partition by pickup_date, pickup_hour
            order by total_trips desc
        )                                               as zone_rank_that_hour

    from hourly_aggregated

)

select * from with_rankings
order by pickup_date, pickup_hour, total_trips desc
    );
  
  
[0m21:56:01.894271 [debug] [Thread-2 (]: SQL status: OK in 0.001 seconds
[0m21:56:01.894413 [debug] [Thread-4 (]: Using duckdb connection "model.nyc_taxi_dbt.mart_daily_trip_summary"
[0m21:56:01.894681 [debug] [Thread-2 (]: Using duckdb connection "model.nyc_taxi_dbt.mart_payment_analysis"
[0m21:56:01.894915 [debug] [Thread-4 (]: On model.nyc_taxi_dbt.mart_daily_trip_summary: /* {"app": "dbt", "dbt_version": "1.11.8", "profile_name": "nyc_taxi_dbt", "target_name": "dev", "node_id": "model.nyc_taxi_dbt.mart_daily_trip_summary"} */

  
    
    

    create  table
      "nyc_taxi"."main_marts"."mart_daily_trip_summary__dbt_tmp"
  
    as (
      -- =============================================================
--  models/marts/mart_daily_trip_summary.sql
--
--  WHAT THIS MODEL DOES:
--  Aggregates millions of individual trip rows into one row
--  per day per payment type. This is the table a manager or
--  BI dashboard would query to answer questions like:
--    - "How much revenue did we make on January 15th?"
--    - "Do credit card users spend more than cash users?"
--    - "Which days of the week are busiest?"
--
--  Materialized as: TABLE (a real table in the database)
--  Downstream use: Tableau, Power BI, Metabase, Looker, etc.
-- =============================================================

with time_data as (

    select * from "nyc_taxi"."main_intermediate"."int_trips_with_time_features"

),

revenue_data as (

    select
        trip_id,
        payment_label,
        total_amount,
        tip_amount,
        fare_amount,
        revenue_per_mile
    from "nyc_taxi"."main_intermediate"."int_trip_revenue_metrics"

),

-- Join the two intermediate models together on trip_id
joined as (

    select
        t.trip_id,
        t.pickup_date,
        t.day_name,
        t.is_weekend,
        t.trip_distance,
        t.trip_duration_minutes,
        r.payment_label,
        r.total_amount,
        r.tip_amount,
        r.fare_amount,
        r.revenue_per_mile

    from time_data t
    inner join revenue_data r on t.trip_id = r.trip_id

),

-- Aggregate to one row per day per payment type
daily_summary as (

    select

        -- ── Dimensions (what we're grouping by) ───────────────
        pickup_date,
        day_name,
        is_weekend,
        payment_label,

        -- ── Trip volume ───────────────────────────────────────
        count(*)                                        as total_trips,

        -- ── Revenue metrics ───────────────────────────────────
        round(sum(total_amount),  2)                    as total_revenue,
        round(avg(total_amount),  2)                    as avg_fare_per_trip,
        round(avg(tip_amount),    2)                    as avg_tip_amount,

        -- Overall tip rate for this day/payment group
        round(
            sum(tip_amount) / nullif(sum(fare_amount), 0) * 100,
        2)                                              as tip_rate_pct,

        -- ── Trip characteristics ──────────────────────────────
        round(avg(trip_distance),          2)           as avg_distance_miles,
        round(avg(trip_duration_minutes),  1)           as avg_duration_minutes,
        round(avg(revenue_per_mile),       2)           as avg_revenue_per_mile

    from joined
    group by
        pickup_date,
        day_name,
        is_weekend,
        payment_label

)

select * from daily_summary
order by pickup_date, payment_label
    );
  
  
[0m21:56:01.895227 [debug] [Thread-2 (]: On model.nyc_taxi_dbt.mart_payment_analysis: /* {"app": "dbt", "dbt_version": "1.11.8", "profile_name": "nyc_taxi_dbt", "target_name": "dev", "node_id": "model.nyc_taxi_dbt.mart_payment_analysis"} */

  
    
    

    create  table
      "nyc_taxi"."main_marts"."mart_payment_analysis__dbt_tmp"
  
    as (
      -- =============================================================
--  models/marts/mart_payment_analysis.sql
--
--  WHAT THIS MODEL DOES:
--  Analyzes tipping behavior broken down by payment method
--  and fare size. This is an insight-rich mart that answers
--  real business questions:
--    - "Do credit card users always tip more than cash users?"
--    - "At what fare amount do tips start dropping off?"
--    - "What % of trips receive no tip at all?"
--    - "Which fare bucket is most profitable per mile?"
--
--  One row per combination of: payment method + fare bucket + tip tier
--
--  Materialized as: TABLE
-- =============================================================

with revenue as (

    select * from "nyc_taxi"."main_intermediate"."int_trip_revenue_metrics"

),

-- Aggregate by payment type, fare range, and tip behavior
payment_summary as (

    select

        -- ── Dimensions ────────────────────────────────────────
        payment_label,          -- "Credit Card", "Cash", etc.
        fare_bucket,            -- "$5–$10", "$10–$20", etc.
        tip_tier,               -- "No Tip", "Low", "Medium", "High"

        -- ── Volume ────────────────────────────────────────────
        count(*)                                            as total_trips,

        -- ── Tip metrics ───────────────────────────────────────
        round(avg(tip_percentage),  2)                      as avg_tip_pct,
        round(avg(tip_amount),      2)                      as avg_tip_dollars,
        round(min(tip_amount),      2)                      as min_tip,
        round(max(tip_amount),      2)                      as max_tip,

        -- ── Fare metrics ──────────────────────────────────────
        round(avg(fare_amount),     2)                      as avg_fare,
        round(avg(total_amount),    2)                      as avg_total_charged,

        -- ── Efficiency metrics ────────────────────────────────
        round(avg(revenue_per_mile),    2)                  as avg_revenue_per_mile,
        round(avg(revenue_per_minute),  2)                  as avg_revenue_per_minute,

        -- ── No-tip rate ───────────────────────────────────────
        -- What % of trips in this group received zero tip?
        round(
            sum(case when tip_amount = 0 then 1 else 0 end) * 100.0
            / nullif(count(*), 0),
        2)                                                  as pct_trips_no_tip

    from revenue
    group by
        payment_label,
        fare_bucket,
        tip_tier

)

select * from payment_summary
order by
    payment_label,
    fare_bucket,
    tip_tier
    );
  
  
[0m21:56:02.074953 [debug] [Thread-2 (]: SQL status: OK in 0.179 seconds
[0m21:56:02.078175 [debug] [Thread-2 (]: Using duckdb connection "model.nyc_taxi_dbt.mart_payment_analysis"
[0m21:56:02.078523 [debug] [Thread-2 (]: On model.nyc_taxi_dbt.mart_payment_analysis: /* {"app": "dbt", "dbt_version": "1.11.8", "profile_name": "nyc_taxi_dbt", "target_name": "dev", "node_id": "model.nyc_taxi_dbt.mart_payment_analysis"} */

    SELECT index_name
    FROM duckdb_indexes()
    WHERE schema_name = 'main_marts'
      AND table_name = 'mart_payment_analysis'
  
[0m21:56:02.079626 [debug] [Thread-2 (]: SQL status: OK in 0.001 seconds
[0m21:56:02.081340 [debug] [Thread-2 (]: Using duckdb connection "model.nyc_taxi_dbt.mart_payment_analysis"
[0m21:56:02.081973 [debug] [Thread-2 (]: On model.nyc_taxi_dbt.mart_payment_analysis: /* {"app": "dbt", "dbt_version": "1.11.8", "profile_name": "nyc_taxi_dbt", "target_name": "dev", "node_id": "model.nyc_taxi_dbt.mart_payment_analysis"} */

    SELECT COUNT(*) as remaining_indexes
    FROM duckdb_indexes()
    WHERE schema_name = 'main_marts'
      AND table_name = 'mart_payment_analysis'
  
[0m21:56:02.083327 [debug] [Thread-2 (]: SQL status: OK in 0.001 seconds
[0m21:56:02.087500 [debug] [Thread-2 (]: Using duckdb connection "model.nyc_taxi_dbt.mart_payment_analysis"
[0m21:56:02.088126 [debug] [Thread-2 (]: On model.nyc_taxi_dbt.mart_payment_analysis: /* {"app": "dbt", "dbt_version": "1.11.8", "profile_name": "nyc_taxi_dbt", "target_name": "dev", "node_id": "model.nyc_taxi_dbt.mart_payment_analysis"} */
alter table "nyc_taxi"."main_marts"."mart_payment_analysis" rename to "mart_payment_analysis__dbt_backup"
[0m21:56:02.089116 [debug] [Thread-2 (]: SQL status: OK in 0.001 seconds
[0m21:56:02.090915 [debug] [Thread-2 (]: Using duckdb connection "model.nyc_taxi_dbt.mart_payment_analysis"
[0m21:56:02.091139 [debug] [Thread-2 (]: On model.nyc_taxi_dbt.mart_payment_analysis: /* {"app": "dbt", "dbt_version": "1.11.8", "profile_name": "nyc_taxi_dbt", "target_name": "dev", "node_id": "model.nyc_taxi_dbt.mart_payment_analysis"} */
alter table "nyc_taxi"."main_marts"."mart_payment_analysis__dbt_tmp" rename to "mart_payment_analysis"
[0m21:56:02.091495 [debug] [Thread-2 (]: SQL status: OK in 0.000 seconds
[0m21:56:02.094174 [debug] [Thread-2 (]: On model.nyc_taxi_dbt.mart_payment_analysis: COMMIT
[0m21:56:02.094926 [debug] [Thread-2 (]: Using duckdb connection "model.nyc_taxi_dbt.mart_payment_analysis"
[0m21:56:02.095578 [debug] [Thread-2 (]: On model.nyc_taxi_dbt.mart_payment_analysis: COMMIT
[0m21:56:02.096823 [debug] [Thread-2 (]: SQL status: OK in 0.001 seconds
[0m21:56:02.098493 [debug] [Thread-2 (]: Using duckdb connection "model.nyc_taxi_dbt.mart_payment_analysis"
[0m21:56:02.098821 [debug] [Thread-2 (]: On model.nyc_taxi_dbt.mart_payment_analysis: /* {"app": "dbt", "dbt_version": "1.11.8", "profile_name": "nyc_taxi_dbt", "target_name": "dev", "node_id": "model.nyc_taxi_dbt.mart_payment_analysis"} */

      drop table if exists "nyc_taxi"."main_marts"."mart_payment_analysis__dbt_backup" cascade
    
[0m21:56:02.099420 [debug] [Thread-2 (]: SQL status: OK in 0.000 seconds
[0m21:56:02.100153 [debug] [Thread-2 (]: On model.nyc_taxi_dbt.mart_payment_analysis: Close
[0m21:56:02.100470 [debug] [Thread-2 (]: Sending event: {'category': 'dbt', 'action': 'run_model', 'label': 'f39951b7-81bc-4f63-8445-ff2be144c78b', 'context': [<snowplow_tracker.self_describing_json.SelfDescribingJson object at 0x11aaa1f90>]}
[0m21:56:02.100780 [info ] [Thread-2 (]: 6 of 6 OK created sql table model main_marts.mart_payment_analysis ............. [[32mOK[0m in 0.23s]
[0m21:56:02.101027 [debug] [Thread-2 (]: Finished running node model.nyc_taxi_dbt.mart_payment_analysis
[0m21:56:02.272884 [debug] [Thread-1 (]: SQL status: OK in 0.378 seconds
[0m21:56:02.273595 [debug] [Thread-1 (]: Using duckdb connection "model.nyc_taxi_dbt.mart_hourly_demand"
[0m21:56:02.273791 [debug] [Thread-1 (]: On model.nyc_taxi_dbt.mart_hourly_demand: /* {"app": "dbt", "dbt_version": "1.11.8", "profile_name": "nyc_taxi_dbt", "target_name": "dev", "node_id": "model.nyc_taxi_dbt.mart_hourly_demand"} */

    SELECT index_name
    FROM duckdb_indexes()
    WHERE schema_name = 'main_marts'
      AND table_name = 'mart_hourly_demand'
  
[0m21:56:02.274266 [debug] [Thread-1 (]: SQL status: OK in 0.000 seconds
[0m21:56:02.274858 [debug] [Thread-1 (]: Using duckdb connection "model.nyc_taxi_dbt.mart_hourly_demand"
[0m21:56:02.275030 [debug] [Thread-1 (]: On model.nyc_taxi_dbt.mart_hourly_demand: /* {"app": "dbt", "dbt_version": "1.11.8", "profile_name": "nyc_taxi_dbt", "target_name": "dev", "node_id": "model.nyc_taxi_dbt.mart_hourly_demand"} */

    SELECT COUNT(*) as remaining_indexes
    FROM duckdb_indexes()
    WHERE schema_name = 'main_marts'
      AND table_name = 'mart_hourly_demand'
  
[0m21:56:02.275390 [debug] [Thread-1 (]: SQL status: OK in 0.000 seconds
[0m21:56:02.277747 [debug] [Thread-1 (]: Using duckdb connection "model.nyc_taxi_dbt.mart_hourly_demand"
[0m21:56:02.278440 [debug] [Thread-1 (]: On model.nyc_taxi_dbt.mart_hourly_demand: /* {"app": "dbt", "dbt_version": "1.11.8", "profile_name": "nyc_taxi_dbt", "target_name": "dev", "node_id": "model.nyc_taxi_dbt.mart_hourly_demand"} */
alter table "nyc_taxi"."main_marts"."mart_hourly_demand" rename to "mart_hourly_demand__dbt_backup"
[0m21:56:02.279344 [debug] [Thread-1 (]: SQL status: OK in 0.000 seconds
[0m21:56:02.283595 [debug] [Thread-1 (]: Using duckdb connection "model.nyc_taxi_dbt.mart_hourly_demand"
[0m21:56:02.284020 [debug] [Thread-1 (]: On model.nyc_taxi_dbt.mart_hourly_demand: /* {"app": "dbt", "dbt_version": "1.11.8", "profile_name": "nyc_taxi_dbt", "target_name": "dev", "node_id": "model.nyc_taxi_dbt.mart_hourly_demand"} */
alter table "nyc_taxi"."main_marts"."mart_hourly_demand__dbt_tmp" rename to "mart_hourly_demand"
[0m21:56:02.284463 [debug] [Thread-1 (]: SQL status: OK in 0.000 seconds
[0m21:56:02.285986 [debug] [Thread-1 (]: On model.nyc_taxi_dbt.mart_hourly_demand: COMMIT
[0m21:56:02.286246 [debug] [Thread-1 (]: Using duckdb connection "model.nyc_taxi_dbt.mart_hourly_demand"
[0m21:56:02.286404 [debug] [Thread-1 (]: On model.nyc_taxi_dbt.mart_hourly_demand: COMMIT
[0m21:56:02.295055 [debug] [Thread-1 (]: SQL status: OK in 0.008 seconds
[0m21:56:02.297718 [debug] [Thread-1 (]: Using duckdb connection "model.nyc_taxi_dbt.mart_hourly_demand"
[0m21:56:02.299314 [debug] [Thread-1 (]: On model.nyc_taxi_dbt.mart_hourly_demand: /* {"app": "dbt", "dbt_version": "1.11.8", "profile_name": "nyc_taxi_dbt", "target_name": "dev", "node_id": "model.nyc_taxi_dbt.mart_hourly_demand"} */

      drop table if exists "nyc_taxi"."main_marts"."mart_hourly_demand__dbt_backup" cascade
    
[0m21:56:02.299823 [debug] [Thread-1 (]: SQL status: OK in 0.000 seconds
[0m21:56:02.300515 [debug] [Thread-1 (]: On model.nyc_taxi_dbt.mart_hourly_demand: Close
[0m21:56:02.300813 [debug] [Thread-1 (]: Sending event: {'category': 'dbt', 'action': 'run_model', 'label': 'f39951b7-81bc-4f63-8445-ff2be144c78b', 'context': [<snowplow_tracker.self_describing_json.SelfDescribingJson object at 0x119abb410>]}
[0m21:56:02.301122 [info ] [Thread-1 (]: 4 of 6 OK created sql table model main_marts.mart_hourly_demand ................ [[32mOK[0m in 0.43s]
[0m21:56:02.301362 [debug] [Thread-1 (]: Finished running node model.nyc_taxi_dbt.mart_hourly_demand
[0m21:56:02.685978 [debug] [Thread-4 (]: SQL status: OK in 0.790 seconds
[0m21:56:02.686690 [debug] [Thread-4 (]: Using duckdb connection "model.nyc_taxi_dbt.mart_daily_trip_summary"
[0m21:56:02.686870 [debug] [Thread-4 (]: On model.nyc_taxi_dbt.mart_daily_trip_summary: /* {"app": "dbt", "dbt_version": "1.11.8", "profile_name": "nyc_taxi_dbt", "target_name": "dev", "node_id": "model.nyc_taxi_dbt.mart_daily_trip_summary"} */

    SELECT index_name
    FROM duckdb_indexes()
    WHERE schema_name = 'main_marts'
      AND table_name = 'mart_daily_trip_summary'
  
[0m21:56:02.687295 [debug] [Thread-4 (]: SQL status: OK in 0.000 seconds
[0m21:56:02.687917 [debug] [Thread-4 (]: Using duckdb connection "model.nyc_taxi_dbt.mart_daily_trip_summary"
[0m21:56:02.688076 [debug] [Thread-4 (]: On model.nyc_taxi_dbt.mart_daily_trip_summary: /* {"app": "dbt", "dbt_version": "1.11.8", "profile_name": "nyc_taxi_dbt", "target_name": "dev", "node_id": "model.nyc_taxi_dbt.mart_daily_trip_summary"} */

    SELECT COUNT(*) as remaining_indexes
    FROM duckdb_indexes()
    WHERE schema_name = 'main_marts'
      AND table_name = 'mart_daily_trip_summary'
  
[0m21:56:02.688453 [debug] [Thread-4 (]: SQL status: OK in 0.000 seconds
[0m21:56:02.690048 [debug] [Thread-4 (]: Using duckdb connection "model.nyc_taxi_dbt.mart_daily_trip_summary"
[0m21:56:02.690226 [debug] [Thread-4 (]: On model.nyc_taxi_dbt.mart_daily_trip_summary: /* {"app": "dbt", "dbt_version": "1.11.8", "profile_name": "nyc_taxi_dbt", "target_name": "dev", "node_id": "model.nyc_taxi_dbt.mart_daily_trip_summary"} */
alter table "nyc_taxi"."main_marts"."mart_daily_trip_summary" rename to "mart_daily_trip_summary__dbt_backup"
[0m21:56:02.690516 [debug] [Thread-4 (]: SQL status: OK in 0.000 seconds
[0m21:56:02.691857 [debug] [Thread-4 (]: Using duckdb connection "model.nyc_taxi_dbt.mart_daily_trip_summary"
[0m21:56:02.692015 [debug] [Thread-4 (]: On model.nyc_taxi_dbt.mart_daily_trip_summary: /* {"app": "dbt", "dbt_version": "1.11.8", "profile_name": "nyc_taxi_dbt", "target_name": "dev", "node_id": "model.nyc_taxi_dbt.mart_daily_trip_summary"} */
alter table "nyc_taxi"."main_marts"."mart_daily_trip_summary__dbt_tmp" rename to "mart_daily_trip_summary"
[0m21:56:02.692279 [debug] [Thread-4 (]: SQL status: OK in 0.000 seconds
[0m21:56:02.692944 [debug] [Thread-4 (]: On model.nyc_taxi_dbt.mart_daily_trip_summary: COMMIT
[0m21:56:02.693104 [debug] [Thread-4 (]: Using duckdb connection "model.nyc_taxi_dbt.mart_daily_trip_summary"
[0m21:56:02.693240 [debug] [Thread-4 (]: On model.nyc_taxi_dbt.mart_daily_trip_summary: COMMIT
[0m21:56:02.693944 [debug] [Thread-4 (]: SQL status: OK in 0.001 seconds
[0m21:56:02.695257 [debug] [Thread-4 (]: Using duckdb connection "model.nyc_taxi_dbt.mart_daily_trip_summary"
[0m21:56:02.695424 [debug] [Thread-4 (]: On model.nyc_taxi_dbt.mart_daily_trip_summary: /* {"app": "dbt", "dbt_version": "1.11.8", "profile_name": "nyc_taxi_dbt", "target_name": "dev", "node_id": "model.nyc_taxi_dbt.mart_daily_trip_summary"} */

      drop table if exists "nyc_taxi"."main_marts"."mart_daily_trip_summary__dbt_backup" cascade
    
[0m21:56:02.695835 [debug] [Thread-4 (]: SQL status: OK in 0.000 seconds
[0m21:56:02.696433 [debug] [Thread-4 (]: On model.nyc_taxi_dbt.mart_daily_trip_summary: Close
[0m21:56:02.696701 [debug] [Thread-4 (]: Sending event: {'category': 'dbt', 'action': 'run_model', 'label': 'f39951b7-81bc-4f63-8445-ff2be144c78b', 'context': [<snowplow_tracker.self_describing_json.SelfDescribingJson object at 0x119a6cb50>]}
[0m21:56:02.696973 [info ] [Thread-4 (]: 5 of 6 OK created sql table model main_marts.mart_daily_trip_summary ........... [[32mOK[0m in 0.82s]
[0m21:56:02.697202 [debug] [Thread-4 (]: Finished running node model.nyc_taxi_dbt.mart_daily_trip_summary
[0m21:56:02.697777 [debug] [MainThread]: Using duckdb connection "master"
[0m21:56:02.697907 [debug] [MainThread]: On master: BEGIN
[0m21:56:02.698018 [debug] [MainThread]: Opening a new connection, currently in state closed
[0m21:56:02.698235 [debug] [MainThread]: SQL status: OK in 0.000 seconds
[0m21:56:02.698350 [debug] [MainThread]: On master: COMMIT
[0m21:56:02.698459 [debug] [MainThread]: Using duckdb connection "master"
[0m21:56:02.698563 [debug] [MainThread]: On master: COMMIT
[0m21:56:02.698722 [debug] [MainThread]: SQL status: OK in 0.000 seconds
[0m21:56:02.698831 [debug] [MainThread]: On master: Close
[0m21:56:02.698974 [debug] [MainThread]: Connection 'master' was properly closed.
[0m21:56:02.699082 [debug] [MainThread]: Connection 'model.nyc_taxi_dbt.mart_hourly_demand' was properly closed.
[0m21:56:02.699181 [debug] [MainThread]: Connection 'model.nyc_taxi_dbt.mart_payment_analysis' was properly closed.
[0m21:56:02.699274 [debug] [MainThread]: Connection 'model.nyc_taxi_dbt.int_trip_revenue_metrics' was properly closed.
[0m21:56:02.699368 [debug] [MainThread]: Connection 'model.nyc_taxi_dbt.mart_daily_trip_summary' was properly closed.
[0m21:56:02.699516 [info ] [MainThread]: 
[0m21:56:02.699642 [info ] [MainThread]: Finished running 3 table models, 3 view models in 0 hours 0 minutes and 0.98 seconds (0.98s).
[0m21:56:02.700130 [debug] [MainThread]: Command end result
[0m21:56:02.720986 [debug] [MainThread]: Wrote artifact WritableManifest to /Users/weimincai/BIProjects/nyc_taxi_dbt/target/manifest.json
[0m21:56:02.722241 [debug] [MainThread]: Wrote artifact SemanticManifest to /Users/weimincai/BIProjects/nyc_taxi_dbt/target/semantic_manifest.json
[0m21:56:02.725784 [debug] [MainThread]: Wrote artifact RunExecutionResult to /Users/weimincai/BIProjects/nyc_taxi_dbt/target/run_results.json
[0m21:56:02.725964 [info ] [MainThread]: 
[0m21:56:02.726142 [info ] [MainThread]: [32mCompleted successfully[0m
[0m21:56:02.726272 [info ] [MainThread]: 
[0m21:56:02.726419 [info ] [MainThread]: Done. PASS=6 WARN=0 ERROR=0 SKIP=0 NO-OP=0 TOTAL=6
[0m21:56:02.728610 [debug] [MainThread]: Resource report: {"command_name": "run", "command_success": true, "command_wall_clock_time": 1.5274342, "process_in_blocks": "0", "process_kernel_time": 0.552388, "process_mem_max_rss": "653688832", "process_out_blocks": "0", "process_user_time": 5.876723}
[0m21:56:02.728854 [debug] [MainThread]: Command `dbt run` succeeded at 21:56:02.728812 after 1.53 seconds
[0m21:56:02.729031 [debug] [MainThread]: Sending event: {'category': 'dbt', 'action': 'invocation', 'label': 'end', 'context': [<snowplow_tracker.self_describing_json.SelfDescribingJson object at 0x118a4fdd0>, <snowplow_tracker.self_describing_json.SelfDescribingJson object at 0x101526050>, <snowplow_tracker.self_describing_json.SelfDescribingJson object at 0x11896fb50>]}
[0m21:56:02.729200 [debug] [MainThread]: Flushing usage events
[0m21:56:02.961591 [debug] [MainThread]: An error was encountered while trying to flush usage events
[0m21:56:13.897078 [debug] [MainThread]: Sending event: {'category': 'dbt', 'action': 'invocation', 'label': 'start', 'context': [<snowplow_tracker.self_describing_json.SelfDescribingJson object at 0x10b7822d0>, <snowplow_tracker.self_describing_json.SelfDescribingJson object at 0x10b84fa90>, <snowplow_tracker.self_describing_json.SelfDescribingJson object at 0x10b84ff90>]}


============================== 21:56:13.899715 | 5d63fc06-fec9-4d8c-9107-f7c353652e57 ==============================
[0m21:56:13.899715 [info ] [MainThread]: Running with dbt=1.11.8
[0m21:56:13.900015 [debug] [MainThread]: running dbt with arguments {'quiet': 'False', 'static_parser': 'True', 'fail_fast': 'False', 'version_check': 'True', 'target_path': 'None', 'send_anonymous_usage_stats': 'True', 'use_colors': 'True', 'log_cache_events': 'False', 'debug': 'False', 'partial_parse': 'True', 'log_path': '/Users/weimincai/BIProjects/nyc_taxi_dbt/logs', 'log_format': 'default', 'printer_width': '80', 'indirect_selection': 'eager', 'no_print': 'None', 'profiles_dir': '/Users/weimincai/.dbt', 'cache_selected_only': 'False', 'invocation_command': 'dbt run', 'use_experimental_parser': 'False', 'warn_error': 'None', 'warn_error_options': 'WarnErrorOptionsV2(error=[], warn=[], silence=[])', 'empty': 'False', 'write_json': 'True', 'introspect': 'True'}
[0m21:56:14.076013 [debug] [MainThread]: Sending event: {'category': 'dbt', 'action': 'project_id', 'label': '5d63fc06-fec9-4d8c-9107-f7c353652e57', 'context': [<snowplow_tracker.self_describing_json.SelfDescribingJson object at 0x10b774550>]}
[0m21:56:14.101544 [debug] [MainThread]: Sending event: {'category': 'dbt', 'action': 'adapter_info', 'label': '5d63fc06-fec9-4d8c-9107-f7c353652e57', 'context': [<snowplow_tracker.self_describing_json.SelfDescribingJson object at 0x107754390>]}
[0m21:56:14.103479 [info ] [MainThread]: Registered adapter: duckdb=1.10.1
[0m21:56:14.166125 [debug] [MainThread]: checksum: 7d524ac048c2100769df89d592e662e060a73ca564e31bd9c2a37efdfe8d8ab6, vars: {}, profile: , target: , version: 1.11.8
[0m21:56:14.285078 [debug] [MainThread]: Partial parsing enabled: 0 files deleted, 0 files added, 0 files changed.
[0m21:56:14.285315 [debug] [MainThread]: Nothing changed, skipping partial parsing.
[0m21:56:14.285438 [debug] [MainThread]: Partial parsing enabled, no changes found, skipping parsing
[0m21:56:14.306210 [debug] [MainThread]: Sending event: {'category': 'dbt', 'action': 'load_project', 'label': '5d63fc06-fec9-4d8c-9107-f7c353652e57', 'context': [<snowplow_tracker.self_describing_json.SelfDescribingJson object at 0x10bb059d0>]}
[0m21:56:14.351809 [debug] [MainThread]: Wrote artifact WritableManifest to /Users/weimincai/BIProjects/nyc_taxi_dbt/target/manifest.json
[0m21:56:14.352905 [debug] [MainThread]: Wrote artifact SemanticManifest to /Users/weimincai/BIProjects/nyc_taxi_dbt/target/semantic_manifest.json
[0m21:56:14.359620 [debug] [MainThread]: Sending event: {'category': 'dbt', 'action': 'resource_counts', 'label': '5d63fc06-fec9-4d8c-9107-f7c353652e57', 'context': [<snowplow_tracker.self_describing_json.SelfDescribingJson object at 0x109d52c50>]}
[0m21:56:14.359856 [info ] [MainThread]: Found 6 models, 10 data tests, 1 source, 591 macros
[0m21:56:14.360009 [debug] [MainThread]: Sending event: {'category': 'dbt', 'action': 'runnable_timing', 'label': '5d63fc06-fec9-4d8c-9107-f7c353652e57', 'context': [<snowplow_tracker.self_describing_json.SelfDescribingJson object at 0x10bff7510>]}
[0m21:56:14.360931 [info ] [MainThread]: 
[0m21:56:14.361076 [info ] [MainThread]: Concurrency: 4 threads (target='dev')
[0m21:56:14.361195 [info ] [MainThread]: 
[0m21:56:14.361408 [debug] [MainThread]: Acquiring new duckdb connection 'master'
[0m21:56:14.363582 [debug] [ThreadPool]: Acquiring new duckdb connection 'list_nyc_taxi'
[0m21:56:14.363813 [debug] [ThreadPool]: Acquiring new duckdb connection 'list_nyc_taxi'
[0m21:56:14.364074 [debug] [ThreadPool]: Acquiring new duckdb connection 'list_nyc_taxi'
[0m21:56:14.391396 [debug] [ThreadPool]: Using duckdb connection "list_nyc_taxi"
[0m21:56:14.391589 [debug] [ThreadPool]: Using duckdb connection "list_nyc_taxi"
[0m21:56:14.391752 [debug] [ThreadPool]: Using duckdb connection "list_nyc_taxi"
[0m21:56:14.391881 [debug] [ThreadPool]: On list_nyc_taxi: /* {"app": "dbt", "dbt_version": "1.11.8", "profile_name": "nyc_taxi_dbt", "target_name": "dev", "connection_name": "list_nyc_taxi"} */

    
    select schema_name
    from system.information_schema.schemata
    
    where lower(catalog_name) = '"nyc_taxi"'
    
  
  
[0m21:56:14.392030 [debug] [ThreadPool]: On list_nyc_taxi: /* {"app": "dbt", "dbt_version": "1.11.8", "profile_name": "nyc_taxi_dbt", "target_name": "dev", "connection_name": "list_nyc_taxi"} */

    
    select schema_name
    from system.information_schema.schemata
    
    where lower(catalog_name) = '"nyc_taxi"'
    
  
  
[0m21:56:14.392165 [debug] [ThreadPool]: On list_nyc_taxi: /* {"app": "dbt", "dbt_version": "1.11.8", "profile_name": "nyc_taxi_dbt", "target_name": "dev", "connection_name": "list_nyc_taxi"} */

    
    select schema_name
    from system.information_schema.schemata
    
    where lower(catalog_name) = '"nyc_taxi"'
    
  
  
[0m21:56:14.392294 [debug] [ThreadPool]: Opening a new connection, currently in state init
[0m21:56:14.392410 [debug] [ThreadPool]: Opening a new connection, currently in state init
[0m21:56:14.392519 [debug] [ThreadPool]: Opening a new connection, currently in state init
[0m21:56:14.412309 [debug] [ThreadPool]: SQL status: OK in 0.020 seconds
[0m21:56:14.412511 [debug] [ThreadPool]: SQL status: OK in 0.020 seconds
[0m21:56:14.412657 [debug] [ThreadPool]: SQL status: OK in 0.020 seconds
[0m21:56:14.413447 [debug] [ThreadPool]: On list_nyc_taxi: Close
[0m21:56:14.413913 [debug] [ThreadPool]: On list_nyc_taxi: Close
[0m21:56:14.414367 [debug] [ThreadPool]: On list_nyc_taxi: Close
[0m21:56:14.414822 [debug] [ThreadPool]: Re-using an available connection from the pool (formerly list_nyc_taxi, now create_nyc_taxi_main_staging)
[0m21:56:14.414967 [debug] [ThreadPool]: Re-using an available connection from the pool (formerly list_nyc_taxi, now create_nyc_taxi_main_marts)
[0m21:56:14.415107 [debug] [ThreadPool]: Re-using an available connection from the pool (formerly list_nyc_taxi, now create_nyc_taxi_main_intermediate)
[0m21:56:14.415291 [debug] [ThreadPool]: Creating schema "database: "nyc_taxi"
schema: "main_staging"
"
[0m21:56:14.415458 [debug] [ThreadPool]: Creating schema "database: "nyc_taxi"
schema: "main_marts"
"
[0m21:56:14.415620 [debug] [ThreadPool]: Creating schema "database: "nyc_taxi"
schema: "main_intermediate"
"
[0m21:56:14.418747 [debug] [ThreadPool]: Using duckdb connection "create_nyc_taxi_main_staging"
[0m21:56:14.419724 [debug] [ThreadPool]: Using duckdb connection "create_nyc_taxi_main_marts"
[0m21:56:14.420614 [debug] [ThreadPool]: Using duckdb connection "create_nyc_taxi_main_intermediate"
[0m21:56:14.420764 [debug] [ThreadPool]: On create_nyc_taxi_main_staging: /* {"app": "dbt", "dbt_version": "1.11.8", "profile_name": "nyc_taxi_dbt", "target_name": "dev", "connection_name": "create_nyc_taxi_main_staging"} */

    
        select type from duckdb_databases()
        where lower(database_name)='nyc_taxi'
        and type='sqlite'
    
  
[0m21:56:14.420911 [debug] [ThreadPool]: On create_nyc_taxi_main_marts: /* {"app": "dbt", "dbt_version": "1.11.8", "profile_name": "nyc_taxi_dbt", "target_name": "dev", "connection_name": "create_nyc_taxi_main_marts"} */

    
        select type from duckdb_databases()
        where lower(database_name)='nyc_taxi'
        and type='sqlite'
    
  
[0m21:56:14.421054 [debug] [ThreadPool]: On create_nyc_taxi_main_intermediate: /* {"app": "dbt", "dbt_version": "1.11.8", "profile_name": "nyc_taxi_dbt", "target_name": "dev", "connection_name": "create_nyc_taxi_main_intermediate"} */

    
        select type from duckdb_databases()
        where lower(database_name)='nyc_taxi'
        and type='sqlite'
    
  
[0m21:56:14.421182 [debug] [ThreadPool]: Opening a new connection, currently in state closed
[0m21:56:14.421289 [debug] [ThreadPool]: Opening a new connection, currently in state closed
[0m21:56:14.421393 [debug] [ThreadPool]: Opening a new connection, currently in state closed
[0m21:56:14.421995 [debug] [ThreadPool]: SQL status: OK in 0.001 seconds
[0m21:56:14.422156 [debug] [ThreadPool]: SQL status: OK in 0.001 seconds
[0m21:56:14.422287 [debug] [ThreadPool]: SQL status: OK in 0.001 seconds
[0m21:56:14.422900 [debug] [ThreadPool]: Using duckdb connection "create_nyc_taxi_main_staging"
[0m21:56:14.423028 [debug] [ThreadPool]: On create_nyc_taxi_main_staging: BEGIN
[0m21:56:14.423478 [debug] [ThreadPool]: Using duckdb connection "create_nyc_taxi_main_marts"
[0m21:56:14.424029 [debug] [ThreadPool]: Using duckdb connection "create_nyc_taxi_main_intermediate"
[0m21:56:14.424164 [debug] [ThreadPool]: On create_nyc_taxi_main_marts: BEGIN
[0m21:56:14.424294 [debug] [ThreadPool]: SQL status: OK in 0.001 seconds
[0m21:56:14.424407 [debug] [ThreadPool]: On create_nyc_taxi_main_intermediate: BEGIN
[0m21:56:14.424565 [debug] [ThreadPool]: Using duckdb connection "create_nyc_taxi_main_staging"
[0m21:56:14.424678 [debug] [ThreadPool]: SQL status: OK in 0.000 seconds
[0m21:56:14.424832 [debug] [ThreadPool]: On create_nyc_taxi_main_staging: /* {"app": "dbt", "dbt_version": "1.11.8", "profile_name": "nyc_taxi_dbt", "target_name": "dev", "connection_name": "create_nyc_taxi_main_staging"} */

    
    
        create schema if not exists "nyc_taxi"."main_staging"
    
[0m21:56:14.424947 [debug] [ThreadPool]: SQL status: OK in 0.000 seconds
[0m21:56:14.425050 [debug] [ThreadPool]: Using duckdb connection "create_nyc_taxi_main_marts"
[0m21:56:14.425199 [debug] [ThreadPool]: Using duckdb connection "create_nyc_taxi_main_intermediate"
[0m21:56:14.425315 [debug] [ThreadPool]: SQL status: OK in 0.000 seconds
[0m21:56:14.425421 [debug] [ThreadPool]: On create_nyc_taxi_main_marts: /* {"app": "dbt", "dbt_version": "1.11.8", "profile_name": "nyc_taxi_dbt", "target_name": "dev", "connection_name": "create_nyc_taxi_main_marts"} */

    
    
        create schema if not exists "nyc_taxi"."main_marts"
    
[0m21:56:14.425546 [debug] [ThreadPool]: On create_nyc_taxi_main_intermediate: /* {"app": "dbt", "dbt_version": "1.11.8", "profile_name": "nyc_taxi_dbt", "target_name": "dev", "connection_name": "create_nyc_taxi_main_intermediate"} */

    
    
        create schema if not exists "nyc_taxi"."main_intermediate"
    
[0m21:56:14.425897 [debug] [ThreadPool]: On create_nyc_taxi_main_staging: COMMIT
[0m21:56:14.426136 [debug] [ThreadPool]: Using duckdb connection "create_nyc_taxi_main_staging"
[0m21:56:14.426279 [debug] [ThreadPool]: SQL status: OK in 0.000 seconds
[0m21:56:14.426403 [debug] [ThreadPool]: SQL status: OK in 0.000 seconds
[0m21:56:14.426507 [debug] [ThreadPool]: On create_nyc_taxi_main_staging: COMMIT
[0m21:56:14.426830 [debug] [ThreadPool]: On create_nyc_taxi_main_marts: COMMIT
[0m21:56:14.427146 [debug] [ThreadPool]: On create_nyc_taxi_main_intermediate: COMMIT
[0m21:56:14.427305 [debug] [ThreadPool]: Using duckdb connection "create_nyc_taxi_main_marts"
[0m21:56:14.427431 [debug] [ThreadPool]: SQL status: OK in 0.000 seconds
[0m21:56:14.427540 [debug] [ThreadPool]: Using duckdb connection "create_nyc_taxi_main_intermediate"
[0m21:56:14.427654 [debug] [ThreadPool]: On create_nyc_taxi_main_marts: COMMIT
[0m21:56:14.427772 [debug] [ThreadPool]: On create_nyc_taxi_main_staging: Close
[0m21:56:14.427881 [debug] [ThreadPool]: On create_nyc_taxi_main_intermediate: COMMIT
[0m21:56:14.428160 [debug] [ThreadPool]: SQL status: OK in 0.000 seconds
[0m21:56:14.428310 [debug] [ThreadPool]: On create_nyc_taxi_main_marts: Close
[0m21:56:14.428418 [debug] [ThreadPool]: SQL status: OK in 0.000 seconds
[0m21:56:14.428621 [debug] [ThreadPool]: On create_nyc_taxi_main_intermediate: Close
[0m21:56:14.429263 [debug] [ThreadPool]: Re-using an available connection from the pool (formerly create_nyc_taxi_main_staging, now list_nyc_taxi_main_staging)
[0m21:56:14.429472 [debug] [ThreadPool]: Re-using an available connection from the pool (formerly create_nyc_taxi_main_marts, now list_nyc_taxi_main_marts)
[0m21:56:14.432032 [debug] [ThreadPool]: Using duckdb connection "list_nyc_taxi_main_staging"
[0m21:56:14.432209 [debug] [ThreadPool]: Re-using an available connection from the pool (formerly create_nyc_taxi_main_intermediate, now list_nyc_taxi_main_intermediate)
[0m21:56:14.433197 [debug] [ThreadPool]: Using duckdb connection "list_nyc_taxi_main_marts"
[0m21:56:14.433319 [debug] [ThreadPool]: On list_nyc_taxi_main_staging: BEGIN
[0m21:56:14.434183 [debug] [ThreadPool]: Using duckdb connection "list_nyc_taxi_main_intermediate"
[0m21:56:14.434304 [debug] [ThreadPool]: On list_nyc_taxi_main_marts: BEGIN
[0m21:56:14.434423 [debug] [ThreadPool]: Opening a new connection, currently in state closed
[0m21:56:14.434539 [debug] [ThreadPool]: On list_nyc_taxi_main_intermediate: BEGIN
[0m21:56:14.434645 [debug] [ThreadPool]: Opening a new connection, currently in state closed
[0m21:56:14.434819 [debug] [ThreadPool]: Opening a new connection, currently in state closed
[0m21:56:14.434938 [debug] [ThreadPool]: SQL status: OK in 0.001 seconds
[0m21:56:14.435171 [debug] [ThreadPool]: SQL status: OK in 0.001 seconds
[0m21:56:14.435290 [debug] [ThreadPool]: Using duckdb connection "list_nyc_taxi_main_staging"
[0m21:56:14.435408 [debug] [ThreadPool]: SQL status: OK in 0.001 seconds
[0m21:56:14.435505 [debug] [ThreadPool]: Using duckdb connection "list_nyc_taxi_main_marts"
[0m21:56:14.435641 [debug] [ThreadPool]: On list_nyc_taxi_main_staging: /* {"app": "dbt", "dbt_version": "1.11.8", "profile_name": "nyc_taxi_dbt", "target_name": "dev", "connection_name": "list_nyc_taxi_main_staging"} */
select
      'nyc_taxi' as database,
      table_name as name,
      table_schema as schema,
      CASE table_type
        WHEN 'BASE TABLE' THEN 'table'
        WHEN 'VIEW' THEN 'view'
        WHEN 'LOCAL TEMPORARY' THEN 'table'
        END as type
    from system.information_schema.tables
    where lower(table_schema) = 'main_staging'
    and lower(table_catalog) = 'nyc_taxi'
  
[0m21:56:14.435766 [debug] [ThreadPool]: Using duckdb connection "list_nyc_taxi_main_intermediate"
[0m21:56:14.435892 [debug] [ThreadPool]: On list_nyc_taxi_main_marts: /* {"app": "dbt", "dbt_version": "1.11.8", "profile_name": "nyc_taxi_dbt", "target_name": "dev", "connection_name": "list_nyc_taxi_main_marts"} */
select
      'nyc_taxi' as database,
      table_name as name,
      table_schema as schema,
      CASE table_type
        WHEN 'BASE TABLE' THEN 'table'
        WHEN 'VIEW' THEN 'view'
        WHEN 'LOCAL TEMPORARY' THEN 'table'
        END as type
    from system.information_schema.tables
    where lower(table_schema) = 'main_marts'
    and lower(table_catalog) = 'nyc_taxi'
  
[0m21:56:14.436094 [debug] [ThreadPool]: On list_nyc_taxi_main_intermediate: /* {"app": "dbt", "dbt_version": "1.11.8", "profile_name": "nyc_taxi_dbt", "target_name": "dev", "connection_name": "list_nyc_taxi_main_intermediate"} */
select
      'nyc_taxi' as database,
      table_name as name,
      table_schema as schema,
      CASE table_type
        WHEN 'BASE TABLE' THEN 'table'
        WHEN 'VIEW' THEN 'view'
        WHEN 'LOCAL TEMPORARY' THEN 'table'
        END as type
    from system.information_schema.tables
    where lower(table_schema) = 'main_intermediate'
    and lower(table_catalog) = 'nyc_taxi'
  
[0m21:56:14.438571 [debug] [ThreadPool]: SQL status: OK in 0.003 seconds
[0m21:56:14.438706 [debug] [ThreadPool]: SQL status: OK in 0.002 seconds
[0m21:56:14.438841 [debug] [ThreadPool]: SQL status: OK in 0.003 seconds
[0m21:56:14.439911 [debug] [ThreadPool]: On list_nyc_taxi_main_staging: ROLLBACK
[0m21:56:14.440444 [debug] [ThreadPool]: On list_nyc_taxi_main_marts: ROLLBACK
[0m21:56:14.440921 [debug] [ThreadPool]: On list_nyc_taxi_main_intermediate: ROLLBACK
[0m21:56:14.441568 [debug] [ThreadPool]: Failed to rollback 'list_nyc_taxi_main_staging'
[0m21:56:14.441762 [debug] [ThreadPool]: Failed to rollback 'list_nyc_taxi_main_marts'
[0m21:56:14.441922 [debug] [ThreadPool]: Failed to rollback 'list_nyc_taxi_main_intermediate'
[0m21:56:14.442030 [debug] [ThreadPool]: On list_nyc_taxi_main_staging: Close
[0m21:56:14.442146 [debug] [ThreadPool]: On list_nyc_taxi_main_marts: Close
[0m21:56:14.442255 [debug] [ThreadPool]: On list_nyc_taxi_main_intermediate: Close
[0m21:56:14.443152 [debug] [MainThread]: Sending event: {'category': 'dbt', 'action': 'runnable_timing', 'label': '5d63fc06-fec9-4d8c-9107-f7c353652e57', 'context': [<snowplow_tracker.self_describing_json.SelfDescribingJson object at 0x10b888d10>]}
[0m21:56:14.443378 [debug] [MainThread]: Using duckdb connection "master"
[0m21:56:14.443492 [debug] [MainThread]: On master: BEGIN
[0m21:56:14.443592 [debug] [MainThread]: Opening a new connection, currently in state init
[0m21:56:14.443807 [debug] [MainThread]: SQL status: OK in 0.000 seconds
[0m21:56:14.443921 [debug] [MainThread]: On master: COMMIT
[0m21:56:14.444030 [debug] [MainThread]: Using duckdb connection "master"
[0m21:56:14.444134 [debug] [MainThread]: On master: COMMIT
[0m21:56:14.444280 [debug] [MainThread]: SQL status: OK in 0.000 seconds
[0m21:56:14.444393 [debug] [MainThread]: On master: Close
[0m21:56:14.445662 [debug] [Thread-1 (]: Began running node model.nyc_taxi_dbt.stg_yellow_taxi_trips
[0m21:56:14.445884 [info ] [Thread-1 (]: 1 of 6 START sql view model main_staging.stg_yellow_taxi_trips ................. [RUN]
[0m21:56:14.446071 [debug] [Thread-1 (]: Re-using an available connection from the pool (formerly list_nyc_taxi_main_staging, now model.nyc_taxi_dbt.stg_yellow_taxi_trips)
[0m21:56:14.446219 [debug] [Thread-1 (]: Began compiling node model.nyc_taxi_dbt.stg_yellow_taxi_trips
[0m21:56:14.454854 [debug] [Thread-1 (]: Writing injected SQL for node "model.nyc_taxi_dbt.stg_yellow_taxi_trips"
[0m21:56:14.455235 [debug] [Thread-1 (]: Began executing node model.nyc_taxi_dbt.stg_yellow_taxi_trips
[0m21:56:14.468600 [debug] [Thread-1 (]: Writing runtime sql for node "model.nyc_taxi_dbt.stg_yellow_taxi_trips"
[0m21:56:14.468969 [debug] [Thread-1 (]: Using duckdb connection "model.nyc_taxi_dbt.stg_yellow_taxi_trips"
[0m21:56:14.469125 [debug] [Thread-1 (]: On model.nyc_taxi_dbt.stg_yellow_taxi_trips: BEGIN
[0m21:56:14.469262 [debug] [Thread-1 (]: Opening a new connection, currently in state closed
[0m21:56:14.469550 [debug] [Thread-1 (]: SQL status: OK in 0.000 seconds
[0m21:56:14.469689 [debug] [Thread-1 (]: Using duckdb connection "model.nyc_taxi_dbt.stg_yellow_taxi_trips"
[0m21:56:14.469905 [debug] [Thread-1 (]: On model.nyc_taxi_dbt.stg_yellow_taxi_trips: /* {"app": "dbt", "dbt_version": "1.11.8", "profile_name": "nyc_taxi_dbt", "target_name": "dev", "node_id": "model.nyc_taxi_dbt.stg_yellow_taxi_trips"} */

  
  create view "nyc_taxi"."main_staging"."stg_yellow_taxi_trips__dbt_tmp" as (
    -- =============================================================
--  models/staging/stg_yellow_taxi_trips.sql
--
--  WHAT THIS MODEL DOES:
--  This is the "cleaning station." It reads from the raw source
--  table and does three things:
--    1. Renames ugly column names to readable ones
--    2. Filters out bad/corrupt rows (impossible values)
--    3. Creates a unique ID (trip_id) for each row
--
--  Every model downstream reads from THIS model — never from raw.
--  Materialized as: VIEW (no storage used, always up to date). A reusable named SELECT statement not stored data.
-- =============================================================

with source as (

    -- source() is dbt syntax
    -- registered in sources.yml and tracks lineage automatically
    select * from "nyc_taxi"."raw"."yellow_taxi_trips"

),

cleaned as (

    select

        -- ── Unique trip identifier ────────────────────────────
        -- generate_surrogate_key() hashes these columns together
        -- to create a unique ID for every row
        md5(cast(coalesce(cast(VendorID as TEXT), '_dbt_utils_surrogate_key_null_') || '-' || coalesce(cast(tpep_pickup_datetime as TEXT), '_dbt_utils_surrogate_key_null_') || '-' || coalesce(cast(tpep_dropoff_datetime as TEXT), '_dbt_utils_surrogate_key_null_') || '-' || coalesce(cast(PULocationID as TEXT), '_dbt_utils_surrogate_key_null_') || '-' || coalesce(cast(DOLocationID as TEXT), '_dbt_utils_surrogate_key_null_') as TEXT)) as trip_id,

        -- ── Vendor ────────────────────────────────────────────
        VendorID                            as vendor_id,

        -- ── Timestamps ────────────────────────────────────────
        tpep_pickup_datetime                as pickup_at,
        tpep_dropoff_datetime               as dropoff_at,

        -- ── Trip details ──────────────────────────────────────
        passenger_count,
        trip_distance,
        RatecodeID                          as rate_code_id,
        PULocationID                        as pickup_location_id,
        DOLocationID                        as dropoff_location_id,

        -- ── Payment ───────────────────────────────────────────
        payment_type,
        fare_amount,
        extra,
        mta_tax,
        tip_amount,
        tolls_amount,
        improvement_surcharge,
        total_amount,
        congestion_surcharge,

        -- ── Derived column: trip duration in minutes ──────────
        -- date_diff is a DuckDB function
        date_diff('minute', tpep_pickup_datetime, tpep_dropoff_datetime)
            as trip_duration_minutes

    from source

    where
        -- Remove rows where the trip clearly didn't happen
        trip_distance  > 0
        and fare_amount   > 0
        and total_amount  > 0

        -- Remove rows where dropoff is before pickup (data error)
        and tpep_pickup_datetime < tpep_dropoff_datetime

        -- Keep only data from the month we loaded
        and tpep_pickup_datetime >= '2024-01-01'
        and tpep_pickup_datetime <  '2024-02-01'

)

select * from cleaned
  );

[0m21:56:14.470638 [debug] [Thread-1 (]: SQL status: OK in 0.001 seconds
[0m21:56:14.473292 [debug] [Thread-1 (]: Using duckdb connection "model.nyc_taxi_dbt.stg_yellow_taxi_trips"
[0m21:56:14.473459 [debug] [Thread-1 (]: On model.nyc_taxi_dbt.stg_yellow_taxi_trips: /* {"app": "dbt", "dbt_version": "1.11.8", "profile_name": "nyc_taxi_dbt", "target_name": "dev", "node_id": "model.nyc_taxi_dbt.stg_yellow_taxi_trips"} */
alter view "nyc_taxi"."main_staging"."stg_yellow_taxi_trips" rename to "stg_yellow_taxi_trips__dbt_backup"
[0m21:56:14.474308 [debug] [Thread-1 (]: SQL status: OK in 0.001 seconds
[0m21:56:14.475648 [debug] [Thread-1 (]: Using duckdb connection "model.nyc_taxi_dbt.stg_yellow_taxi_trips"
[0m21:56:14.475805 [debug] [Thread-1 (]: On model.nyc_taxi_dbt.stg_yellow_taxi_trips: /* {"app": "dbt", "dbt_version": "1.11.8", "profile_name": "nyc_taxi_dbt", "target_name": "dev", "node_id": "model.nyc_taxi_dbt.stg_yellow_taxi_trips"} */
alter view "nyc_taxi"."main_staging"."stg_yellow_taxi_trips__dbt_tmp" rename to "stg_yellow_taxi_trips"
[0m21:56:14.476047 [debug] [Thread-1 (]: SQL status: OK in 0.000 seconds
[0m21:56:14.481834 [debug] [Thread-1 (]: On model.nyc_taxi_dbt.stg_yellow_taxi_trips: COMMIT
[0m21:56:14.482048 [debug] [Thread-1 (]: Using duckdb connection "model.nyc_taxi_dbt.stg_yellow_taxi_trips"
[0m21:56:14.482192 [debug] [Thread-1 (]: On model.nyc_taxi_dbt.stg_yellow_taxi_trips: COMMIT
[0m21:56:14.483120 [debug] [Thread-1 (]: SQL status: OK in 0.001 seconds
[0m21:56:14.485630 [debug] [Thread-1 (]: Using duckdb connection "model.nyc_taxi_dbt.stg_yellow_taxi_trips"
[0m21:56:14.485799 [debug] [Thread-1 (]: On model.nyc_taxi_dbt.stg_yellow_taxi_trips: /* {"app": "dbt", "dbt_version": "1.11.8", "profile_name": "nyc_taxi_dbt", "target_name": "dev", "node_id": "model.nyc_taxi_dbt.stg_yellow_taxi_trips"} */

      drop view if exists "nyc_taxi"."main_staging"."stg_yellow_taxi_trips__dbt_backup" cascade
    
[0m21:56:14.486118 [debug] [Thread-1 (]: SQL status: OK in 0.000 seconds
[0m21:56:14.487147 [debug] [Thread-1 (]: On model.nyc_taxi_dbt.stg_yellow_taxi_trips: Close
[0m21:56:14.488048 [debug] [Thread-1 (]: Sending event: {'category': 'dbt', 'action': 'run_model', 'label': '5d63fc06-fec9-4d8c-9107-f7c353652e57', 'context': [<snowplow_tracker.self_describing_json.SelfDescribingJson object at 0x10bd65190>]}
[0m21:56:14.488339 [info ] [Thread-1 (]: 1 of 6 OK created sql view model main_staging.stg_yellow_taxi_trips ............ [[32mOK[0m in 0.04s]
[0m21:56:14.488572 [debug] [Thread-1 (]: Finished running node model.nyc_taxi_dbt.stg_yellow_taxi_trips
[0m21:56:14.488893 [debug] [Thread-3 (]: Began running node model.nyc_taxi_dbt.int_trip_revenue_metrics
[0m21:56:14.489070 [debug] [Thread-4 (]: Began running node model.nyc_taxi_dbt.int_trips_with_time_features
[0m21:56:14.489314 [info ] [Thread-3 (]: 2 of 6 START sql view model main_intermediate.int_trip_revenue_metrics ......... [RUN]
[0m21:56:14.489550 [info ] [Thread-4 (]: 3 of 6 START sql view model main_intermediate.int_trips_with_time_features ..... [RUN]
[0m21:56:14.489848 [debug] [Thread-3 (]: Re-using an available connection from the pool (formerly list_nyc_taxi_main_intermediate, now model.nyc_taxi_dbt.int_trip_revenue_metrics)
[0m21:56:14.490056 [debug] [Thread-4 (]: Acquiring new duckdb connection 'model.nyc_taxi_dbt.int_trips_with_time_features'
[0m21:56:14.490207 [debug] [Thread-3 (]: Began compiling node model.nyc_taxi_dbt.int_trip_revenue_metrics
[0m21:56:14.490348 [debug] [Thread-4 (]: Began compiling node model.nyc_taxi_dbt.int_trips_with_time_features
[0m21:56:14.491832 [debug] [Thread-3 (]: Writing injected SQL for node "model.nyc_taxi_dbt.int_trip_revenue_metrics"
[0m21:56:14.493125 [debug] [Thread-4 (]: Writing injected SQL for node "model.nyc_taxi_dbt.int_trips_with_time_features"
[0m21:56:14.493466 [debug] [Thread-3 (]: Began executing node model.nyc_taxi_dbt.int_trip_revenue_metrics
[0m21:56:14.493602 [debug] [Thread-4 (]: Began executing node model.nyc_taxi_dbt.int_trips_with_time_features
[0m21:56:14.495109 [debug] [Thread-3 (]: Writing runtime sql for node "model.nyc_taxi_dbt.int_trip_revenue_metrics"
[0m21:56:14.497273 [debug] [Thread-4 (]: Writing runtime sql for node "model.nyc_taxi_dbt.int_trips_with_time_features"
[0m21:56:14.497615 [debug] [Thread-3 (]: Using duckdb connection "model.nyc_taxi_dbt.int_trip_revenue_metrics"
[0m21:56:14.497771 [debug] [Thread-4 (]: Using duckdb connection "model.nyc_taxi_dbt.int_trips_with_time_features"
[0m21:56:14.497917 [debug] [Thread-3 (]: On model.nyc_taxi_dbt.int_trip_revenue_metrics: BEGIN
[0m21:56:14.498055 [debug] [Thread-4 (]: On model.nyc_taxi_dbt.int_trips_with_time_features: BEGIN
[0m21:56:14.498189 [debug] [Thread-3 (]: Opening a new connection, currently in state closed
[0m21:56:14.498323 [debug] [Thread-4 (]: Opening a new connection, currently in state init
[0m21:56:14.498633 [debug] [Thread-3 (]: SQL status: OK in 0.000 seconds
[0m21:56:14.498780 [debug] [Thread-4 (]: SQL status: OK in 0.000 seconds
[0m21:56:14.498916 [debug] [Thread-3 (]: Using duckdb connection "model.nyc_taxi_dbt.int_trip_revenue_metrics"
[0m21:56:14.499062 [debug] [Thread-4 (]: Using duckdb connection "model.nyc_taxi_dbt.int_trips_with_time_features"
[0m21:56:14.499302 [debug] [Thread-3 (]: On model.nyc_taxi_dbt.int_trip_revenue_metrics: /* {"app": "dbt", "dbt_version": "1.11.8", "profile_name": "nyc_taxi_dbt", "target_name": "dev", "node_id": "model.nyc_taxi_dbt.int_trip_revenue_metrics"} */

  
  create view "nyc_taxi"."main_intermediate"."int_trip_revenue_metrics__dbt_tmp" as (
    -- =============================================================
--  models/intermediate/int_trip_revenue_metrics.sql
--
--  WHAT THIS MODEL DOES:
--  Calculates money and fare-related metrics for every trip.
--  Multiple mart models need these calculations — writing them
--  here once prevents copy-pasting the same CASE statements
--  across multiple files.
--
--  New columns added:
--    tip_percentage    → tip as a % of the base fare
--    revenue_per_mile  → total amount ÷ trip distance
--    revenue_per_min   → total amount ÷ trip duration
--    payment_label     → "Credit Card" instead of the number 1
--    tip_tier          → "No Tip", "Low", "Medium", "High"
--    fare_bucket       → fare grouped into $5 ranges
--
-- =============================================================

with trips as (
    -- ref() references upstream models
    -- dbt automatically figures out the order to build models
    select * from "nyc_taxi"."main_staging"."stg_yellow_taxi_trips"

),

revenue_metrics as (

    select

        -- ── All columns from staging ──────────────────────────
        *,

        -- ── Tip percentage ────────────────────────────────────
        -- How much did the passenger tip relative to the base fare?
        case
            when fare_amount > 0
            then round((tip_amount / fare_amount) * 100, 2)
            else 0
        end                                     as tip_percentage,

        -- ── Revenue per mile ──────────────────────────────────
        -- Useful for comparing efficiency of short vs long trips
        case
            when trip_distance > 0
            then round(total_amount / trip_distance, 2)
            else null
        end                                     as revenue_per_mile,

        -- ── Revenue per minute ────────────────────────────────
        case
            when trip_duration_minutes > 0
            then round(total_amount / trip_duration_minutes, 2)
            else null
        end                                     as revenue_per_minute,

        -- ── Payment label ─────────────────────────────────────
        -- Turns the integer code into a readable string
        case payment_type
            when 1 then 'Credit Card'
            when 2 then 'Cash'
            when 3 then 'No Charge'
            when 4 then 'Dispute'
            else        'Unknown'
        end                                     as payment_label,

        -- ── Tip tier ──────────────────────────────────────────
        -- Buckets trips by how much was tipped
        case
            when tip_amount = 0              then 'No Tip'
            when tip_amount < 2              then 'Low  (under $2)'
            when tip_amount between 2 and 5  then 'Medium ($2–$5)'
            else                                  'High (over $5)'
        end                                     as tip_tier,

        -- ── Fare bucket ───────────────────────────────────────
        -- Groups base fares into $5/$10 ranges
        case
            when fare_amount < 5             then '$0–$5'
            when fare_amount < 10            then '$5–$10'
            when fare_amount < 20            then '$10–$20'
            when fare_amount < 30            then '$20–$30'
            else                                  '$30+'
        end                                     as fare_bucket

    from trips

)

select * from revenue_metrics
  );

[0m21:56:14.499607 [debug] [Thread-4 (]: On model.nyc_taxi_dbt.int_trips_with_time_features: /* {"app": "dbt", "dbt_version": "1.11.8", "profile_name": "nyc_taxi_dbt", "target_name": "dev", "node_id": "model.nyc_taxi_dbt.int_trips_with_time_features"} */

  
  create view "nyc_taxi"."main_intermediate"."int_trips_with_time_features__dbt_tmp" as (
    -- =============================================================
--  models/intermediate/int_trips_with_time_features.sql
--
--  WHAT THIS MODEL DOES:
--  Takes the clean staging data and adds time-based columns that
--  multiple mart models will need. Instead of repeating this logic
--  in every mart, we write it once here.
--
--  New columns added:
--    pickup_hour     → 0 to 23
--    day_of_week     → 0 (Sunday) to 6 (Saturday)
--    day_name        → "Monday", "Tuesday", etc.
--    pickup_date     → just the date, no time (e.g. 2024-01-15)
--    time_of_day     → "Morning Rush", "Evening Rush", "Midday", etc.
--    is_weekend      → true / false
--
-- =============================================================

with trips as (

    -- ref() references upstream models
    -- dbt automatically figures out the order to build models
    select * from "nyc_taxi"."main_staging"."stg_yellow_taxi_trips"

),

time_features as (

    select

        -- ── All columns from staging ──────────────────────────
        *,

        -- ── Hour of pickup (0 = midnight, 23 = 11pm) ─────────
        extract(hour from pickup_at)            as pickup_hour,

        -- ── Day of week (0 = Sunday, 6 = Saturday) ───────────
        extract(dow from pickup_at)             as day_of_week,

        -- ── Human-readable day name ───────────────────────────
        dayname(pickup_at)                      as day_name,

        -- ── Date only — useful for daily GROUP BY queries ─────
        pickup_at::date                         as pickup_date,

        -- ── Time-of-day bucket ────────────────────────────────
        -- This classifies each trip into a named period
        case
            when extract(hour from pickup_at) between 7  and 9  then 'Morning Rush'
            when extract(hour from pickup_at) between 16 and 19 then 'Evening Rush'
            when extract(hour from pickup_at) between 10 and 15 then 'Midday'
            when extract(hour from pickup_at) between 20 and 23 then 'Night'
            else                                                      'Early Morning'
        end                                     as time_of_day,

        -- ── Weekend flag ──────────────────────────────────────
        -- In DuckDB, dow: 0 = Sunday, 6 = Saturday
        case
            when extract(dow from pickup_at) in (0, 6) then true
            else false
        end                                     as is_weekend

    from trips

)

select * from time_features
  );

[0m21:56:14.500833 [debug] [Thread-4 (]: SQL status: OK in 0.001 seconds
[0m21:56:14.500987 [debug] [Thread-3 (]: SQL status: OK in 0.001 seconds
[0m21:56:14.502380 [debug] [Thread-4 (]: Using duckdb connection "model.nyc_taxi_dbt.int_trips_with_time_features"
[0m21:56:14.503694 [debug] [Thread-3 (]: Using duckdb connection "model.nyc_taxi_dbt.int_trip_revenue_metrics"
[0m21:56:14.503857 [debug] [Thread-4 (]: On model.nyc_taxi_dbt.int_trips_with_time_features: /* {"app": "dbt", "dbt_version": "1.11.8", "profile_name": "nyc_taxi_dbt", "target_name": "dev", "node_id": "model.nyc_taxi_dbt.int_trips_with_time_features"} */
alter view "nyc_taxi"."main_intermediate"."int_trips_with_time_features" rename to "int_trips_with_time_features__dbt_backup"
[0m21:56:14.504028 [debug] [Thread-3 (]: On model.nyc_taxi_dbt.int_trip_revenue_metrics: /* {"app": "dbt", "dbt_version": "1.11.8", "profile_name": "nyc_taxi_dbt", "target_name": "dev", "node_id": "model.nyc_taxi_dbt.int_trip_revenue_metrics"} */
alter view "nyc_taxi"."main_intermediate"."int_trip_revenue_metrics" rename to "int_trip_revenue_metrics__dbt_backup"
[0m21:56:14.504312 [debug] [Thread-4 (]: SQL status: OK in 0.000 seconds
[0m21:56:14.505567 [debug] [Thread-4 (]: Using duckdb connection "model.nyc_taxi_dbt.int_trips_with_time_features"
[0m21:56:14.505721 [debug] [Thread-4 (]: On model.nyc_taxi_dbt.int_trips_with_time_features: /* {"app": "dbt", "dbt_version": "1.11.8", "profile_name": "nyc_taxi_dbt", "target_name": "dev", "node_id": "model.nyc_taxi_dbt.int_trips_with_time_features"} */
alter view "nyc_taxi"."main_intermediate"."int_trips_with_time_features__dbt_tmp" rename to "int_trips_with_time_features"
[0m21:56:14.505857 [debug] [Thread-3 (]: SQL status: OK in 0.002 seconds
[0m21:56:14.507112 [debug] [Thread-3 (]: Using duckdb connection "model.nyc_taxi_dbt.int_trip_revenue_metrics"
[0m21:56:14.507261 [debug] [Thread-3 (]: On model.nyc_taxi_dbt.int_trip_revenue_metrics: /* {"app": "dbt", "dbt_version": "1.11.8", "profile_name": "nyc_taxi_dbt", "target_name": "dev", "node_id": "model.nyc_taxi_dbt.int_trip_revenue_metrics"} */
alter view "nyc_taxi"."main_intermediate"."int_trip_revenue_metrics__dbt_tmp" rename to "int_trip_revenue_metrics"
[0m21:56:14.507405 [debug] [Thread-4 (]: SQL status: OK in 0.001 seconds
[0m21:56:14.508003 [debug] [Thread-4 (]: On model.nyc_taxi_dbt.int_trips_with_time_features: COMMIT
[0m21:56:14.508144 [debug] [Thread-4 (]: Using duckdb connection "model.nyc_taxi_dbt.int_trips_with_time_features"
[0m21:56:14.508278 [debug] [Thread-3 (]: SQL status: OK in 0.001 seconds
[0m21:56:14.508406 [debug] [Thread-4 (]: On model.nyc_taxi_dbt.int_trips_with_time_features: COMMIT
[0m21:56:14.508950 [debug] [Thread-3 (]: On model.nyc_taxi_dbt.int_trip_revenue_metrics: COMMIT
[0m21:56:14.509131 [debug] [Thread-3 (]: Using duckdb connection "model.nyc_taxi_dbt.int_trip_revenue_metrics"
[0m21:56:14.509282 [debug] [Thread-3 (]: On model.nyc_taxi_dbt.int_trip_revenue_metrics: COMMIT
[0m21:56:14.509417 [debug] [Thread-4 (]: SQL status: OK in 0.000 seconds
[0m21:56:14.510488 [debug] [Thread-4 (]: Using duckdb connection "model.nyc_taxi_dbt.int_trips_with_time_features"
[0m21:56:14.510650 [debug] [Thread-4 (]: On model.nyc_taxi_dbt.int_trips_with_time_features: /* {"app": "dbt", "dbt_version": "1.11.8", "profile_name": "nyc_taxi_dbt", "target_name": "dev", "node_id": "model.nyc_taxi_dbt.int_trips_with_time_features"} */

      drop view if exists "nyc_taxi"."main_intermediate"."int_trips_with_time_features__dbt_backup" cascade
    
[0m21:56:14.510840 [debug] [Thread-3 (]: SQL status: OK in 0.001 seconds
[0m21:56:14.511913 [debug] [Thread-3 (]: Using duckdb connection "model.nyc_taxi_dbt.int_trip_revenue_metrics"
[0m21:56:14.512059 [debug] [Thread-3 (]: On model.nyc_taxi_dbt.int_trip_revenue_metrics: /* {"app": "dbt", "dbt_version": "1.11.8", "profile_name": "nyc_taxi_dbt", "target_name": "dev", "node_id": "model.nyc_taxi_dbt.int_trip_revenue_metrics"} */

      drop view if exists "nyc_taxi"."main_intermediate"."int_trip_revenue_metrics__dbt_backup" cascade
    
[0m21:56:14.512261 [debug] [Thread-4 (]: SQL status: OK in 0.001 seconds
[0m21:56:14.512782 [debug] [Thread-4 (]: On model.nyc_taxi_dbt.int_trips_with_time_features: Close
[0m21:56:14.512942 [debug] [Thread-3 (]: SQL status: OK in 0.001 seconds
[0m21:56:14.513166 [debug] [Thread-4 (]: Sending event: {'category': 'dbt', 'action': 'run_model', 'label': '5d63fc06-fec9-4d8c-9107-f7c353652e57', 'context': [<snowplow_tracker.self_describing_json.SelfDescribingJson object at 0x10ce14e90>]}
[0m21:56:14.513651 [debug] [Thread-3 (]: On model.nyc_taxi_dbt.int_trip_revenue_metrics: Close
[0m21:56:14.513927 [info ] [Thread-4 (]: 3 of 6 OK created sql view model main_intermediate.int_trips_with_time_features  [[32mOK[0m in 0.02s]
[0m21:56:14.514247 [debug] [Thread-4 (]: Finished running node model.nyc_taxi_dbt.int_trips_with_time_features
[0m21:56:14.514383 [debug] [Thread-3 (]: Sending event: {'category': 'dbt', 'action': 'run_model', 'label': '5d63fc06-fec9-4d8c-9107-f7c353652e57', 'context': [<snowplow_tracker.self_describing_json.SelfDescribingJson object at 0x10ce1f690>]}
[0m21:56:14.514672 [debug] [Thread-1 (]: Began running node model.nyc_taxi_dbt.mart_hourly_demand
[0m21:56:14.514864 [info ] [Thread-3 (]: 2 of 6 OK created sql view model main_intermediate.int_trip_revenue_metrics .... [[32mOK[0m in 0.02s]
[0m21:56:14.515098 [info ] [Thread-1 (]: 4 of 6 START sql table model main_marts.mart_hourly_demand ..................... [RUN]
[0m21:56:14.515332 [debug] [Thread-3 (]: Finished running node model.nyc_taxi_dbt.int_trip_revenue_metrics
[0m21:56:14.515500 [debug] [Thread-1 (]: Re-using an available connection from the pool (formerly model.nyc_taxi_dbt.stg_yellow_taxi_trips, now model.nyc_taxi_dbt.mart_hourly_demand)
[0m21:56:14.515742 [debug] [Thread-1 (]: Began compiling node model.nyc_taxi_dbt.mart_hourly_demand
[0m21:56:14.515898 [debug] [Thread-4 (]: Began running node model.nyc_taxi_dbt.mart_daily_trip_summary
[0m21:56:14.516045 [debug] [Thread-2 (]: Began running node model.nyc_taxi_dbt.mart_payment_analysis
[0m21:56:14.517461 [debug] [Thread-1 (]: Writing injected SQL for node "model.nyc_taxi_dbt.mart_hourly_demand"
[0m21:56:14.517660 [info ] [Thread-4 (]: 5 of 6 START sql table model main_marts.mart_daily_trip_summary ................ [RUN]
[0m21:56:14.517875 [info ] [Thread-2 (]: 6 of 6 START sql table model main_marts.mart_payment_analysis .................. [RUN]
[0m21:56:14.518101 [debug] [Thread-4 (]: Re-using an available connection from the pool (formerly model.nyc_taxi_dbt.int_trips_with_time_features, now model.nyc_taxi_dbt.mart_daily_trip_summary)
[0m21:56:14.518273 [debug] [Thread-2 (]: Re-using an available connection from the pool (formerly list_nyc_taxi_main_marts, now model.nyc_taxi_dbt.mart_payment_analysis)
[0m21:56:14.518408 [debug] [Thread-1 (]: Began executing node model.nyc_taxi_dbt.mart_hourly_demand
[0m21:56:14.518552 [debug] [Thread-4 (]: Began compiling node model.nyc_taxi_dbt.mart_daily_trip_summary
[0m21:56:14.518686 [debug] [Thread-2 (]: Began compiling node model.nyc_taxi_dbt.mart_payment_analysis
[0m21:56:14.527029 [debug] [Thread-1 (]: Writing runtime sql for node "model.nyc_taxi_dbt.mart_hourly_demand"
[0m21:56:14.529780 [debug] [Thread-4 (]: Writing injected SQL for node "model.nyc_taxi_dbt.mart_daily_trip_summary"
[0m21:56:14.531112 [debug] [Thread-2 (]: Writing injected SQL for node "model.nyc_taxi_dbt.mart_payment_analysis"
[0m21:56:14.531564 [debug] [Thread-1 (]: Using duckdb connection "model.nyc_taxi_dbt.mart_hourly_demand"
[0m21:56:14.531721 [debug] [Thread-2 (]: Began executing node model.nyc_taxi_dbt.mart_payment_analysis
[0m21:56:14.531865 [debug] [Thread-4 (]: Began executing node model.nyc_taxi_dbt.mart_daily_trip_summary
[0m21:56:14.532016 [debug] [Thread-1 (]: On model.nyc_taxi_dbt.mart_hourly_demand: BEGIN
[0m21:56:14.533439 [debug] [Thread-2 (]: Writing runtime sql for node "model.nyc_taxi_dbt.mart_payment_analysis"
[0m21:56:14.534816 [debug] [Thread-4 (]: Writing runtime sql for node "model.nyc_taxi_dbt.mart_daily_trip_summary"
[0m21:56:14.534970 [debug] [Thread-1 (]: Opening a new connection, currently in state closed
[0m21:56:14.535351 [debug] [Thread-2 (]: Using duckdb connection "model.nyc_taxi_dbt.mart_payment_analysis"
[0m21:56:14.535520 [debug] [Thread-2 (]: On model.nyc_taxi_dbt.mart_payment_analysis: BEGIN
[0m21:56:14.535688 [debug] [Thread-4 (]: Using duckdb connection "model.nyc_taxi_dbt.mart_daily_trip_summary"
[0m21:56:14.535835 [debug] [Thread-1 (]: SQL status: OK in 0.001 seconds
[0m21:56:14.535967 [debug] [Thread-2 (]: Opening a new connection, currently in state closed
[0m21:56:14.536108 [debug] [Thread-4 (]: On model.nyc_taxi_dbt.mart_daily_trip_summary: BEGIN
[0m21:56:14.536241 [debug] [Thread-1 (]: Using duckdb connection "model.nyc_taxi_dbt.mart_hourly_demand"
[0m21:56:14.536442 [debug] [Thread-4 (]: Opening a new connection, currently in state closed
[0m21:56:14.536592 [debug] [Thread-2 (]: SQL status: OK in 0.001 seconds
[0m21:56:14.536784 [debug] [Thread-1 (]: On model.nyc_taxi_dbt.mart_hourly_demand: /* {"app": "dbt", "dbt_version": "1.11.8", "profile_name": "nyc_taxi_dbt", "target_name": "dev", "node_id": "model.nyc_taxi_dbt.mart_hourly_demand"} */

  
    
    

    create  table
      "nyc_taxi"."main_marts"."mart_hourly_demand__dbt_tmp"
  
    as (
      -- =============================================================
--  models/marts/mart_hourly_demand.sql
--
--  WHAT THIS MODEL DOES:
--  Answers "when and where are taxis most in demand?"
--  One row per day + hour + pickup zone combination.
--  Useful for visualizing heatmaps, rush hour patterns,
--  and which neighborhoods generate the most trips.

--  Materialized as: TABLE
-- =============================================================

with trips as (

    select * from "nyc_taxi"."main_intermediate"."int_trips_with_time_features"

),

hourly_aggregated as (

    select

        -- ── Dimensions ────────────────────────────────────────
        pickup_date,
        pickup_hour,
        day_name,
        is_weekend,
        time_of_day,            -- "Morning Rush", "Evening Rush", etc.
        pickup_location_id,

        -- ── Volume metrics ────────────────────────────────────
        count(*)                                        as total_trips,

        -- ── Trip characteristics ──────────────────────────────
        round(avg(trip_distance),          2)           as avg_distance_miles,
        round(avg(trip_duration_minutes),  1)           as avg_duration_minutes,
        round(sum(trip_distance),          2)           as total_miles_traveled

    from trips
    group by
        pickup_date,
        pickup_hour,
        day_name,
        is_weekend,
        time_of_day,
        pickup_location_id

),

with_rankings as (

    select
        *,

        -- ── Rank each hour within a given day ─────────────────
        -- rank 1 = busiest hour of that day
        rank() over (
            partition by pickup_date
            order by total_trips desc
        )                                               as hour_rank_that_day,

        -- ── Rank each pickup zone for each hour ───────────────
        -- rank 1 = busiest zone during that hour
        rank() over (
            partition by pickup_date, pickup_hour
            order by total_trips desc
        )                                               as zone_rank_that_hour

    from hourly_aggregated

)

select * from with_rankings
order by pickup_date, pickup_hour, total_trips desc
    );
  
  
[0m21:56:14.537040 [debug] [Thread-2 (]: Using duckdb connection "model.nyc_taxi_dbt.mart_payment_analysis"
[0m21:56:14.537189 [debug] [Thread-4 (]: SQL status: OK in 0.001 seconds
[0m21:56:14.537517 [debug] [Thread-2 (]: On model.nyc_taxi_dbt.mart_payment_analysis: /* {"app": "dbt", "dbt_version": "1.11.8", "profile_name": "nyc_taxi_dbt", "target_name": "dev", "node_id": "model.nyc_taxi_dbt.mart_payment_analysis"} */

  
    
    

    create  table
      "nyc_taxi"."main_marts"."mart_payment_analysis__dbt_tmp"
  
    as (
      -- =============================================================
--  models/marts/mart_payment_analysis.sql
--
--  WHAT THIS MODEL DOES:
--  Analyzes tipping behavior broken down by payment method
--  and fare size. This is an insight-rich mart that answers
--  real business questions:
--    - "Do credit card users always tip more than cash users?"
--    - "At what fare amount do tips start dropping off?"
--    - "What % of trips receive no tip at all?"
--    - "Which fare bucket is most profitable per mile?"
--
--  One row per combination of: payment method + fare bucket + tip tier
--
--  Materialized as: TABLE
-- =============================================================

with revenue as (

    select * from "nyc_taxi"."main_intermediate"."int_trip_revenue_metrics"

),

-- Aggregate by payment type, fare range, and tip behavior
payment_summary as (

    select

        -- ── Dimensions ────────────────────────────────────────
        payment_label,          -- "Credit Card", "Cash", etc.
        fare_bucket,            -- "$5–$10", "$10–$20", etc.
        tip_tier,               -- "No Tip", "Low", "Medium", "High"

        -- ── Volume ────────────────────────────────────────────
        count(*)                                            as total_trips,

        -- ── Tip metrics ───────────────────────────────────────
        round(avg(tip_percentage),  2)                      as avg_tip_pct,
        round(avg(tip_amount),      2)                      as avg_tip_dollars,
        round(min(tip_amount),      2)                      as min_tip,
        round(max(tip_amount),      2)                      as max_tip,

        -- ── Fare metrics ──────────────────────────────────────
        round(avg(fare_amount),     2)                      as avg_fare,
        round(avg(total_amount),    2)                      as avg_total_charged,

        -- ── Efficiency metrics ────────────────────────────────
        round(avg(revenue_per_mile),    2)                  as avg_revenue_per_mile,
        round(avg(revenue_per_minute),  2)                  as avg_revenue_per_minute,

        -- ── No-tip rate ───────────────────────────────────────
        -- What % of trips in this group received zero tip?
        round(
            sum(case when tip_amount = 0 then 1 else 0 end) * 100.0
            / nullif(count(*), 0),
        2)                                                  as pct_trips_no_tip

    from revenue
    group by
        payment_label,
        fare_bucket,
        tip_tier

)

select * from payment_summary
order by
    payment_label,
    fare_bucket,
    tip_tier
    );
  
  
[0m21:56:14.537741 [debug] [Thread-4 (]: Using duckdb connection "model.nyc_taxi_dbt.mart_daily_trip_summary"
[0m21:56:14.538438 [debug] [Thread-4 (]: On model.nyc_taxi_dbt.mart_daily_trip_summary: /* {"app": "dbt", "dbt_version": "1.11.8", "profile_name": "nyc_taxi_dbt", "target_name": "dev", "node_id": "model.nyc_taxi_dbt.mart_daily_trip_summary"} */

  
    
    

    create  table
      "nyc_taxi"."main_marts"."mart_daily_trip_summary__dbt_tmp"
  
    as (
      -- =============================================================
--  models/marts/mart_daily_trip_summary.sql
--
--  WHAT THIS MODEL DOES:
--  Aggregates millions of individual trip rows into one row
--  per day per payment type. This is the table a manager or
--  BI dashboard would query to answer questions like:
--    - "How much revenue did we make on January 15th?"
--    - "Do credit card users spend more than cash users?"
--    - "Which days of the week are busiest?"
--
--  Materialized as: TABLE (a real table in the database)
--  Downstream use: Tableau, Power BI, Metabase, Looker, etc.
-- =============================================================

with time_data as (

    select * from "nyc_taxi"."main_intermediate"."int_trips_with_time_features"

),

revenue_data as (

    select
        trip_id,
        payment_label,
        total_amount,
        tip_amount,
        fare_amount,
        revenue_per_mile
    from "nyc_taxi"."main_intermediate"."int_trip_revenue_metrics"

),

-- Join the two intermediate models together on trip_id
joined as (

    select
        t.trip_id,
        t.pickup_date,
        t.day_name,
        t.is_weekend,
        t.trip_distance,
        t.trip_duration_minutes,
        r.payment_label,
        r.total_amount,
        r.tip_amount,
        r.fare_amount,
        r.revenue_per_mile

    from time_data t
    inner join revenue_data r on t.trip_id = r.trip_id

),

-- Aggregate to one row per day per payment type
daily_summary as (

    select

        -- ── Dimensions (what we're grouping by) ───────────────
        pickup_date,
        day_name,
        is_weekend,
        payment_label,

        -- ── Trip volume ───────────────────────────────────────
        count(*)                                        as total_trips,

        -- ── Revenue metrics ───────────────────────────────────
        round(sum(total_amount),  2)                    as total_revenue,
        round(avg(total_amount),  2)                    as avg_fare_per_trip,
        round(avg(tip_amount),    2)                    as avg_tip_amount,

        -- Overall tip rate for this day/payment group
        round(
            sum(tip_amount) / nullif(sum(fare_amount), 0) * 100,
        2)                                              as tip_rate_pct,

        -- ── Trip characteristics ──────────────────────────────
        round(avg(trip_distance),          2)           as avg_distance_miles,
        round(avg(trip_duration_minutes),  1)           as avg_duration_minutes,
        round(avg(revenue_per_mile),       2)           as avg_revenue_per_mile

    from joined
    group by
        pickup_date,
        day_name,
        is_weekend,
        payment_label

)

select * from daily_summary
order by pickup_date, payment_label
    );
  
  
[0m21:56:14.732221 [debug] [Thread-2 (]: SQL status: OK in 0.194 seconds
[0m21:56:14.741034 [debug] [Thread-2 (]: Using duckdb connection "model.nyc_taxi_dbt.mart_payment_analysis"
[0m21:56:14.741395 [debug] [Thread-2 (]: On model.nyc_taxi_dbt.mart_payment_analysis: /* {"app": "dbt", "dbt_version": "1.11.8", "profile_name": "nyc_taxi_dbt", "target_name": "dev", "node_id": "model.nyc_taxi_dbt.mart_payment_analysis"} */

    SELECT index_name
    FROM duckdb_indexes()
    WHERE schema_name = 'main_marts'
      AND table_name = 'mart_payment_analysis'
  
[0m21:56:14.742064 [debug] [Thread-2 (]: SQL status: OK in 0.000 seconds
[0m21:56:14.742894 [debug] [Thread-2 (]: Using duckdb connection "model.nyc_taxi_dbt.mart_payment_analysis"
[0m21:56:14.743101 [debug] [Thread-2 (]: On model.nyc_taxi_dbt.mart_payment_analysis: /* {"app": "dbt", "dbt_version": "1.11.8", "profile_name": "nyc_taxi_dbt", "target_name": "dev", "node_id": "model.nyc_taxi_dbt.mart_payment_analysis"} */

    SELECT COUNT(*) as remaining_indexes
    FROM duckdb_indexes()
    WHERE schema_name = 'main_marts'
      AND table_name = 'mart_payment_analysis'
  
[0m21:56:14.745287 [debug] [Thread-2 (]: SQL status: OK in 0.002 seconds
[0m21:56:14.747397 [debug] [Thread-2 (]: Using duckdb connection "model.nyc_taxi_dbt.mart_payment_analysis"
[0m21:56:14.747638 [debug] [Thread-2 (]: On model.nyc_taxi_dbt.mart_payment_analysis: /* {"app": "dbt", "dbt_version": "1.11.8", "profile_name": "nyc_taxi_dbt", "target_name": "dev", "node_id": "model.nyc_taxi_dbt.mart_payment_analysis"} */
alter table "nyc_taxi"."main_marts"."mart_payment_analysis" rename to "mart_payment_analysis__dbt_backup"
[0m21:56:14.748267 [debug] [Thread-2 (]: SQL status: OK in 0.000 seconds
[0m21:56:14.750270 [debug] [Thread-2 (]: Using duckdb connection "model.nyc_taxi_dbt.mart_payment_analysis"
[0m21:56:14.750521 [debug] [Thread-2 (]: On model.nyc_taxi_dbt.mart_payment_analysis: /* {"app": "dbt", "dbt_version": "1.11.8", "profile_name": "nyc_taxi_dbt", "target_name": "dev", "node_id": "model.nyc_taxi_dbt.mart_payment_analysis"} */
alter table "nyc_taxi"."main_marts"."mart_payment_analysis__dbt_tmp" rename to "mart_payment_analysis"
[0m21:56:14.751476 [debug] [Thread-2 (]: SQL status: OK in 0.000 seconds
[0m21:56:14.767139 [debug] [Thread-2 (]: On model.nyc_taxi_dbt.mart_payment_analysis: COMMIT
[0m21:56:14.769157 [debug] [Thread-2 (]: Using duckdb connection "model.nyc_taxi_dbt.mart_payment_analysis"
[0m21:56:14.769800 [debug] [Thread-2 (]: On model.nyc_taxi_dbt.mart_payment_analysis: COMMIT
[0m21:56:14.771189 [debug] [Thread-2 (]: SQL status: OK in 0.001 seconds
[0m21:56:14.773412 [debug] [Thread-2 (]: Using duckdb connection "model.nyc_taxi_dbt.mart_payment_analysis"
[0m21:56:14.773721 [debug] [Thread-2 (]: On model.nyc_taxi_dbt.mart_payment_analysis: /* {"app": "dbt", "dbt_version": "1.11.8", "profile_name": "nyc_taxi_dbt", "target_name": "dev", "node_id": "model.nyc_taxi_dbt.mart_payment_analysis"} */

      drop table if exists "nyc_taxi"."main_marts"."mart_payment_analysis__dbt_backup" cascade
    
[0m21:56:14.774338 [debug] [Thread-2 (]: SQL status: OK in 0.000 seconds
[0m21:56:14.778432 [debug] [Thread-2 (]: On model.nyc_taxi_dbt.mart_payment_analysis: Close
[0m21:56:14.779104 [debug] [Thread-2 (]: Sending event: {'category': 'dbt', 'action': 'run_model', 'label': '5d63fc06-fec9-4d8c-9107-f7c353652e57', 'context': [<snowplow_tracker.self_describing_json.SelfDescribingJson object at 0x10bd495d0>]}
[0m21:56:14.780615 [info ] [Thread-2 (]: 6 of 6 OK created sql table model main_marts.mart_payment_analysis ............. [[32mOK[0m in 0.26s]
[0m21:56:14.780980 [debug] [Thread-2 (]: Finished running node model.nyc_taxi_dbt.mart_payment_analysis
[0m21:56:14.805829 [debug] [Thread-1 (]: SQL status: OK in 0.268 seconds
[0m21:56:14.806558 [debug] [Thread-1 (]: Using duckdb connection "model.nyc_taxi_dbt.mart_hourly_demand"
[0m21:56:14.806755 [debug] [Thread-1 (]: On model.nyc_taxi_dbt.mart_hourly_demand: /* {"app": "dbt", "dbt_version": "1.11.8", "profile_name": "nyc_taxi_dbt", "target_name": "dev", "node_id": "model.nyc_taxi_dbt.mart_hourly_demand"} */

    SELECT index_name
    FROM duckdb_indexes()
    WHERE schema_name = 'main_marts'
      AND table_name = 'mart_hourly_demand'
  
[0m21:56:14.807240 [debug] [Thread-1 (]: SQL status: OK in 0.000 seconds
[0m21:56:14.807845 [debug] [Thread-1 (]: Using duckdb connection "model.nyc_taxi_dbt.mart_hourly_demand"
[0m21:56:14.808016 [debug] [Thread-1 (]: On model.nyc_taxi_dbt.mart_hourly_demand: /* {"app": "dbt", "dbt_version": "1.11.8", "profile_name": "nyc_taxi_dbt", "target_name": "dev", "node_id": "model.nyc_taxi_dbt.mart_hourly_demand"} */

    SELECT COUNT(*) as remaining_indexes
    FROM duckdb_indexes()
    WHERE schema_name = 'main_marts'
      AND table_name = 'mart_hourly_demand'
  
[0m21:56:14.808387 [debug] [Thread-1 (]: SQL status: OK in 0.000 seconds
[0m21:56:14.810115 [debug] [Thread-1 (]: Using duckdb connection "model.nyc_taxi_dbt.mart_hourly_demand"
[0m21:56:14.810362 [debug] [Thread-1 (]: On model.nyc_taxi_dbt.mart_hourly_demand: /* {"app": "dbt", "dbt_version": "1.11.8", "profile_name": "nyc_taxi_dbt", "target_name": "dev", "node_id": "model.nyc_taxi_dbt.mart_hourly_demand"} */
alter table "nyc_taxi"."main_marts"."mart_hourly_demand" rename to "mart_hourly_demand__dbt_backup"
[0m21:56:14.810726 [debug] [Thread-1 (]: SQL status: OK in 0.000 seconds
[0m21:56:14.812408 [debug] [Thread-1 (]: Using duckdb connection "model.nyc_taxi_dbt.mart_hourly_demand"
[0m21:56:14.813050 [debug] [Thread-1 (]: On model.nyc_taxi_dbt.mart_hourly_demand: /* {"app": "dbt", "dbt_version": "1.11.8", "profile_name": "nyc_taxi_dbt", "target_name": "dev", "node_id": "model.nyc_taxi_dbt.mart_hourly_demand"} */
alter table "nyc_taxi"."main_marts"."mart_hourly_demand__dbt_tmp" rename to "mart_hourly_demand"
[0m21:56:14.813450 [debug] [Thread-1 (]: SQL status: OK in 0.000 seconds
[0m21:56:14.814317 [debug] [Thread-1 (]: On model.nyc_taxi_dbt.mart_hourly_demand: COMMIT
[0m21:56:14.816400 [debug] [Thread-1 (]: Using duckdb connection "model.nyc_taxi_dbt.mart_hourly_demand"
[0m21:56:14.818712 [debug] [Thread-1 (]: On model.nyc_taxi_dbt.mart_hourly_demand: COMMIT
[0m21:56:14.845397 [debug] [Thread-1 (]: SQL status: OK in 0.026 seconds
[0m21:56:14.846836 [debug] [Thread-1 (]: Using duckdb connection "model.nyc_taxi_dbt.mart_hourly_demand"
[0m21:56:14.847041 [debug] [Thread-1 (]: On model.nyc_taxi_dbt.mart_hourly_demand: /* {"app": "dbt", "dbt_version": "1.11.8", "profile_name": "nyc_taxi_dbt", "target_name": "dev", "node_id": "model.nyc_taxi_dbt.mart_hourly_demand"} */

      drop table if exists "nyc_taxi"."main_marts"."mart_hourly_demand__dbt_backup" cascade
    
[0m21:56:14.847531 [debug] [Thread-1 (]: SQL status: OK in 0.000 seconds
[0m21:56:14.848230 [debug] [Thread-1 (]: On model.nyc_taxi_dbt.mart_hourly_demand: Close
[0m21:56:14.848537 [debug] [Thread-1 (]: Sending event: {'category': 'dbt', 'action': 'run_model', 'label': '5d63fc06-fec9-4d8c-9107-f7c353652e57', 'context': [<snowplow_tracker.self_describing_json.SelfDescribingJson object at 0x10cef1a10>]}
[0m21:56:14.848847 [info ] [Thread-1 (]: 4 of 6 OK created sql table model main_marts.mart_hourly_demand ................ [[32mOK[0m in 0.33s]
[0m21:56:14.849085 [debug] [Thread-1 (]: Finished running node model.nyc_taxi_dbt.mart_hourly_demand
[0m21:56:15.283634 [debug] [Thread-4 (]: SQL status: OK in 0.745 seconds
[0m21:56:15.284292 [debug] [Thread-4 (]: Using duckdb connection "model.nyc_taxi_dbt.mart_daily_trip_summary"
[0m21:56:15.284464 [debug] [Thread-4 (]: On model.nyc_taxi_dbt.mart_daily_trip_summary: /* {"app": "dbt", "dbt_version": "1.11.8", "profile_name": "nyc_taxi_dbt", "target_name": "dev", "node_id": "model.nyc_taxi_dbt.mart_daily_trip_summary"} */

    SELECT index_name
    FROM duckdb_indexes()
    WHERE schema_name = 'main_marts'
      AND table_name = 'mart_daily_trip_summary'
  
[0m21:56:15.284875 [debug] [Thread-4 (]: SQL status: OK in 0.000 seconds
[0m21:56:15.285373 [debug] [Thread-4 (]: Using duckdb connection "model.nyc_taxi_dbt.mart_daily_trip_summary"
[0m21:56:15.285525 [debug] [Thread-4 (]: On model.nyc_taxi_dbt.mart_daily_trip_summary: /* {"app": "dbt", "dbt_version": "1.11.8", "profile_name": "nyc_taxi_dbt", "target_name": "dev", "node_id": "model.nyc_taxi_dbt.mart_daily_trip_summary"} */

    SELECT COUNT(*) as remaining_indexes
    FROM duckdb_indexes()
    WHERE schema_name = 'main_marts'
      AND table_name = 'mart_daily_trip_summary'
  
[0m21:56:15.285871 [debug] [Thread-4 (]: SQL status: OK in 0.000 seconds
[0m21:56:15.287463 [debug] [Thread-4 (]: Using duckdb connection "model.nyc_taxi_dbt.mart_daily_trip_summary"
[0m21:56:15.287634 [debug] [Thread-4 (]: On model.nyc_taxi_dbt.mart_daily_trip_summary: /* {"app": "dbt", "dbt_version": "1.11.8", "profile_name": "nyc_taxi_dbt", "target_name": "dev", "node_id": "model.nyc_taxi_dbt.mart_daily_trip_summary"} */
alter table "nyc_taxi"."main_marts"."mart_daily_trip_summary" rename to "mart_daily_trip_summary__dbt_backup"
[0m21:56:15.287915 [debug] [Thread-4 (]: SQL status: OK in 0.000 seconds
[0m21:56:15.289153 [debug] [Thread-4 (]: Using duckdb connection "model.nyc_taxi_dbt.mart_daily_trip_summary"
[0m21:56:15.289302 [debug] [Thread-4 (]: On model.nyc_taxi_dbt.mart_daily_trip_summary: /* {"app": "dbt", "dbt_version": "1.11.8", "profile_name": "nyc_taxi_dbt", "target_name": "dev", "node_id": "model.nyc_taxi_dbt.mart_daily_trip_summary"} */
alter table "nyc_taxi"."main_marts"."mart_daily_trip_summary__dbt_tmp" rename to "mart_daily_trip_summary"
[0m21:56:15.289537 [debug] [Thread-4 (]: SQL status: OK in 0.000 seconds
[0m21:56:15.290160 [debug] [Thread-4 (]: On model.nyc_taxi_dbt.mart_daily_trip_summary: COMMIT
[0m21:56:15.290309 [debug] [Thread-4 (]: Using duckdb connection "model.nyc_taxi_dbt.mart_daily_trip_summary"
[0m21:56:15.290435 [debug] [Thread-4 (]: On model.nyc_taxi_dbt.mart_daily_trip_summary: COMMIT
[0m21:56:15.291193 [debug] [Thread-4 (]: SQL status: OK in 0.001 seconds
[0m21:56:15.292406 [debug] [Thread-4 (]: Using duckdb connection "model.nyc_taxi_dbt.mart_daily_trip_summary"
[0m21:56:15.292569 [debug] [Thread-4 (]: On model.nyc_taxi_dbt.mart_daily_trip_summary: /* {"app": "dbt", "dbt_version": "1.11.8", "profile_name": "nyc_taxi_dbt", "target_name": "dev", "node_id": "model.nyc_taxi_dbt.mart_daily_trip_summary"} */

      drop table if exists "nyc_taxi"."main_marts"."mart_daily_trip_summary__dbt_backup" cascade
    
[0m21:56:15.292916 [debug] [Thread-4 (]: SQL status: OK in 0.000 seconds
[0m21:56:15.293448 [debug] [Thread-4 (]: On model.nyc_taxi_dbt.mart_daily_trip_summary: Close
[0m21:56:15.293687 [debug] [Thread-4 (]: Sending event: {'category': 'dbt', 'action': 'run_model', 'label': '5d63fc06-fec9-4d8c-9107-f7c353652e57', 'context': [<snowplow_tracker.self_describing_json.SelfDescribingJson object at 0x10c82a5d0>]}
[0m21:56:15.293948 [info ] [Thread-4 (]: 5 of 6 OK created sql table model main_marts.mart_daily_trip_summary ........... [[32mOK[0m in 0.78s]
[0m21:56:15.294171 [debug] [Thread-4 (]: Finished running node model.nyc_taxi_dbt.mart_daily_trip_summary
[0m21:56:15.294725 [debug] [MainThread]: Using duckdb connection "master"
[0m21:56:15.294851 [debug] [MainThread]: On master: BEGIN
[0m21:56:15.294963 [debug] [MainThread]: Opening a new connection, currently in state closed
[0m21:56:15.295173 [debug] [MainThread]: SQL status: OK in 0.000 seconds
[0m21:56:15.295284 [debug] [MainThread]: On master: COMMIT
[0m21:56:15.295391 [debug] [MainThread]: Using duckdb connection "master"
[0m21:56:15.295493 [debug] [MainThread]: On master: COMMIT
[0m21:56:15.295660 [debug] [MainThread]: SQL status: OK in 0.000 seconds
[0m21:56:15.295797 [debug] [MainThread]: On master: Close
[0m21:56:15.295949 [debug] [MainThread]: Connection 'master' was properly closed.
[0m21:56:15.296059 [debug] [MainThread]: Connection 'model.nyc_taxi_dbt.mart_hourly_demand' was properly closed.
[0m21:56:15.296159 [debug] [MainThread]: Connection 'model.nyc_taxi_dbt.mart_payment_analysis' was properly closed.
[0m21:56:15.296251 [debug] [MainThread]: Connection 'model.nyc_taxi_dbt.int_trip_revenue_metrics' was properly closed.
[0m21:56:15.296343 [debug] [MainThread]: Connection 'model.nyc_taxi_dbt.mart_daily_trip_summary' was properly closed.
[0m21:56:15.296497 [info ] [MainThread]: 
[0m21:56:15.296625 [info ] [MainThread]: Finished running 3 table models, 3 view models in 0 hours 0 minutes and 0.94 seconds (0.94s).
[0m21:56:15.297117 [debug] [MainThread]: Command end result
[0m21:56:15.314067 [debug] [MainThread]: Wrote artifact WritableManifest to /Users/weimincai/BIProjects/nyc_taxi_dbt/target/manifest.json
[0m21:56:15.314908 [debug] [MainThread]: Wrote artifact SemanticManifest to /Users/weimincai/BIProjects/nyc_taxi_dbt/target/semantic_manifest.json
[0m21:56:15.317601 [debug] [MainThread]: Wrote artifact RunExecutionResult to /Users/weimincai/BIProjects/nyc_taxi_dbt/target/run_results.json
[0m21:56:15.317736 [info ] [MainThread]: 
[0m21:56:15.317902 [info ] [MainThread]: [32mCompleted successfully[0m
[0m21:56:15.318025 [info ] [MainThread]: 
[0m21:56:15.318155 [info ] [MainThread]: Done. PASS=6 WARN=0 ERROR=0 SKIP=0 NO-OP=0 TOTAL=6
[0m21:56:15.319939 [debug] [MainThread]: Resource report: {"command_name": "run", "command_success": true, "command_wall_clock_time": 1.4580241, "process_in_blocks": "0", "process_kernel_time": 0.519896, "process_mem_max_rss": "655589376", "process_out_blocks": "0", "process_user_time": 5.781088}
[0m21:56:15.320129 [debug] [MainThread]: Command `dbt run` succeeded at 21:56:15.320094 after 1.46 seconds
[0m21:56:15.320282 [debug] [MainThread]: Sending event: {'category': 'dbt', 'action': 'invocation', 'label': 'end', 'context': [<snowplow_tracker.self_describing_json.SelfDescribingJson object at 0x10b419810>, <snowplow_tracker.self_describing_json.SelfDescribingJson object at 0x104cde050>, <snowplow_tracker.self_describing_json.SelfDescribingJson object at 0x104d03390>]}
[0m21:56:15.320428 [debug] [MainThread]: Flushing usage events
[0m21:56:15.528155 [debug] [MainThread]: An error was encountered while trying to flush usage events
[0m21:56:53.604202 [debug] [MainThread]: Sending event: {'category': 'dbt', 'action': 'invocation', 'label': 'start', 'context': [<snowplow_tracker.self_describing_json.SelfDescribingJson object at 0x1088edd50>, <snowplow_tracker.self_describing_json.SelfDescribingJson object at 0x1089ad650>, <snowplow_tracker.self_describing_json.SelfDescribingJson object at 0x1089bbf90>]}


============================== 21:56:53.607120 | ac5ae382-d7d0-45e7-afd3-fceff5b8777e ==============================
[0m21:56:53.607120 [info ] [MainThread]: Running with dbt=1.11.8
[0m21:56:53.607461 [debug] [MainThread]: running dbt with arguments {'quiet': 'False', 'no_print': 'None', 'static_parser': 'True', 'log_path': '/Users/weimincai/BIProjects/nyc_taxi_dbt/logs', 'log_format': 'default', 'partial_parse': 'True', 'indirect_selection': 'eager', 'warn_error': 'None', 'send_anonymous_usage_stats': 'True', 'log_cache_events': 'False', 'use_colors': 'True', 'empty': 'None', 'target_path': 'None', 'warn_error_options': 'WarnErrorOptionsV2(error=[], warn=[], silence=[])', 'use_experimental_parser': 'False', 'write_json': 'True', 'debug': 'False', 'printer_width': '80', 'version_check': 'True', 'fail_fast': 'False', 'cache_selected_only': 'False', 'profiles_dir': '/Users/weimincai/.dbt', 'introspect': 'True', 'invocation_command': 'dbt test'}
[0m21:56:53.806536 [debug] [MainThread]: Sending event: {'category': 'dbt', 'action': 'project_id', 'label': 'ac5ae382-d7d0-45e7-afd3-fceff5b8777e', 'context': [<snowplow_tracker.self_describing_json.SelfDescribingJson object at 0x1089f9c50>]}
[0m21:56:53.833185 [debug] [MainThread]: Sending event: {'category': 'dbt', 'action': 'adapter_info', 'label': 'ac5ae382-d7d0-45e7-afd3-fceff5b8777e', 'context': [<snowplow_tracker.self_describing_json.SelfDescribingJson object at 0x105b3de50>]}
[0m21:56:53.834452 [info ] [MainThread]: Registered adapter: duckdb=1.10.1
[0m21:56:53.899099 [debug] [MainThread]: checksum: 7d524ac048c2100769df89d592e662e060a73ca564e31bd9c2a37efdfe8d8ab6, vars: {}, profile: , target: , version: 1.11.8
[0m21:56:54.035447 [debug] [MainThread]: Partial parsing enabled: 0 files deleted, 0 files added, 0 files changed.
[0m21:56:54.035716 [debug] [MainThread]: Nothing changed, skipping partial parsing.
[0m21:56:54.035848 [debug] [MainThread]: Partial parsing enabled, no changes found, skipping parsing
[0m21:56:54.061172 [debug] [MainThread]: Sending event: {'category': 'dbt', 'action': 'load_project', 'label': 'ac5ae382-d7d0-45e7-afd3-fceff5b8777e', 'context': [<snowplow_tracker.self_describing_json.SelfDescribingJson object at 0x109061650>]}
[0m21:56:54.111083 [debug] [MainThread]: Wrote artifact WritableManifest to /Users/weimincai/BIProjects/nyc_taxi_dbt/target/manifest.json
[0m21:56:54.112431 [debug] [MainThread]: Wrote artifact SemanticManifest to /Users/weimincai/BIProjects/nyc_taxi_dbt/target/semantic_manifest.json
[0m21:56:54.125960 [debug] [MainThread]: Sending event: {'category': 'dbt', 'action': 'resource_counts', 'label': 'ac5ae382-d7d0-45e7-afd3-fceff5b8777e', 'context': [<snowplow_tracker.self_describing_json.SelfDescribingJson object at 0x1091c2890>]}
[0m21:56:54.126288 [info ] [MainThread]: Found 6 models, 10 data tests, 1 source, 591 macros
[0m21:56:54.126473 [debug] [MainThread]: Sending event: {'category': 'dbt', 'action': 'runnable_timing', 'label': 'ac5ae382-d7d0-45e7-afd3-fceff5b8777e', 'context': [<snowplow_tracker.self_describing_json.SelfDescribingJson object at 0x1090818d0>]}
[0m21:56:54.127775 [info ] [MainThread]: 
[0m21:56:54.127958 [info ] [MainThread]: Concurrency: 4 threads (target='dev')
[0m21:56:54.128084 [info ] [MainThread]: 
[0m21:56:54.128319 [debug] [MainThread]: Acquiring new duckdb connection 'master'
[0m21:56:54.130665 [debug] [ThreadPool]: Acquiring new duckdb connection 'list_nyc_taxi_main_marts'
[0m21:56:54.130922 [debug] [ThreadPool]: Acquiring new duckdb connection 'list_nyc_taxi_main_intermediate'
[0m21:56:54.131221 [debug] [ThreadPool]: Acquiring new duckdb connection 'list_nyc_taxi_main_staging'
[0m21:56:54.164612 [debug] [ThreadPool]: Using duckdb connection "list_nyc_taxi_main_marts"
[0m21:56:54.164814 [debug] [ThreadPool]: Using duckdb connection "list_nyc_taxi_main_intermediate"
[0m21:56:54.164967 [debug] [ThreadPool]: Using duckdb connection "list_nyc_taxi_main_staging"
[0m21:56:54.165114 [debug] [ThreadPool]: On list_nyc_taxi_main_marts: BEGIN
[0m21:56:54.165253 [debug] [ThreadPool]: On list_nyc_taxi_main_intermediate: BEGIN
[0m21:56:54.165372 [debug] [ThreadPool]: On list_nyc_taxi_main_staging: BEGIN
[0m21:56:54.165493 [debug] [ThreadPool]: Opening a new connection, currently in state init
[0m21:56:54.165608 [debug] [ThreadPool]: Opening a new connection, currently in state init
[0m21:56:54.165717 [debug] [ThreadPool]: Opening a new connection, currently in state init
[0m21:56:54.178235 [debug] [ThreadPool]: SQL status: OK in 0.013 seconds
[0m21:56:54.178433 [debug] [ThreadPool]: SQL status: OK in 0.013 seconds
[0m21:56:54.178557 [debug] [ThreadPool]: SQL status: OK in 0.013 seconds
[0m21:56:54.178669 [debug] [ThreadPool]: Using duckdb connection "list_nyc_taxi_main_marts"
[0m21:56:54.178803 [debug] [ThreadPool]: Using duckdb connection "list_nyc_taxi_main_staging"
[0m21:56:54.178921 [debug] [ThreadPool]: Using duckdb connection "list_nyc_taxi_main_intermediate"
[0m21:56:54.179053 [debug] [ThreadPool]: On list_nyc_taxi_main_marts: /* {"app": "dbt", "dbt_version": "1.11.8", "profile_name": "nyc_taxi_dbt", "target_name": "dev", "connection_name": "list_nyc_taxi_main_marts"} */
select
      'nyc_taxi' as database,
      table_name as name,
      table_schema as schema,
      CASE table_type
        WHEN 'BASE TABLE' THEN 'table'
        WHEN 'VIEW' THEN 'view'
        WHEN 'LOCAL TEMPORARY' THEN 'table'
        END as type
    from system.information_schema.tables
    where lower(table_schema) = 'main_marts'
    and lower(table_catalog) = 'nyc_taxi'
  
[0m21:56:54.179200 [debug] [ThreadPool]: On list_nyc_taxi_main_staging: /* {"app": "dbt", "dbt_version": "1.11.8", "profile_name": "nyc_taxi_dbt", "target_name": "dev", "connection_name": "list_nyc_taxi_main_staging"} */
select
      'nyc_taxi' as database,
      table_name as name,
      table_schema as schema,
      CASE table_type
        WHEN 'BASE TABLE' THEN 'table'
        WHEN 'VIEW' THEN 'view'
        WHEN 'LOCAL TEMPORARY' THEN 'table'
        END as type
    from system.information_schema.tables
    where lower(table_schema) = 'main_staging'
    and lower(table_catalog) = 'nyc_taxi'
  
[0m21:56:54.179342 [debug] [ThreadPool]: On list_nyc_taxi_main_intermediate: /* {"app": "dbt", "dbt_version": "1.11.8", "profile_name": "nyc_taxi_dbt", "target_name": "dev", "connection_name": "list_nyc_taxi_main_intermediate"} */
select
      'nyc_taxi' as database,
      table_name as name,
      table_schema as schema,
      CASE table_type
        WHEN 'BASE TABLE' THEN 'table'
        WHEN 'VIEW' THEN 'view'
        WHEN 'LOCAL TEMPORARY' THEN 'table'
        END as type
    from system.information_schema.tables
    where lower(table_schema) = 'main_intermediate'
    and lower(table_catalog) = 'nyc_taxi'
  
[0m21:56:54.189140 [debug] [ThreadPool]: SQL status: OK in 0.010 seconds
[0m21:56:54.189315 [debug] [ThreadPool]: SQL status: OK in 0.010 seconds
[0m21:56:54.189443 [debug] [ThreadPool]: SQL status: OK in 0.010 seconds
[0m21:56:54.190412 [debug] [ThreadPool]: On list_nyc_taxi_main_marts: ROLLBACK
[0m21:56:54.191050 [debug] [ThreadPool]: On list_nyc_taxi_main_intermediate: ROLLBACK
[0m21:56:54.191550 [debug] [ThreadPool]: On list_nyc_taxi_main_staging: ROLLBACK
[0m21:56:54.192511 [debug] [ThreadPool]: Failed to rollback 'list_nyc_taxi_main_staging'
[0m21:56:54.192841 [debug] [ThreadPool]: Failed to rollback 'list_nyc_taxi_main_intermediate'
[0m21:56:54.192985 [debug] [ThreadPool]: On list_nyc_taxi_main_staging: Close
[0m21:56:54.193162 [debug] [ThreadPool]: Failed to rollback 'list_nyc_taxi_main_marts'
[0m21:56:54.193308 [debug] [ThreadPool]: On list_nyc_taxi_main_intermediate: Close
[0m21:56:54.193464 [debug] [ThreadPool]: On list_nyc_taxi_main_marts: Close
[0m21:56:54.194487 [debug] [MainThread]: Sending event: {'category': 'dbt', 'action': 'runnable_timing', 'label': 'ac5ae382-d7d0-45e7-afd3-fceff5b8777e', 'context': [<snowplow_tracker.self_describing_json.SelfDescribingJson object at 0x1095b7250>]}
[0m21:56:54.194746 [debug] [MainThread]: Using duckdb connection "master"
[0m21:56:54.194876 [debug] [MainThread]: On master: BEGIN
[0m21:56:54.194986 [debug] [MainThread]: Opening a new connection, currently in state init
[0m21:56:54.195266 [debug] [MainThread]: SQL status: OK in 0.000 seconds
[0m21:56:54.195388 [debug] [MainThread]: On master: COMMIT
[0m21:56:54.195508 [debug] [MainThread]: Using duckdb connection "master"
[0m21:56:54.195616 [debug] [MainThread]: On master: COMMIT
[0m21:56:54.195773 [debug] [MainThread]: SQL status: OK in 0.000 seconds
[0m21:56:54.195889 [debug] [MainThread]: On master: Close
[0m21:56:54.197466 [debug] [Thread-1 (]: Began running node test.nyc_taxi_dbt.accepted_values_stg_yellow_taxi_trips_payment_type__1__2__3__4__5__6.85144db7da
[0m21:56:54.197644 [debug] [Thread-2 (]: Began running node test.nyc_taxi_dbt.not_null_stg_yellow_taxi_trips_dropoff_at.73dc01c33b
[0m21:56:54.197817 [debug] [Thread-3 (]: Began running node test.nyc_taxi_dbt.not_null_stg_yellow_taxi_trips_fare_amount.8e6eaa19fe
[0m21:56:54.197957 [debug] [Thread-4 (]: Began running node test.nyc_taxi_dbt.not_null_stg_yellow_taxi_trips_payment_type.87c5f995a9
[0m21:56:54.198112 [info ] [Thread-1 (]: 1 of 10 START test accepted_values_stg_yellow_taxi_trips_payment_type__1__2__3__4__5__6  [RUN]
[0m21:56:54.198259 [info ] [Thread-2 (]: 2 of 10 START test not_null_stg_yellow_taxi_trips_dropoff_at ................... [RUN]
[0m21:56:54.198486 [info ] [Thread-3 (]: 3 of 10 START test not_null_stg_yellow_taxi_trips_fare_amount .................. [RUN]
[0m21:56:54.198670 [info ] [Thread-4 (]: 4 of 10 START test not_null_stg_yellow_taxi_trips_payment_type ................. [RUN]
[0m21:56:54.199074 [debug] [Thread-1 (]: Re-using an available connection from the pool (formerly list_nyc_taxi_main_marts, now test.nyc_taxi_dbt.accepted_values_stg_yellow_taxi_trips_payment_type__1__2__3__4__5__6.85144db7da)
[0m21:56:54.199270 [debug] [Thread-2 (]: Re-using an available connection from the pool (formerly list_nyc_taxi_main_intermediate, now test.nyc_taxi_dbt.not_null_stg_yellow_taxi_trips_dropoff_at.73dc01c33b)
[0m21:56:54.199458 [debug] [Thread-3 (]: Re-using an available connection from the pool (formerly list_nyc_taxi_main_staging, now test.nyc_taxi_dbt.not_null_stg_yellow_taxi_trips_fare_amount.8e6eaa19fe)
[0m21:56:54.199670 [debug] [Thread-4 (]: Acquiring new duckdb connection 'test.nyc_taxi_dbt.not_null_stg_yellow_taxi_trips_payment_type.87c5f995a9'
[0m21:56:54.199824 [debug] [Thread-1 (]: Began compiling node test.nyc_taxi_dbt.accepted_values_stg_yellow_taxi_trips_payment_type__1__2__3__4__5__6.85144db7da
[0m21:56:54.199974 [debug] [Thread-2 (]: Began compiling node test.nyc_taxi_dbt.not_null_stg_yellow_taxi_trips_dropoff_at.73dc01c33b
[0m21:56:54.200113 [debug] [Thread-3 (]: Began compiling node test.nyc_taxi_dbt.not_null_stg_yellow_taxi_trips_fare_amount.8e6eaa19fe
[0m21:56:54.200253 [debug] [Thread-4 (]: Began compiling node test.nyc_taxi_dbt.not_null_stg_yellow_taxi_trips_payment_type.87c5f995a9
[0m21:56:54.207406 [debug] [Thread-1 (]: Writing injected SQL for node "test.nyc_taxi_dbt.accepted_values_stg_yellow_taxi_trips_payment_type__1__2__3__4__5__6.85144db7da"
[0m21:56:54.212624 [debug] [Thread-2 (]: Writing injected SQL for node "test.nyc_taxi_dbt.not_null_stg_yellow_taxi_trips_dropoff_at.73dc01c33b"
[0m21:56:54.214693 [debug] [Thread-3 (]: Writing injected SQL for node "test.nyc_taxi_dbt.not_null_stg_yellow_taxi_trips_fare_amount.8e6eaa19fe"
[0m21:56:54.217166 [debug] [Thread-4 (]: Writing injected SQL for node "test.nyc_taxi_dbt.not_null_stg_yellow_taxi_trips_payment_type.87c5f995a9"
[0m21:56:54.217679 [debug] [Thread-3 (]: Began executing node test.nyc_taxi_dbt.not_null_stg_yellow_taxi_trips_fare_amount.8e6eaa19fe
[0m21:56:54.217862 [debug] [Thread-4 (]: Began executing node test.nyc_taxi_dbt.not_null_stg_yellow_taxi_trips_payment_type.87c5f995a9
[0m21:56:54.218024 [debug] [Thread-1 (]: Began executing node test.nyc_taxi_dbt.accepted_values_stg_yellow_taxi_trips_payment_type__1__2__3__4__5__6.85144db7da
[0m21:56:54.225973 [debug] [Thread-3 (]: Writing runtime sql for node "test.nyc_taxi_dbt.not_null_stg_yellow_taxi_trips_fare_amount.8e6eaa19fe"
[0m21:56:54.226181 [debug] [Thread-2 (]: Began executing node test.nyc_taxi_dbt.not_null_stg_yellow_taxi_trips_dropoff_at.73dc01c33b
[0m21:56:54.227774 [debug] [Thread-4 (]: Writing runtime sql for node "test.nyc_taxi_dbt.not_null_stg_yellow_taxi_trips_payment_type.87c5f995a9"
[0m21:56:54.228903 [debug] [Thread-1 (]: Writing runtime sql for node "test.nyc_taxi_dbt.accepted_values_stg_yellow_taxi_trips_payment_type__1__2__3__4__5__6.85144db7da"
[0m21:56:54.230111 [debug] [Thread-2 (]: Writing runtime sql for node "test.nyc_taxi_dbt.not_null_stg_yellow_taxi_trips_dropoff_at.73dc01c33b"
[0m21:56:54.230584 [debug] [Thread-3 (]: Using duckdb connection "test.nyc_taxi_dbt.not_null_stg_yellow_taxi_trips_fare_amount.8e6eaa19fe"
[0m21:56:54.230746 [debug] [Thread-3 (]: On test.nyc_taxi_dbt.not_null_stg_yellow_taxi_trips_fare_amount.8e6eaa19fe: BEGIN
[0m21:56:54.230903 [debug] [Thread-1 (]: Using duckdb connection "test.nyc_taxi_dbt.accepted_values_stg_yellow_taxi_trips_payment_type__1__2__3__4__5__6.85144db7da"
[0m21:56:54.231058 [debug] [Thread-4 (]: Using duckdb connection "test.nyc_taxi_dbt.not_null_stg_yellow_taxi_trips_payment_type.87c5f995a9"
[0m21:56:54.231239 [debug] [Thread-2 (]: Using duckdb connection "test.nyc_taxi_dbt.not_null_stg_yellow_taxi_trips_dropoff_at.73dc01c33b"
[0m21:56:54.231385 [debug] [Thread-3 (]: Opening a new connection, currently in state closed
[0m21:56:54.231540 [debug] [Thread-1 (]: On test.nyc_taxi_dbt.accepted_values_stg_yellow_taxi_trips_payment_type__1__2__3__4__5__6.85144db7da: BEGIN
[0m21:56:54.231691 [debug] [Thread-4 (]: On test.nyc_taxi_dbt.not_null_stg_yellow_taxi_trips_payment_type.87c5f995a9: BEGIN
[0m21:56:54.231827 [debug] [Thread-2 (]: On test.nyc_taxi_dbt.not_null_stg_yellow_taxi_trips_dropoff_at.73dc01c33b: BEGIN
[0m21:56:54.232116 [debug] [Thread-1 (]: Opening a new connection, currently in state closed
[0m21:56:54.232290 [debug] [Thread-4 (]: Opening a new connection, currently in state init
[0m21:56:54.232429 [debug] [Thread-3 (]: SQL status: OK in 0.001 seconds
[0m21:56:54.232568 [debug] [Thread-2 (]: Opening a new connection, currently in state closed
[0m21:56:54.232931 [debug] [Thread-1 (]: SQL status: OK in 0.001 seconds
[0m21:56:54.233079 [debug] [Thread-4 (]: SQL status: OK in 0.001 seconds
[0m21:56:54.233217 [debug] [Thread-3 (]: Using duckdb connection "test.nyc_taxi_dbt.not_null_stg_yellow_taxi_trips_fare_amount.8e6eaa19fe"
[0m21:56:54.233438 [debug] [Thread-1 (]: Using duckdb connection "test.nyc_taxi_dbt.accepted_values_stg_yellow_taxi_trips_payment_type__1__2__3__4__5__6.85144db7da"
[0m21:56:54.233584 [debug] [Thread-2 (]: SQL status: OK in 0.001 seconds
[0m21:56:54.233712 [debug] [Thread-4 (]: Using duckdb connection "test.nyc_taxi_dbt.not_null_stg_yellow_taxi_trips_payment_type.87c5f995a9"
[0m21:56:54.233885 [debug] [Thread-3 (]: On test.nyc_taxi_dbt.not_null_stg_yellow_taxi_trips_fare_amount.8e6eaa19fe: /* {"app": "dbt", "dbt_version": "1.11.8", "profile_name": "nyc_taxi_dbt", "target_name": "dev", "node_id": "test.nyc_taxi_dbt.not_null_stg_yellow_taxi_trips_fare_amount.8e6eaa19fe"} */

    
    select
      count(*) as failures,
      count(*) != 0 as should_warn,
      count(*) != 0 as should_error
    from (
      
    
  
    
    



select fare_amount
from "nyc_taxi"."main_staging"."stg_yellow_taxi_trips"
where fare_amount is null



  
  
      
    ) dbt_internal_test
[0m21:56:54.234089 [debug] [Thread-1 (]: On test.nyc_taxi_dbt.accepted_values_stg_yellow_taxi_trips_payment_type__1__2__3__4__5__6.85144db7da: /* {"app": "dbt", "dbt_version": "1.11.8", "profile_name": "nyc_taxi_dbt", "target_name": "dev", "node_id": "test.nyc_taxi_dbt.accepted_values_stg_yellow_taxi_trips_payment_type__1__2__3__4__5__6.85144db7da"} */

    
    select
      count(*) as failures,
      count(*) != 0 as should_warn,
      count(*) != 0 as should_error
    from (
      
    
  
    
    

with all_values as (

    select
        payment_type as value_field,
        count(*) as n_records

    from "nyc_taxi"."main_staging"."stg_yellow_taxi_trips"
    group by payment_type

)

select *
from all_values
where value_field not in (
    '1','2','3','4','5','6'
)



  
  
      
    ) dbt_internal_test
[0m21:56:54.234263 [debug] [Thread-2 (]: Using duckdb connection "test.nyc_taxi_dbt.not_null_stg_yellow_taxi_trips_dropoff_at.73dc01c33b"
[0m21:56:54.234418 [debug] [Thread-4 (]: On test.nyc_taxi_dbt.not_null_stg_yellow_taxi_trips_payment_type.87c5f995a9: /* {"app": "dbt", "dbt_version": "1.11.8", "profile_name": "nyc_taxi_dbt", "target_name": "dev", "node_id": "test.nyc_taxi_dbt.not_null_stg_yellow_taxi_trips_payment_type.87c5f995a9"} */

    
    select
      count(*) as failures,
      count(*) != 0 as should_warn,
      count(*) != 0 as should_error
    from (
      
    
  
    
    



select payment_type
from "nyc_taxi"."main_staging"."stg_yellow_taxi_trips"
where payment_type is null



  
  
      
    ) dbt_internal_test
[0m21:56:54.234782 [debug] [Thread-2 (]: On test.nyc_taxi_dbt.not_null_stg_yellow_taxi_trips_dropoff_at.73dc01c33b: /* {"app": "dbt", "dbt_version": "1.11.8", "profile_name": "nyc_taxi_dbt", "target_name": "dev", "node_id": "test.nyc_taxi_dbt.not_null_stg_yellow_taxi_trips_dropoff_at.73dc01c33b"} */

    
    select
      count(*) as failures,
      count(*) != 0 as should_warn,
      count(*) != 0 as should_error
    from (
      
    
  
    
    



select dropoff_at
from "nyc_taxi"."main_staging"."stg_yellow_taxi_trips"
where dropoff_at is null



  
  
      
    ) dbt_internal_test
[0m21:56:54.238526 [debug] [Thread-4 (]: SQL status: OK in 0.004 seconds
[0m21:56:54.238712 [debug] [Thread-2 (]: SQL status: OK in 0.004 seconds
[0m21:56:54.243582 [debug] [Thread-4 (]: On test.nyc_taxi_dbt.not_null_stg_yellow_taxi_trips_payment_type.87c5f995a9: ROLLBACK
[0m21:56:54.248082 [debug] [Thread-4 (]: Failed to rollback 'test.nyc_taxi_dbt.not_null_stg_yellow_taxi_trips_payment_type.87c5f995a9'
[0m21:56:54.246680 [debug] [Thread-2 (]: On test.nyc_taxi_dbt.not_null_stg_yellow_taxi_trips_dropoff_at.73dc01c33b: ROLLBACK
[0m21:56:54.248631 [debug] [Thread-4 (]: On test.nyc_taxi_dbt.not_null_stg_yellow_taxi_trips_payment_type.87c5f995a9: Close
[0m21:56:54.249494 [debug] [Thread-2 (]: Failed to rollback 'test.nyc_taxi_dbt.not_null_stg_yellow_taxi_trips_dropoff_at.73dc01c33b'
[0m21:56:54.251027 [debug] [Thread-2 (]: On test.nyc_taxi_dbt.not_null_stg_yellow_taxi_trips_dropoff_at.73dc01c33b: Close
[0m21:56:54.250238 [info ] [Thread-4 (]: 4 of 10 PASS not_null_stg_yellow_taxi_trips_payment_type ....................... [[32mPASS[0m in 0.05s]
[0m21:56:54.253110 [debug] [Thread-4 (]: Finished running node test.nyc_taxi_dbt.not_null_stg_yellow_taxi_trips_payment_type.87c5f995a9
[0m21:56:54.252020 [info ] [Thread-2 (]: 2 of 10 PASS not_null_stg_yellow_taxi_trips_dropoff_at ......................... [[32mPASS[0m in 0.05s]
[0m21:56:54.254016 [debug] [Thread-2 (]: Finished running node test.nyc_taxi_dbt.not_null_stg_yellow_taxi_trips_dropoff_at.73dc01c33b
[0m21:56:54.255170 [debug] [Thread-2 (]: Began running node test.nyc_taxi_dbt.not_null_stg_yellow_taxi_trips_total_amount.9312eb2641
[0m21:56:54.255370 [info ] [Thread-2 (]: 6 of 10 START test not_null_stg_yellow_taxi_trips_total_amount ................. [RUN]
[0m21:56:54.253318 [debug] [Thread-4 (]: Began running node test.nyc_taxi_dbt.not_null_stg_yellow_taxi_trips_pickup_at.e2ff6cfbc9
[0m21:56:54.256475 [info ] [Thread-4 (]: 5 of 10 START test not_null_stg_yellow_taxi_trips_pickup_at .................... [RUN]
[0m21:56:54.256949 [debug] [Thread-4 (]: Re-using an available connection from the pool (formerly test.nyc_taxi_dbt.not_null_stg_yellow_taxi_trips_payment_type.87c5f995a9, now test.nyc_taxi_dbt.not_null_stg_yellow_taxi_trips_pickup_at.e2ff6cfbc9)
[0m21:56:54.257148 [debug] [Thread-4 (]: Began compiling node test.nyc_taxi_dbt.not_null_stg_yellow_taxi_trips_pickup_at.e2ff6cfbc9
[0m21:56:54.255615 [debug] [Thread-2 (]: Re-using an available connection from the pool (formerly test.nyc_taxi_dbt.not_null_stg_yellow_taxi_trips_dropoff_at.73dc01c33b, now test.nyc_taxi_dbt.not_null_stg_yellow_taxi_trips_total_amount.9312eb2641)
[0m21:56:54.270363 [debug] [Thread-2 (]: Began compiling node test.nyc_taxi_dbt.not_null_stg_yellow_taxi_trips_total_amount.9312eb2641
[0m21:56:54.262721 [debug] [Thread-4 (]: Writing injected SQL for node "test.nyc_taxi_dbt.not_null_stg_yellow_taxi_trips_pickup_at.e2ff6cfbc9"
[0m21:56:54.272700 [debug] [Thread-2 (]: Writing injected SQL for node "test.nyc_taxi_dbt.not_null_stg_yellow_taxi_trips_total_amount.9312eb2641"
[0m21:56:54.269979 [debug] [Thread-3 (]: SQL status: OK in 0.035 seconds
[0m21:56:54.274049 [debug] [Thread-3 (]: On test.nyc_taxi_dbt.not_null_stg_yellow_taxi_trips_fare_amount.8e6eaa19fe: ROLLBACK
[0m21:56:54.274312 [debug] [Thread-4 (]: Began executing node test.nyc_taxi_dbt.not_null_stg_yellow_taxi_trips_pickup_at.e2ff6cfbc9
[0m21:56:54.274576 [debug] [Thread-2 (]: Began executing node test.nyc_taxi_dbt.not_null_stg_yellow_taxi_trips_total_amount.9312eb2641
[0m21:56:54.274814 [debug] [Thread-3 (]: Failed to rollback 'test.nyc_taxi_dbt.not_null_stg_yellow_taxi_trips_fare_amount.8e6eaa19fe'
[0m21:56:54.276209 [debug] [Thread-4 (]: Writing runtime sql for node "test.nyc_taxi_dbt.not_null_stg_yellow_taxi_trips_pickup_at.e2ff6cfbc9"
[0m21:56:54.276391 [debug] [Thread-1 (]: SQL status: OK in 0.042 seconds
[0m21:56:54.277594 [debug] [Thread-2 (]: Writing runtime sql for node "test.nyc_taxi_dbt.not_null_stg_yellow_taxi_trips_total_amount.9312eb2641"
[0m21:56:54.277767 [debug] [Thread-3 (]: On test.nyc_taxi_dbt.not_null_stg_yellow_taxi_trips_fare_amount.8e6eaa19fe: Close
[0m21:56:54.278537 [debug] [Thread-1 (]: On test.nyc_taxi_dbt.accepted_values_stg_yellow_taxi_trips_payment_type__1__2__3__4__5__6.85144db7da: ROLLBACK
[0m21:56:54.279041 [debug] [Thread-4 (]: Using duckdb connection "test.nyc_taxi_dbt.not_null_stg_yellow_taxi_trips_pickup_at.e2ff6cfbc9"
[0m21:56:54.279214 [debug] [Thread-2 (]: Using duckdb connection "test.nyc_taxi_dbt.not_null_stg_yellow_taxi_trips_total_amount.9312eb2641"
[0m21:56:54.278864 [info ] [Thread-3 (]: 3 of 10 PASS not_null_stg_yellow_taxi_trips_fare_amount ........................ [[32mPASS[0m in 0.08s]
[0m21:56:54.279480 [debug] [Thread-1 (]: Failed to rollback 'test.nyc_taxi_dbt.accepted_values_stg_yellow_taxi_trips_payment_type__1__2__3__4__5__6.85144db7da'
[0m21:56:54.279633 [debug] [Thread-4 (]: On test.nyc_taxi_dbt.not_null_stg_yellow_taxi_trips_pickup_at.e2ff6cfbc9: BEGIN
[0m21:56:54.279783 [debug] [Thread-2 (]: On test.nyc_taxi_dbt.not_null_stg_yellow_taxi_trips_total_amount.9312eb2641: BEGIN
[0m21:56:54.279989 [debug] [Thread-3 (]: Finished running node test.nyc_taxi_dbt.not_null_stg_yellow_taxi_trips_fare_amount.8e6eaa19fe
[0m21:56:54.280139 [debug] [Thread-1 (]: On test.nyc_taxi_dbt.accepted_values_stg_yellow_taxi_trips_payment_type__1__2__3__4__5__6.85144db7da: Close
[0m21:56:54.280281 [debug] [Thread-4 (]: Opening a new connection, currently in state closed
[0m21:56:54.280419 [debug] [Thread-2 (]: Opening a new connection, currently in state closed
[0m21:56:54.280579 [debug] [Thread-3 (]: Began running node test.nyc_taxi_dbt.not_null_stg_yellow_taxi_trips_trip_distance.d793adaf62
[0m21:56:54.280845 [error] [Thread-1 (]: 1 of 10 FAIL 1 accepted_values_stg_yellow_taxi_trips_payment_type__1__2__3__4__5__6  [[31mFAIL 1[0m in 0.08s]
[0m21:56:54.281177 [debug] [Thread-4 (]: SQL status: OK in 0.001 seconds
[0m21:56:54.281459 [debug] [Thread-2 (]: SQL status: OK in 0.001 seconds
[0m21:56:54.281327 [info ] [Thread-3 (]: 7 of 10 START test not_null_stg_yellow_taxi_trips_trip_distance ................ [RUN]
[0m21:56:54.281704 [debug] [Thread-1 (]: Finished running node test.nyc_taxi_dbt.accepted_values_stg_yellow_taxi_trips_payment_type__1__2__3__4__5__6.85144db7da
[0m21:56:54.281853 [debug] [Thread-4 (]: Using duckdb connection "test.nyc_taxi_dbt.not_null_stg_yellow_taxi_trips_pickup_at.e2ff6cfbc9"
[0m21:56:54.282004 [debug] [Thread-2 (]: Using duckdb connection "test.nyc_taxi_dbt.not_null_stg_yellow_taxi_trips_total_amount.9312eb2641"
[0m21:56:54.282164 [debug] [Thread-3 (]: Re-using an available connection from the pool (formerly test.nyc_taxi_dbt.not_null_stg_yellow_taxi_trips_fare_amount.8e6eaa19fe, now test.nyc_taxi_dbt.not_null_stg_yellow_taxi_trips_trip_distance.d793adaf62)
[0m21:56:54.282330 [debug] [Thread-1 (]: Began running node test.nyc_taxi_dbt.not_null_stg_yellow_taxi_trips_trip_id.ee2bccfad1
[0m21:56:54.282499 [debug] [Thread-4 (]: On test.nyc_taxi_dbt.not_null_stg_yellow_taxi_trips_pickup_at.e2ff6cfbc9: /* {"app": "dbt", "dbt_version": "1.11.8", "profile_name": "nyc_taxi_dbt", "target_name": "dev", "node_id": "test.nyc_taxi_dbt.not_null_stg_yellow_taxi_trips_pickup_at.e2ff6cfbc9"} */

    
    select
      count(*) as failures,
      count(*) != 0 as should_warn,
      count(*) != 0 as should_error
    from (
      
    
  
    
    



select pickup_at
from "nyc_taxi"."main_staging"."stg_yellow_taxi_trips"
where pickup_at is null



  
  
      
    ) dbt_internal_test
[0m21:56:54.282680 [debug] [Thread-2 (]: On test.nyc_taxi_dbt.not_null_stg_yellow_taxi_trips_total_amount.9312eb2641: /* {"app": "dbt", "dbt_version": "1.11.8", "profile_name": "nyc_taxi_dbt", "target_name": "dev", "node_id": "test.nyc_taxi_dbt.not_null_stg_yellow_taxi_trips_total_amount.9312eb2641"} */

    
    select
      count(*) as failures,
      count(*) != 0 as should_warn,
      count(*) != 0 as should_error
    from (
      
    
  
    
    



select total_amount
from "nyc_taxi"."main_staging"."stg_yellow_taxi_trips"
where total_amount is null



  
  
      
    ) dbt_internal_test
[0m21:56:54.282834 [debug] [Thread-3 (]: Began compiling node test.nyc_taxi_dbt.not_null_stg_yellow_taxi_trips_trip_distance.d793adaf62
[0m21:56:54.282983 [info ] [Thread-1 (]: 8 of 10 START test not_null_stg_yellow_taxi_trips_trip_id ...................... [RUN]
[0m21:56:54.288313 [debug] [Thread-1 (]: Re-using an available connection from the pool (formerly test.nyc_taxi_dbt.accepted_values_stg_yellow_taxi_trips_payment_type__1__2__3__4__5__6.85144db7da, now test.nyc_taxi_dbt.not_null_stg_yellow_taxi_trips_trip_id.ee2bccfad1)
[0m21:56:54.288514 [debug] [Thread-1 (]: Began compiling node test.nyc_taxi_dbt.not_null_stg_yellow_taxi_trips_trip_id.ee2bccfad1
[0m21:56:54.290637 [debug] [Thread-1 (]: Writing injected SQL for node "test.nyc_taxi_dbt.not_null_stg_yellow_taxi_trips_trip_id.ee2bccfad1"
[0m21:56:54.291132 [debug] [Thread-1 (]: Began executing node test.nyc_taxi_dbt.not_null_stg_yellow_taxi_trips_trip_id.ee2bccfad1
[0m21:56:54.292498 [debug] [Thread-1 (]: Writing runtime sql for node "test.nyc_taxi_dbt.not_null_stg_yellow_taxi_trips_trip_id.ee2bccfad1"
[0m21:56:54.292813 [debug] [Thread-1 (]: Using duckdb connection "test.nyc_taxi_dbt.not_null_stg_yellow_taxi_trips_trip_id.ee2bccfad1"
[0m21:56:54.292961 [debug] [Thread-1 (]: On test.nyc_taxi_dbt.not_null_stg_yellow_taxi_trips_trip_id.ee2bccfad1: BEGIN
[0m21:56:54.293097 [debug] [Thread-1 (]: Opening a new connection, currently in state closed
[0m21:56:54.293723 [debug] [Thread-1 (]: SQL status: OK in 0.000 seconds
[0m21:56:54.287631 [debug] [Thread-3 (]: Writing injected SQL for node "test.nyc_taxi_dbt.not_null_stg_yellow_taxi_trips_trip_distance.d793adaf62"
[0m21:56:54.297549 [debug] [Thread-3 (]: Began executing node test.nyc_taxi_dbt.not_null_stg_yellow_taxi_trips_trip_distance.d793adaf62
[0m21:56:54.294871 [debug] [Thread-1 (]: Using duckdb connection "test.nyc_taxi_dbt.not_null_stg_yellow_taxi_trips_trip_id.ee2bccfad1"
[0m21:56:54.304046 [debug] [Thread-1 (]: On test.nyc_taxi_dbt.not_null_stg_yellow_taxi_trips_trip_id.ee2bccfad1: /* {"app": "dbt", "dbt_version": "1.11.8", "profile_name": "nyc_taxi_dbt", "target_name": "dev", "node_id": "test.nyc_taxi_dbt.not_null_stg_yellow_taxi_trips_trip_id.ee2bccfad1"} */

    
    select
      count(*) as failures,
      count(*) != 0 as should_warn,
      count(*) != 0 as should_error
    from (
      
    
  
    
    



select trip_id
from "nyc_taxi"."main_staging"."stg_yellow_taxi_trips"
where trip_id is null



  
  
      
    ) dbt_internal_test
[0m21:56:54.301609 [debug] [Thread-3 (]: Writing runtime sql for node "test.nyc_taxi_dbt.not_null_stg_yellow_taxi_trips_trip_distance.d793adaf62"
[0m21:56:54.307905 [debug] [Thread-3 (]: Using duckdb connection "test.nyc_taxi_dbt.not_null_stg_yellow_taxi_trips_trip_distance.d793adaf62"
[0m21:56:54.308143 [debug] [Thread-3 (]: On test.nyc_taxi_dbt.not_null_stg_yellow_taxi_trips_trip_distance.d793adaf62: BEGIN
[0m21:56:54.308409 [debug] [Thread-3 (]: Opening a new connection, currently in state closed
[0m21:56:54.305973 [debug] [Thread-2 (]: SQL status: OK in 0.022 seconds
[0m21:56:54.309000 [debug] [Thread-3 (]: SQL status: OK in 0.001 seconds
[0m21:56:54.309322 [debug] [Thread-3 (]: Using duckdb connection "test.nyc_taxi_dbt.not_null_stg_yellow_taxi_trips_trip_distance.d793adaf62"
[0m21:56:54.310133 [debug] [Thread-2 (]: On test.nyc_taxi_dbt.not_null_stg_yellow_taxi_trips_total_amount.9312eb2641: ROLLBACK
[0m21:56:54.310356 [debug] [Thread-3 (]: On test.nyc_taxi_dbt.not_null_stg_yellow_taxi_trips_trip_distance.d793adaf62: /* {"app": "dbt", "dbt_version": "1.11.8", "profile_name": "nyc_taxi_dbt", "target_name": "dev", "node_id": "test.nyc_taxi_dbt.not_null_stg_yellow_taxi_trips_trip_distance.d793adaf62"} */

    
    select
      count(*) as failures,
      count(*) != 0 as should_warn,
      count(*) != 0 as should_error
    from (
      
    
  
    
    



select trip_distance
from "nyc_taxi"."main_staging"."stg_yellow_taxi_trips"
where trip_distance is null



  
  
      
    ) dbt_internal_test
[0m21:56:54.310676 [debug] [Thread-2 (]: Failed to rollback 'test.nyc_taxi_dbt.not_null_stg_yellow_taxi_trips_total_amount.9312eb2641'
[0m21:56:54.311036 [debug] [Thread-4 (]: SQL status: OK in 0.028 seconds
[0m21:56:54.311297 [debug] [Thread-2 (]: On test.nyc_taxi_dbt.not_null_stg_yellow_taxi_trips_total_amount.9312eb2641: Close
[0m21:56:54.312227 [debug] [Thread-4 (]: On test.nyc_taxi_dbt.not_null_stg_yellow_taxi_trips_pickup_at.e2ff6cfbc9: ROLLBACK
[0m21:56:54.312531 [info ] [Thread-2 (]: 6 of 10 PASS not_null_stg_yellow_taxi_trips_total_amount ....................... [[32mPASS[0m in 0.06s]
[0m21:56:54.312805 [debug] [Thread-4 (]: Failed to rollback 'test.nyc_taxi_dbt.not_null_stg_yellow_taxi_trips_pickup_at.e2ff6cfbc9'
[0m21:56:54.314407 [debug] [Thread-4 (]: On test.nyc_taxi_dbt.not_null_stg_yellow_taxi_trips_pickup_at.e2ff6cfbc9: Close
[0m21:56:54.313318 [debug] [Thread-2 (]: Finished running node test.nyc_taxi_dbt.not_null_stg_yellow_taxi_trips_total_amount.9312eb2641
[0m21:56:54.319772 [debug] [Thread-2 (]: Began running node test.nyc_taxi_dbt.not_null_stg_yellow_taxi_trips_vendor_id.f68c7056a6
[0m21:56:54.320337 [info ] [Thread-2 (]: 9 of 10 START test not_null_stg_yellow_taxi_trips_vendor_id .................... [RUN]
[0m21:56:54.320907 [debug] [Thread-2 (]: Re-using an available connection from the pool (formerly test.nyc_taxi_dbt.not_null_stg_yellow_taxi_trips_total_amount.9312eb2641, now test.nyc_taxi_dbt.not_null_stg_yellow_taxi_trips_vendor_id.f68c7056a6)
[0m21:56:54.321416 [debug] [Thread-2 (]: Began compiling node test.nyc_taxi_dbt.not_null_stg_yellow_taxi_trips_vendor_id.f68c7056a6
[0m21:56:54.315017 [info ] [Thread-4 (]: 5 of 10 PASS not_null_stg_yellow_taxi_trips_pickup_at .......................... [[32mPASS[0m in 0.06s]
[0m21:56:54.342982 [debug] [Thread-4 (]: Finished running node test.nyc_taxi_dbt.not_null_stg_yellow_taxi_trips_pickup_at.e2ff6cfbc9
[0m21:56:54.344370 [debug] [Thread-4 (]: Began running node test.nyc_taxi_dbt.unique_stg_yellow_taxi_trips_trip_id.4e1127d8f6
[0m21:56:54.344698 [info ] [Thread-4 (]: 10 of 10 START test unique_stg_yellow_taxi_trips_trip_id ....................... [RUN]
[0m21:56:54.335593 [debug] [Thread-2 (]: Writing injected SQL for node "test.nyc_taxi_dbt.not_null_stg_yellow_taxi_trips_vendor_id.f68c7056a6"
[0m21:56:54.345000 [debug] [Thread-4 (]: Re-using an available connection from the pool (formerly test.nyc_taxi_dbt.not_null_stg_yellow_taxi_trips_pickup_at.e2ff6cfbc9, now test.nyc_taxi_dbt.unique_stg_yellow_taxi_trips_trip_id.4e1127d8f6)
[0m21:56:54.357553 [debug] [Thread-4 (]: Began compiling node test.nyc_taxi_dbt.unique_stg_yellow_taxi_trips_trip_id.4e1127d8f6
[0m21:56:54.361915 [debug] [Thread-4 (]: Writing injected SQL for node "test.nyc_taxi_dbt.unique_stg_yellow_taxi_trips_trip_id.4e1127d8f6"
[0m21:56:54.362381 [debug] [Thread-4 (]: Began executing node test.nyc_taxi_dbt.unique_stg_yellow_taxi_trips_trip_id.4e1127d8f6
[0m21:56:54.363654 [debug] [Thread-4 (]: Writing runtime sql for node "test.nyc_taxi_dbt.unique_stg_yellow_taxi_trips_trip_id.4e1127d8f6"
[0m21:56:54.354067 [debug] [Thread-2 (]: Began executing node test.nyc_taxi_dbt.not_null_stg_yellow_taxi_trips_vendor_id.f68c7056a6
[0m21:56:54.366865 [debug] [Thread-2 (]: Writing runtime sql for node "test.nyc_taxi_dbt.not_null_stg_yellow_taxi_trips_vendor_id.f68c7056a6"
[0m21:56:54.367370 [debug] [Thread-2 (]: Using duckdb connection "test.nyc_taxi_dbt.not_null_stg_yellow_taxi_trips_vendor_id.f68c7056a6"
[0m21:56:54.367534 [debug] [Thread-2 (]: On test.nyc_taxi_dbt.not_null_stg_yellow_taxi_trips_vendor_id.f68c7056a6: BEGIN
[0m21:56:54.367675 [debug] [Thread-2 (]: Opening a new connection, currently in state closed
[0m21:56:54.367975 [debug] [Thread-2 (]: SQL status: OK in 0.000 seconds
[0m21:56:54.368116 [debug] [Thread-2 (]: Using duckdb connection "test.nyc_taxi_dbt.not_null_stg_yellow_taxi_trips_vendor_id.f68c7056a6"
[0m21:56:54.368268 [debug] [Thread-2 (]: On test.nyc_taxi_dbt.not_null_stg_yellow_taxi_trips_vendor_id.f68c7056a6: /* {"app": "dbt", "dbt_version": "1.11.8", "profile_name": "nyc_taxi_dbt", "target_name": "dev", "node_id": "test.nyc_taxi_dbt.not_null_stg_yellow_taxi_trips_vendor_id.f68c7056a6"} */

    
    select
      count(*) as failures,
      count(*) != 0 as should_warn,
      count(*) != 0 as should_error
    from (
      
    
  
    
    



select vendor_id
from "nyc_taxi"."main_staging"."stg_yellow_taxi_trips"
where vendor_id is null



  
  
      
    ) dbt_internal_test
[0m21:56:54.369117 [debug] [Thread-2 (]: SQL status: OK in 0.001 seconds
[0m21:56:54.369891 [debug] [Thread-2 (]: On test.nyc_taxi_dbt.not_null_stg_yellow_taxi_trips_vendor_id.f68c7056a6: ROLLBACK
[0m21:56:54.370145 [debug] [Thread-2 (]: Failed to rollback 'test.nyc_taxi_dbt.not_null_stg_yellow_taxi_trips_vendor_id.f68c7056a6'
[0m21:56:54.370293 [debug] [Thread-2 (]: On test.nyc_taxi_dbt.not_null_stg_yellow_taxi_trips_vendor_id.f68c7056a6: Close
[0m21:56:54.364005 [debug] [Thread-4 (]: Using duckdb connection "test.nyc_taxi_dbt.unique_stg_yellow_taxi_trips_trip_id.4e1127d8f6"
[0m21:56:54.377298 [debug] [Thread-4 (]: On test.nyc_taxi_dbt.unique_stg_yellow_taxi_trips_trip_id.4e1127d8f6: BEGIN
[0m21:56:54.377981 [debug] [Thread-4 (]: Opening a new connection, currently in state closed
[0m21:56:54.378391 [debug] [Thread-4 (]: SQL status: OK in 0.001 seconds
[0m21:56:54.378556 [debug] [Thread-4 (]: Using duckdb connection "test.nyc_taxi_dbt.unique_stg_yellow_taxi_trips_trip_id.4e1127d8f6"
[0m21:56:54.378714 [debug] [Thread-4 (]: On test.nyc_taxi_dbt.unique_stg_yellow_taxi_trips_trip_id.4e1127d8f6: /* {"app": "dbt", "dbt_version": "1.11.8", "profile_name": "nyc_taxi_dbt", "target_name": "dev", "node_id": "test.nyc_taxi_dbt.unique_stg_yellow_taxi_trips_trip_id.4e1127d8f6"} */

    
    select
      count(*) as failures,
      count(*) != 0 as should_warn,
      count(*) != 0 as should_error
    from (
      
    
  
    
    

select
    trip_id as unique_field,
    count(*) as n_records

from "nyc_taxi"."main_staging"."stg_yellow_taxi_trips"
where trip_id is not null
group by trip_id
having count(*) > 1



  
  
      
    ) dbt_internal_test
[0m21:56:54.370555 [info ] [Thread-2 (]: 9 of 10 PASS not_null_stg_yellow_taxi_trips_vendor_id .......................... [[32mPASS[0m in 0.05s]
[0m21:56:54.381788 [debug] [Thread-2 (]: Finished running node test.nyc_taxi_dbt.not_null_stg_yellow_taxi_trips_vendor_id.f68c7056a6
[0m21:56:54.392413 [debug] [Thread-3 (]: SQL status: OK in 0.081 seconds
[0m21:56:54.410087 [debug] [Thread-3 (]: On test.nyc_taxi_dbt.not_null_stg_yellow_taxi_trips_trip_distance.d793adaf62: ROLLBACK
[0m21:56:54.410596 [debug] [Thread-3 (]: Failed to rollback 'test.nyc_taxi_dbt.not_null_stg_yellow_taxi_trips_trip_distance.d793adaf62'
[0m21:56:54.410769 [debug] [Thread-3 (]: On test.nyc_taxi_dbt.not_null_stg_yellow_taxi_trips_trip_distance.d793adaf62: Close
[0m21:56:54.411485 [info ] [Thread-3 (]: 7 of 10 PASS not_null_stg_yellow_taxi_trips_trip_distance ...................... [[32mPASS[0m in 0.13s]
[0m21:56:54.412371 [debug] [Thread-3 (]: Finished running node test.nyc_taxi_dbt.not_null_stg_yellow_taxi_trips_trip_distance.d793adaf62
[0m21:56:54.577955 [debug] [Thread-1 (]: SQL status: OK in 0.273 seconds
[0m21:56:54.580732 [debug] [Thread-1 (]: On test.nyc_taxi_dbt.not_null_stg_yellow_taxi_trips_trip_id.ee2bccfad1: ROLLBACK
[0m21:56:54.581668 [debug] [Thread-1 (]: Failed to rollback 'test.nyc_taxi_dbt.not_null_stg_yellow_taxi_trips_trip_id.ee2bccfad1'
[0m21:56:54.582338 [debug] [Thread-1 (]: On test.nyc_taxi_dbt.not_null_stg_yellow_taxi_trips_trip_id.ee2bccfad1: Close
[0m21:56:54.584036 [info ] [Thread-1 (]: 8 of 10 PASS not_null_stg_yellow_taxi_trips_trip_id ............................ [[32mPASS[0m in 0.30s]
[0m21:56:54.586056 [debug] [Thread-1 (]: Finished running node test.nyc_taxi_dbt.not_null_stg_yellow_taxi_trips_trip_id.ee2bccfad1
[0m21:56:55.143411 [debug] [Thread-4 (]: SQL status: OK in 0.764 seconds
[0m21:56:55.145640 [debug] [Thread-4 (]: On test.nyc_taxi_dbt.unique_stg_yellow_taxi_trips_trip_id.4e1127d8f6: ROLLBACK
[0m21:56:55.146161 [debug] [Thread-4 (]: Failed to rollback 'test.nyc_taxi_dbt.unique_stg_yellow_taxi_trips_trip_id.4e1127d8f6'
[0m21:56:55.146370 [debug] [Thread-4 (]: On test.nyc_taxi_dbt.unique_stg_yellow_taxi_trips_trip_id.4e1127d8f6: Close
[0m21:56:55.146772 [error] [Thread-4 (]: 10 of 10 FAIL 8 unique_stg_yellow_taxi_trips_trip_id ........................... [[31mFAIL 8[0m in 0.80s]
[0m21:56:55.147045 [debug] [Thread-4 (]: Finished running node test.nyc_taxi_dbt.unique_stg_yellow_taxi_trips_trip_id.4e1127d8f6
[0m21:56:55.147889 [debug] [MainThread]: Using duckdb connection "master"
[0m21:56:55.148060 [debug] [MainThread]: On master: BEGIN
[0m21:56:55.148252 [debug] [MainThread]: Opening a new connection, currently in state closed
[0m21:56:55.148698 [debug] [MainThread]: SQL status: OK in 0.000 seconds
[0m21:56:55.148923 [debug] [MainThread]: On master: COMMIT
[0m21:56:55.149072 [debug] [MainThread]: Using duckdb connection "master"
[0m21:56:55.149200 [debug] [MainThread]: On master: COMMIT
[0m21:56:55.149404 [debug] [MainThread]: SQL status: OK in 0.000 seconds
[0m21:56:55.149534 [debug] [MainThread]: On master: Close
[0m21:56:55.149720 [debug] [MainThread]: Connection 'master' was properly closed.
[0m21:56:55.149836 [debug] [MainThread]: Connection 'test.nyc_taxi_dbt.not_null_stg_yellow_taxi_trips_trip_id.ee2bccfad1' was properly closed.
[0m21:56:55.149942 [debug] [MainThread]: Connection 'test.nyc_taxi_dbt.not_null_stg_yellow_taxi_trips_vendor_id.f68c7056a6' was properly closed.
[0m21:56:55.150045 [debug] [MainThread]: Connection 'test.nyc_taxi_dbt.not_null_stg_yellow_taxi_trips_trip_distance.d793adaf62' was properly closed.
[0m21:56:55.150146 [debug] [MainThread]: Connection 'test.nyc_taxi_dbt.unique_stg_yellow_taxi_trips_trip_id.4e1127d8f6' was properly closed.
[0m21:56:55.150302 [info ] [MainThread]: 
[0m21:56:55.150448 [info ] [MainThread]: Finished running 10 data tests in 0 hours 0 minutes and 1.02 seconds (1.02s).
[0m21:56:55.151209 [debug] [MainThread]: Command end result
[0m21:56:55.173246 [debug] [MainThread]: Wrote artifact WritableManifest to /Users/weimincai/BIProjects/nyc_taxi_dbt/target/manifest.json
[0m21:56:55.175262 [debug] [MainThread]: Wrote artifact SemanticManifest to /Users/weimincai/BIProjects/nyc_taxi_dbt/target/semantic_manifest.json
[0m21:56:55.179750 [debug] [MainThread]: Wrote artifact RunExecutionResult to /Users/weimincai/BIProjects/nyc_taxi_dbt/target/run_results.json
[0m21:56:55.179976 [info ] [MainThread]: 
[0m21:56:55.180160 [info ] [MainThread]: [31mCompleted with 2 errors, 0 partial successes, and 0 warnings:[0m
[0m21:56:55.180301 [info ] [MainThread]: 
[0m21:56:55.180486 [error] [MainThread]: [31mFailure in test accepted_values_stg_yellow_taxi_trips_payment_type__1__2__3__4__5__6 (models/staging/stg_yellow_taxi_trips.yml)[0m
[0m21:56:55.180645 [error] [MainThread]:   Got 1 result, configured to fail if != 0
[0m21:56:55.180762 [info ] [MainThread]: 
[0m21:56:55.180910 [info ] [MainThread]:   compiled code at target/compiled/nyc_taxi_dbt/models/staging/stg_yellow_taxi_trips.yml/accepted_values_stg_yellow_tax_ae956f2578569707b47e9fde952dbbad.sql
[0m21:56:55.181558 [info ] [MainThread]: 
[0m21:56:55.182256 [error] [MainThread]: [31mFailure in test unique_stg_yellow_taxi_trips_trip_id (models/staging/stg_yellow_taxi_trips.yml)[0m
[0m21:56:55.182508 [error] [MainThread]:   Got 8 results, configured to fail if != 0
[0m21:56:55.182744 [info ] [MainThread]: 
[0m21:56:55.182977 [info ] [MainThread]:   compiled code at target/compiled/nyc_taxi_dbt/models/staging/stg_yellow_taxi_trips.yml/unique_stg_yellow_taxi_trips_trip_id.sql
[0m21:56:55.183222 [info ] [MainThread]: 
[0m21:56:55.183421 [info ] [MainThread]: Done. PASS=8 WARN=0 ERROR=2 SKIP=0 NO-OP=0 TOTAL=10
[0m21:56:55.185939 [debug] [MainThread]: Resource report: {"command_name": "test", "command_success": false, "command_wall_clock_time": 1.6260366, "process_in_blocks": "0", "process_kernel_time": 0.513475, "process_mem_max_rss": "570179584", "process_out_blocks": "0", "process_user_time": 6.348636}
[0m21:56:55.186238 [debug] [MainThread]: Command `dbt test` failed at 21:56:55.186197 after 1.63 seconds
[0m21:56:55.186461 [debug] [MainThread]: Sending event: {'category': 'dbt', 'action': 'invocation', 'label': 'end', 'context': [<snowplow_tracker.self_describing_json.SelfDescribingJson object at 0x108c64e10>, <snowplow_tracker.self_describing_json.SelfDescribingJson object at 0x103337c10>, <snowplow_tracker.self_describing_json.SelfDescribingJson object at 0x1088d7b10>]}
[0m21:56:55.186649 [debug] [MainThread]: Flushing usage events
[0m21:56:55.467189 [debug] [MainThread]: An error was encountered while trying to flush usage events
[0m22:01:45.124467 [debug] [MainThread]: Sending event: {'category': 'dbt', 'action': 'invocation', 'label': 'start', 'context': [<snowplow_tracker.self_describing_json.SelfDescribingJson object at 0x113d70350>, <snowplow_tracker.self_describing_json.SelfDescribingJson object at 0x113e41650>, <snowplow_tracker.self_describing_json.SelfDescribingJson object at 0x113e4ffd0>]}


============================== 22:01:45.127109 | 89adc199-8b95-43c3-8d94-b01fcb3e50fe ==============================
[0m22:01:45.127109 [info ] [MainThread]: Running with dbt=1.11.8
[0m22:01:45.127419 [debug] [MainThread]: running dbt with arguments {'no_print': 'None', 'introspect': 'True', 'warn_error_options': 'WarnErrorOptionsV2(error=[], warn=[], silence=[])', 'fail_fast': 'False', 'use_experimental_parser': 'False', 'cache_selected_only': 'False', 'warn_error': 'None', 'log_format': 'default', 'indirect_selection': 'eager', 'partial_parse': 'True', 'printer_width': '80', 'static_parser': 'True', 'target_path': 'None', 'empty': 'False', 'version_check': 'True', 'log_cache_events': 'False', 'log_path': '/Users/weimincai/BIProjects/nyc_taxi_dbt/logs', 'write_json': 'True', 'invocation_command': 'dbt run', 'debug': 'False', 'use_colors': 'True', 'send_anonymous_usage_stats': 'True', 'profiles_dir': '/Users/weimincai/.dbt', 'quiet': 'False'}
[0m22:01:45.309943 [debug] [MainThread]: Sending event: {'category': 'dbt', 'action': 'project_id', 'label': '89adc199-8b95-43c3-8d94-b01fcb3e50fe', 'context': [<snowplow_tracker.self_describing_json.SelfDescribingJson object at 0x113eb83d0>]}
[0m22:01:45.336024 [debug] [MainThread]: Sending event: {'category': 'dbt', 'action': 'adapter_info', 'label': '89adc199-8b95-43c3-8d94-b01fcb3e50fe', 'context': [<snowplow_tracker.self_describing_json.SelfDescribingJson object at 0x107c39f50>]}
[0m22:01:45.337336 [info ] [MainThread]: Registered adapter: duckdb=1.10.1
[0m22:01:45.404296 [debug] [MainThread]: checksum: 7d524ac048c2100769df89d592e662e060a73ca564e31bd9c2a37efdfe8d8ab6, vars: {}, profile: , target: , version: 1.11.8
[0m22:01:45.525778 [debug] [MainThread]: Partial parsing enabled: 0 files deleted, 0 files added, 2 files changed.
[0m22:01:45.526249 [debug] [MainThread]: Partial parsing: updated file: nyc_taxi_dbt://models/staging/stg_yellow_taxi_trips.yml
[0m22:01:45.526410 [debug] [MainThread]: Partial parsing: updated file: nyc_taxi_dbt://models/staging/stg_yellow_taxi_trips.sql
[0m22:01:45.605012 [error] [MainThread]: Encountered an error:
Compilation Error in model stg_yellow_taxi_trips (models/staging/stg_yellow_taxi_trips.sql)
  source() takes exactly two arguments (0 given)
[0m22:01:45.607276 [debug] [MainThread]: Resource report: {"command_name": "run", "command_success": false, "command_wall_clock_time": 0.5232651, "process_in_blocks": "0", "process_kernel_time": 0.236108, "process_mem_max_rss": "164937728", "process_out_blocks": "0", "process_user_time": 1.472022}
[0m22:01:45.607499 [debug] [MainThread]: Command `dbt run` failed at 22:01:45.607459 after 0.52 seconds
[0m22:01:45.607680 [debug] [MainThread]: Sending event: {'category': 'dbt', 'action': 'invocation', 'label': 'end', 'context': [<snowplow_tracker.self_describing_json.SelfDescribingJson object at 0x113e600d0>, <snowplow_tracker.self_describing_json.SelfDescribingJson object at 0x113e60410>, <snowplow_tracker.self_describing_json.SelfDescribingJson object at 0x114637410>]}
[0m22:01:45.607848 [debug] [MainThread]: Flushing usage events
[0m22:01:45.898931 [debug] [MainThread]: An error was encountered while trying to flush usage events
[0m22:02:19.202936 [debug] [MainThread]: Sending event: {'category': 'dbt', 'action': 'invocation', 'label': 'start', 'context': [<snowplow_tracker.self_describing_json.SelfDescribingJson object at 0x109c32a10>, <snowplow_tracker.self_describing_json.SelfDescribingJson object at 0x10dd53e10>, <snowplow_tracker.self_describing_json.SelfDescribingJson object at 0x10dd53dd0>]}


============================== 22:02:19.205666 | 26b330ba-4f5c-4a5a-9e5f-38bf552ac351 ==============================
[0m22:02:19.205666 [info ] [MainThread]: Running with dbt=1.11.8
[0m22:02:19.205994 [debug] [MainThread]: running dbt with arguments {'invocation_command': 'dbt run', 'log_format': 'default', 'static_parser': 'True', 'empty': 'False', 'indirect_selection': 'eager', 'write_json': 'True', 'log_cache_events': 'False', 'use_experimental_parser': 'False', 'warn_error': 'None', 'debug': 'False', 'printer_width': '80', 'log_path': '/Users/weimincai/BIProjects/nyc_taxi_dbt/logs', 'target_path': 'None', 'profiles_dir': '/Users/weimincai/.dbt', 'partial_parse': 'True', 'quiet': 'False', 'version_check': 'True', 'fail_fast': 'False', 'use_colors': 'True', 'no_print': 'None', 'send_anonymous_usage_stats': 'True', 'introspect': 'True', 'cache_selected_only': 'False', 'warn_error_options': 'WarnErrorOptionsV2(error=[], warn=[], silence=[])'}
[0m22:02:19.439217 [debug] [MainThread]: Sending event: {'category': 'dbt', 'action': 'project_id', 'label': '26b330ba-4f5c-4a5a-9e5f-38bf552ac351', 'context': [<snowplow_tracker.self_describing_json.SelfDescribingJson object at 0x10d91db90>]}
[0m22:02:19.465605 [debug] [MainThread]: Sending event: {'category': 'dbt', 'action': 'adapter_info', 'label': '26b330ba-4f5c-4a5a-9e5f-38bf552ac351', 'context': [<snowplow_tracker.self_describing_json.SelfDescribingJson object at 0x109c51f90>]}
[0m22:02:19.466849 [info ] [MainThread]: Registered adapter: duckdb=1.10.1
[0m22:02:19.528044 [debug] [MainThread]: checksum: 7d524ac048c2100769df89d592e662e060a73ca564e31bd9c2a37efdfe8d8ab6, vars: {}, profile: , target: , version: 1.11.8
[0m22:02:19.649273 [debug] [MainThread]: Partial parsing enabled: 0 files deleted, 0 files added, 2 files changed.
[0m22:02:19.649718 [debug] [MainThread]: Partial parsing: updated file: nyc_taxi_dbt://models/staging/stg_yellow_taxi_trips.yml
[0m22:02:19.649877 [debug] [MainThread]: Partial parsing: updated file: nyc_taxi_dbt://models/staging/stg_yellow_taxi_trips.sql
[0m22:02:19.804798 [warn ] [MainThread]: [[33mWARNING[0m][MissingArgumentsPropertyInGenericTestDeprecation]: Deprecated
functionality
Found top-level arguments to test `accepted_values` defined on
'stg_yellow_taxi_trips' in package 'nyc_taxi_dbt'
(models/staging/stg_yellow_taxi_trips.yml). Arguments to generic tests should be
nested under the `arguments` property.
[0m22:02:19.805148 [debug] [MainThread]: Sending event: {'category': 'dbt', 'action': 'deprecation', 'label': '26b330ba-4f5c-4a5a-9e5f-38bf552ac351', 'property_': 'warn', 'context': [<snowplow_tracker.self_describing_json.SelfDescribingJson object at 0x10e33ee90>]}
[0m22:02:19.845123 [debug] [MainThread]: Sending event: {'category': 'dbt', 'action': 'load_project', 'label': '26b330ba-4f5c-4a5a-9e5f-38bf552ac351', 'context': [<snowplow_tracker.self_describing_json.SelfDescribingJson object at 0x10e778cd0>]}
[0m22:02:19.889444 [debug] [MainThread]: Wrote artifact WritableManifest to /Users/weimincai/BIProjects/nyc_taxi_dbt/target/manifest.json
[0m22:02:19.890880 [debug] [MainThread]: Wrote artifact SemanticManifest to /Users/weimincai/BIProjects/nyc_taxi_dbt/target/semantic_manifest.json
[0m22:02:19.898037 [debug] [MainThread]: Sending event: {'category': 'dbt', 'action': 'resource_counts', 'label': '26b330ba-4f5c-4a5a-9e5f-38bf552ac351', 'context': [<snowplow_tracker.self_describing_json.SelfDescribingJson object at 0x10ea041d0>]}
[0m22:02:19.898279 [info ] [MainThread]: Found 6 models, 10 data tests, 1 source, 591 macros
[0m22:02:19.898433 [debug] [MainThread]: Sending event: {'category': 'dbt', 'action': 'runnable_timing', 'label': '26b330ba-4f5c-4a5a-9e5f-38bf552ac351', 'context': [<snowplow_tracker.self_describing_json.SelfDescribingJson object at 0x10e8aa010>]}
[0m22:02:19.899338 [info ] [MainThread]: 
[0m22:02:19.899490 [info ] [MainThread]: Concurrency: 4 threads (target='dev')
[0m22:02:19.899611 [info ] [MainThread]: 
[0m22:02:19.899819 [debug] [MainThread]: Acquiring new duckdb connection 'master'
[0m22:02:19.902062 [debug] [ThreadPool]: Acquiring new duckdb connection 'list_nyc_taxi'
[0m22:02:19.902286 [debug] [ThreadPool]: Acquiring new duckdb connection 'list_nyc_taxi'
[0m22:02:19.907291 [debug] [ThreadPool]: Acquiring new duckdb connection 'list_nyc_taxi'
[0m22:02:19.934177 [debug] [ThreadPool]: Using duckdb connection "list_nyc_taxi"
[0m22:02:19.934384 [debug] [ThreadPool]: Using duckdb connection "list_nyc_taxi"
[0m22:02:19.934549 [debug] [ThreadPool]: Using duckdb connection "list_nyc_taxi"
[0m22:02:19.934728 [debug] [ThreadPool]: On list_nyc_taxi: /* {"app": "dbt", "dbt_version": "1.11.8", "profile_name": "nyc_taxi_dbt", "target_name": "dev", "connection_name": "list_nyc_taxi"} */

    
    select schema_name
    from system.information_schema.schemata
    
    where lower(catalog_name) = '"nyc_taxi"'
    
  
  
[0m22:02:19.934900 [debug] [ThreadPool]: On list_nyc_taxi: /* {"app": "dbt", "dbt_version": "1.11.8", "profile_name": "nyc_taxi_dbt", "target_name": "dev", "connection_name": "list_nyc_taxi"} */

    
    select schema_name
    from system.information_schema.schemata
    
    where lower(catalog_name) = '"nyc_taxi"'
    
  
  
[0m22:02:19.935037 [debug] [ThreadPool]: On list_nyc_taxi: /* {"app": "dbt", "dbt_version": "1.11.8", "profile_name": "nyc_taxi_dbt", "target_name": "dev", "connection_name": "list_nyc_taxi"} */

    
    select schema_name
    from system.information_schema.schemata
    
    where lower(catalog_name) = '"nyc_taxi"'
    
  
  
[0m22:02:19.935176 [debug] [ThreadPool]: Opening a new connection, currently in state init
[0m22:02:19.935290 [debug] [ThreadPool]: Opening a new connection, currently in state init
[0m22:02:19.935401 [debug] [ThreadPool]: Opening a new connection, currently in state init
[0m22:02:19.953591 [debug] [ThreadPool]: SQL status: OK in 0.018 seconds
[0m22:02:19.953795 [debug] [ThreadPool]: SQL status: OK in 0.018 seconds
[0m22:02:19.953947 [debug] [ThreadPool]: SQL status: OK in 0.019 seconds
[0m22:02:19.954553 [debug] [ThreadPool]: On list_nyc_taxi: Close
[0m22:02:19.955029 [debug] [ThreadPool]: On list_nyc_taxi: Close
[0m22:02:19.955474 [debug] [ThreadPool]: On list_nyc_taxi: Close
[0m22:02:19.955942 [debug] [ThreadPool]: Re-using an available connection from the pool (formerly list_nyc_taxi, now create_nyc_taxi_main_staging)
[0m22:02:19.956093 [debug] [ThreadPool]: Re-using an available connection from the pool (formerly list_nyc_taxi, now create_nyc_taxi_main_intermediate)
[0m22:02:19.956238 [debug] [ThreadPool]: Re-using an available connection from the pool (formerly list_nyc_taxi, now create_nyc_taxi_main_marts)
[0m22:02:19.956431 [debug] [ThreadPool]: Creating schema "database: "nyc_taxi"
schema: "main_staging"
"
[0m22:02:19.956596 [debug] [ThreadPool]: Creating schema "database: "nyc_taxi"
schema: "main_intermediate"
"
[0m22:02:19.956761 [debug] [ThreadPool]: Creating schema "database: "nyc_taxi"
schema: "main_marts"
"
[0m22:02:19.959831 [debug] [ThreadPool]: Using duckdb connection "create_nyc_taxi_main_staging"
[0m22:02:19.960813 [debug] [ThreadPool]: Using duckdb connection "create_nyc_taxi_main_intermediate"
[0m22:02:19.961700 [debug] [ThreadPool]: Using duckdb connection "create_nyc_taxi_main_marts"
[0m22:02:19.961839 [debug] [ThreadPool]: On create_nyc_taxi_main_staging: /* {"app": "dbt", "dbt_version": "1.11.8", "profile_name": "nyc_taxi_dbt", "target_name": "dev", "connection_name": "create_nyc_taxi_main_staging"} */

    
        select type from duckdb_databases()
        where lower(database_name)='nyc_taxi'
        and type='sqlite'
    
  
[0m22:02:19.961985 [debug] [ThreadPool]: On create_nyc_taxi_main_intermediate: /* {"app": "dbt", "dbt_version": "1.11.8", "profile_name": "nyc_taxi_dbt", "target_name": "dev", "connection_name": "create_nyc_taxi_main_intermediate"} */

    
        select type from duckdb_databases()
        where lower(database_name)='nyc_taxi'
        and type='sqlite'
    
  
[0m22:02:19.962127 [debug] [ThreadPool]: On create_nyc_taxi_main_marts: /* {"app": "dbt", "dbt_version": "1.11.8", "profile_name": "nyc_taxi_dbt", "target_name": "dev", "connection_name": "create_nyc_taxi_main_marts"} */

    
        select type from duckdb_databases()
        where lower(database_name)='nyc_taxi'
        and type='sqlite'
    
  
[0m22:02:19.962244 [debug] [ThreadPool]: Opening a new connection, currently in state closed
[0m22:02:19.962354 [debug] [ThreadPool]: Opening a new connection, currently in state closed
[0m22:02:19.962460 [debug] [ThreadPool]: Opening a new connection, currently in state closed
[0m22:02:19.963110 [debug] [ThreadPool]: SQL status: OK in 0.001 seconds
[0m22:02:19.963240 [debug] [ThreadPool]: SQL status: OK in 0.001 seconds
[0m22:02:19.963345 [debug] [ThreadPool]: SQL status: OK in 0.001 seconds
[0m22:02:19.964064 [debug] [ThreadPool]: Using duckdb connection "create_nyc_taxi_main_intermediate"
[0m22:02:19.964190 [debug] [ThreadPool]: On create_nyc_taxi_main_intermediate: BEGIN
[0m22:02:19.964635 [debug] [ThreadPool]: Using duckdb connection "create_nyc_taxi_main_marts"
[0m22:02:19.965165 [debug] [ThreadPool]: Using duckdb connection "create_nyc_taxi_main_staging"
[0m22:02:19.965311 [debug] [ThreadPool]: On create_nyc_taxi_main_marts: BEGIN
[0m22:02:19.965441 [debug] [ThreadPool]: SQL status: OK in 0.001 seconds
[0m22:02:19.965555 [debug] [ThreadPool]: On create_nyc_taxi_main_staging: BEGIN
[0m22:02:19.965716 [debug] [ThreadPool]: Using duckdb connection "create_nyc_taxi_main_intermediate"
[0m22:02:19.965835 [debug] [ThreadPool]: SQL status: OK in 0.000 seconds
[0m22:02:19.965976 [debug] [ThreadPool]: On create_nyc_taxi_main_intermediate: /* {"app": "dbt", "dbt_version": "1.11.8", "profile_name": "nyc_taxi_dbt", "target_name": "dev", "connection_name": "create_nyc_taxi_main_intermediate"} */

    
    
        create schema if not exists "nyc_taxi"."main_intermediate"
    
[0m22:02:19.966097 [debug] [ThreadPool]: SQL status: OK in 0.000 seconds
[0m22:02:19.966199 [debug] [ThreadPool]: Using duckdb connection "create_nyc_taxi_main_marts"
[0m22:02:19.966351 [debug] [ThreadPool]: Using duckdb connection "create_nyc_taxi_main_staging"
[0m22:02:19.966465 [debug] [ThreadPool]: SQL status: OK in 0.000 seconds
[0m22:02:19.966575 [debug] [ThreadPool]: On create_nyc_taxi_main_marts: /* {"app": "dbt", "dbt_version": "1.11.8", "profile_name": "nyc_taxi_dbt", "target_name": "dev", "connection_name": "create_nyc_taxi_main_marts"} */

    
    
        create schema if not exists "nyc_taxi"."main_marts"
    
[0m22:02:19.966697 [debug] [ThreadPool]: On create_nyc_taxi_main_staging: /* {"app": "dbt", "dbt_version": "1.11.8", "profile_name": "nyc_taxi_dbt", "target_name": "dev", "connection_name": "create_nyc_taxi_main_staging"} */

    
    
        create schema if not exists "nyc_taxi"."main_staging"
    
[0m22:02:19.967053 [debug] [ThreadPool]: On create_nyc_taxi_main_intermediate: COMMIT
[0m22:02:19.967302 [debug] [ThreadPool]: Using duckdb connection "create_nyc_taxi_main_intermediate"
[0m22:02:19.967440 [debug] [ThreadPool]: SQL status: OK in 0.000 seconds
[0m22:02:19.967548 [debug] [ThreadPool]: SQL status: OK in 0.000 seconds
[0m22:02:19.967656 [debug] [ThreadPool]: On create_nyc_taxi_main_intermediate: COMMIT
[0m22:02:19.967969 [debug] [ThreadPool]: On create_nyc_taxi_main_staging: COMMIT
[0m22:02:19.968278 [debug] [ThreadPool]: On create_nyc_taxi_main_marts: COMMIT
[0m22:02:19.968436 [debug] [ThreadPool]: Using duckdb connection "create_nyc_taxi_main_staging"
[0m22:02:19.968553 [debug] [ThreadPool]: SQL status: OK in 0.000 seconds
[0m22:02:19.968659 [debug] [ThreadPool]: Using duckdb connection "create_nyc_taxi_main_marts"
[0m22:02:19.968769 [debug] [ThreadPool]: On create_nyc_taxi_main_staging: COMMIT
[0m22:02:19.968882 [debug] [ThreadPool]: On create_nyc_taxi_main_intermediate: Close
[0m22:02:19.968994 [debug] [ThreadPool]: On create_nyc_taxi_main_marts: COMMIT
[0m22:02:19.969262 [debug] [ThreadPool]: SQL status: OK in 0.000 seconds
[0m22:02:19.969422 [debug] [ThreadPool]: On create_nyc_taxi_main_staging: Close
[0m22:02:19.969532 [debug] [ThreadPool]: SQL status: OK in 0.000 seconds
[0m22:02:19.969740 [debug] [ThreadPool]: On create_nyc_taxi_main_marts: Close
[0m22:02:19.970339 [debug] [ThreadPool]: Re-using an available connection from the pool (formerly create_nyc_taxi_main_staging, now list_nyc_taxi_main_staging)
[0m22:02:19.970530 [debug] [ThreadPool]: Re-using an available connection from the pool (formerly create_nyc_taxi_main_intermediate, now list_nyc_taxi_main_intermediate)
[0m22:02:19.970724 [debug] [ThreadPool]: Re-using an available connection from the pool (formerly create_nyc_taxi_main_marts, now list_nyc_taxi_main_marts)
[0m22:02:19.973208 [debug] [ThreadPool]: Using duckdb connection "list_nyc_taxi_main_staging"
[0m22:02:19.974149 [debug] [ThreadPool]: Using duckdb connection "list_nyc_taxi_main_intermediate"
[0m22:02:19.974959 [debug] [ThreadPool]: Using duckdb connection "list_nyc_taxi_main_marts"
[0m22:02:19.975081 [debug] [ThreadPool]: On list_nyc_taxi_main_staging: BEGIN
[0m22:02:19.975191 [debug] [ThreadPool]: On list_nyc_taxi_main_intermediate: BEGIN
[0m22:02:19.975295 [debug] [ThreadPool]: On list_nyc_taxi_main_marts: BEGIN
[0m22:02:19.975400 [debug] [ThreadPool]: Opening a new connection, currently in state closed
[0m22:02:19.975504 [debug] [ThreadPool]: Opening a new connection, currently in state closed
[0m22:02:19.975607 [debug] [ThreadPool]: Opening a new connection, currently in state closed
[0m22:02:19.976020 [debug] [ThreadPool]: SQL status: OK in 0.001 seconds
[0m22:02:19.976136 [debug] [ThreadPool]: Using duckdb connection "list_nyc_taxi_main_staging"
[0m22:02:19.976258 [debug] [ThreadPool]: On list_nyc_taxi_main_staging: /* {"app": "dbt", "dbt_version": "1.11.8", "profile_name": "nyc_taxi_dbt", "target_name": "dev", "connection_name": "list_nyc_taxi_main_staging"} */
select
      'nyc_taxi' as database,
      table_name as name,
      table_schema as schema,
      CASE table_type
        WHEN 'BASE TABLE' THEN 'table'
        WHEN 'VIEW' THEN 'view'
        WHEN 'LOCAL TEMPORARY' THEN 'table'
        END as type
    from system.information_schema.tables
    where lower(table_schema) = 'main_staging'
    and lower(table_catalog) = 'nyc_taxi'
  
[0m22:02:19.976476 [debug] [ThreadPool]: SQL status: OK in 0.001 seconds
[0m22:02:19.976590 [debug] [ThreadPool]: Using duckdb connection "list_nyc_taxi_main_intermediate"
[0m22:02:19.976713 [debug] [ThreadPool]: On list_nyc_taxi_main_intermediate: /* {"app": "dbt", "dbt_version": "1.11.8", "profile_name": "nyc_taxi_dbt", "target_name": "dev", "connection_name": "list_nyc_taxi_main_intermediate"} */
select
      'nyc_taxi' as database,
      table_name as name,
      table_schema as schema,
      CASE table_type
        WHEN 'BASE TABLE' THEN 'table'
        WHEN 'VIEW' THEN 'view'
        WHEN 'LOCAL TEMPORARY' THEN 'table'
        END as type
    from system.information_schema.tables
    where lower(table_schema) = 'main_intermediate'
    and lower(table_catalog) = 'nyc_taxi'
  
[0m22:02:19.976904 [debug] [ThreadPool]: SQL status: OK in 0.001 seconds
[0m22:02:19.977025 [debug] [ThreadPool]: Using duckdb connection "list_nyc_taxi_main_marts"
[0m22:02:19.977154 [debug] [ThreadPool]: On list_nyc_taxi_main_marts: /* {"app": "dbt", "dbt_version": "1.11.8", "profile_name": "nyc_taxi_dbt", "target_name": "dev", "connection_name": "list_nyc_taxi_main_marts"} */
select
      'nyc_taxi' as database,
      table_name as name,
      table_schema as schema,
      CASE table_type
        WHEN 'BASE TABLE' THEN 'table'
        WHEN 'VIEW' THEN 'view'
        WHEN 'LOCAL TEMPORARY' THEN 'table'
        END as type
    from system.information_schema.tables
    where lower(table_schema) = 'main_marts'
    and lower(table_catalog) = 'nyc_taxi'
  
[0m22:02:19.978714 [debug] [ThreadPool]: SQL status: OK in 0.002 seconds
[0m22:02:19.978844 [debug] [ThreadPool]: SQL status: OK in 0.002 seconds
[0m22:02:19.978985 [debug] [ThreadPool]: SQL status: OK in 0.002 seconds
[0m22:02:19.980066 [debug] [ThreadPool]: On list_nyc_taxi_main_staging: ROLLBACK
[0m22:02:19.980593 [debug] [ThreadPool]: On list_nyc_taxi_main_intermediate: ROLLBACK
[0m22:02:19.981115 [debug] [ThreadPool]: On list_nyc_taxi_main_marts: ROLLBACK
[0m22:02:19.981811 [debug] [ThreadPool]: Failed to rollback 'list_nyc_taxi_main_intermediate'
[0m22:02:19.982020 [debug] [ThreadPool]: Failed to rollback 'list_nyc_taxi_main_marts'
[0m22:02:19.982180 [debug] [ThreadPool]: Failed to rollback 'list_nyc_taxi_main_staging'
[0m22:02:19.982293 [debug] [ThreadPool]: On list_nyc_taxi_main_intermediate: Close
[0m22:02:19.982414 [debug] [ThreadPool]: On list_nyc_taxi_main_marts: Close
[0m22:02:19.982527 [debug] [ThreadPool]: On list_nyc_taxi_main_staging: Close
[0m22:02:19.983369 [debug] [MainThread]: Sending event: {'category': 'dbt', 'action': 'runnable_timing', 'label': '26b330ba-4f5c-4a5a-9e5f-38bf552ac351', 'context': [<snowplow_tracker.self_describing_json.SelfDescribingJson object at 0x10e847090>]}
[0m22:02:19.983616 [debug] [MainThread]: Using duckdb connection "master"
[0m22:02:19.983727 [debug] [MainThread]: On master: BEGIN
[0m22:02:19.983832 [debug] [MainThread]: Opening a new connection, currently in state init
[0m22:02:19.984041 [debug] [MainThread]: SQL status: OK in 0.000 seconds
[0m22:02:19.984158 [debug] [MainThread]: On master: COMMIT
[0m22:02:19.984267 [debug] [MainThread]: Using duckdb connection "master"
[0m22:02:19.984370 [debug] [MainThread]: On master: COMMIT
[0m22:02:19.984513 [debug] [MainThread]: SQL status: OK in 0.000 seconds
[0m22:02:19.984625 [debug] [MainThread]: On master: Close
[0m22:02:19.986059 [debug] [Thread-1 (]: Began running node model.nyc_taxi_dbt.stg_yellow_taxi_trips
[0m22:02:19.986291 [info ] [Thread-1 (]: 1 of 6 START sql view model main_staging.stg_yellow_taxi_trips ................. [RUN]
[0m22:02:19.986472 [debug] [Thread-1 (]: Re-using an available connection from the pool (formerly list_nyc_taxi_main_staging, now model.nyc_taxi_dbt.stg_yellow_taxi_trips)
[0m22:02:19.986627 [debug] [Thread-1 (]: Began compiling node model.nyc_taxi_dbt.stg_yellow_taxi_trips
[0m22:02:19.991334 [debug] [Thread-1 (]: Writing injected SQL for node "model.nyc_taxi_dbt.stg_yellow_taxi_trips"
[0m22:02:19.991735 [debug] [Thread-1 (]: Began executing node model.nyc_taxi_dbt.stg_yellow_taxi_trips
[0m22:02:20.005867 [debug] [Thread-1 (]: Writing runtime sql for node "model.nyc_taxi_dbt.stg_yellow_taxi_trips"
[0m22:02:20.006568 [debug] [Thread-1 (]: Using duckdb connection "model.nyc_taxi_dbt.stg_yellow_taxi_trips"
[0m22:02:20.006728 [debug] [Thread-1 (]: On model.nyc_taxi_dbt.stg_yellow_taxi_trips: BEGIN
[0m22:02:20.006862 [debug] [Thread-1 (]: Opening a new connection, currently in state closed
[0m22:02:20.007177 [debug] [Thread-1 (]: SQL status: OK in 0.000 seconds
[0m22:02:20.007309 [debug] [Thread-1 (]: Using duckdb connection "model.nyc_taxi_dbt.stg_yellow_taxi_trips"
[0m22:02:20.007562 [debug] [Thread-1 (]: On model.nyc_taxi_dbt.stg_yellow_taxi_trips: /* {"app": "dbt", "dbt_version": "1.11.8", "profile_name": "nyc_taxi_dbt", "target_name": "dev", "node_id": "model.nyc_taxi_dbt.stg_yellow_taxi_trips"} */

  
  create view "nyc_taxi"."main_staging"."stg_yellow_taxi_trips__dbt_tmp" as (
    -- =============================================================
--  models/staging/stg_yellow_taxi_trips.sql
--
--  WHAT THIS MODEL DOES:
--  This is the "cleaning station." It reads from the raw source
--  table and does four things:
--    1. Renames ugly column names to readable ones
--    2. Filters out bad/corrupt rows (impossible values)
--    3. Deduplicates rows that are exact copies in the raw data
--    4. Creates a unique ID (trip_id) for each row
--
--  WHY DEDUPLICATION IS NEEDED:
--  The NYC TLC raw data sometimes contains duplicate records
--  where the same trip is submitted twice by the vendor.
--  ROW_NUMBER() keeps exactly one copy of each duplicate group.
--
--  WHY payment_type filter is needed:
--  The raw data contains payment_type = 0 which is not in the
--  official TLC data dictionary. We filter it out here.
--
--  Every model downstream reads from THIS model — never from raw.
--  Materialized as: VIEW (no storage used, always up to date)
-- =============================================================

with source as (

    -- source()  is dbt syntax — it points to the table
    -- registered in sources.yml and tracks lineage automatically
    select * from "nyc_taxi"."raw"."yellow_taxi_trips"

),

filtered as (

    -- Apply all row-level filters BEFORE deduplication
    -- so we are only deduplicating valid rows
    select *
    from source
    where
        -- Remove rows where the trip clearly didn't happen
        trip_distance  > 0
        and fare_amount   > 0
        and total_amount  > 0

        -- Remove rows where dropoff is before pickup (data error)
        and tpep_pickup_datetime < tpep_dropoff_datetime

        -- Remove undocumented payment_type = 0 (not in TLC data dictionary)
        and payment_type in (1, 2, 3, 4, 5, 6)

        -- Keep only data from the month we loaded
        -- (Update these dates if you load a different month)
        and tpep_pickup_datetime >= '2024-01-01'
        and tpep_pickup_datetime <  '2024-02-01'

),

deduplicated as (

    -- ROW_NUMBER() assigns a number to each row within each
    -- group of identical trips. The first row gets 1, the second
    -- gets 2, etc. We then keep only row_num = 1 below.
    --
    -- PARTITION BY = "group rows by these columns"
    -- ORDER BY fare_amount DESC = "within each group, prefer the
    -- row with the higher fare" (picks the more complete record)
    select
        *,
        row_number() over (
            partition by
                VendorID,
                tpep_pickup_datetime,
                tpep_dropoff_datetime,
                PULocationID,
                DOLocationID
            order by fare_amount desc
        ) as row_num

    from filtered

),

cleaned as (

    select

        -- ── Unique trip identifier ────────────────────────────
        -- generate_surrogate_key() hashes these columns together
        -- to create a unique ID. Duplicates are already removed
        -- above so this is now guaranteed to be unique.
        md5(cast(coalesce(cast(VendorID as TEXT), '_dbt_utils_surrogate_key_null_') || '-' || coalesce(cast(tpep_pickup_datetime as TEXT), '_dbt_utils_surrogate_key_null_') || '-' || coalesce(cast(tpep_dropoff_datetime as TEXT), '_dbt_utils_surrogate_key_null_') || '-' || coalesce(cast(PULocationID as TEXT), '_dbt_utils_surrogate_key_null_') || '-' || coalesce(cast(DOLocationID as TEXT), '_dbt_utils_surrogate_key_null_') as TEXT)) as trip_id,

        -- ── Vendor ────────────────────────────────────────────
        VendorID                            as vendor_id,

        -- ── Timestamps ────────────────────────────────────────
        tpep_pickup_datetime                as pickup_at,
        tpep_dropoff_datetime               as dropoff_at,

        -- ── Trip details ──────────────────────────────────────
        passenger_count,
        trip_distance,
        RatecodeID                          as rate_code_id,
        PULocationID                        as pickup_location_id,
        DOLocationID                        as dropoff_location_id,

        -- ── Payment ───────────────────────────────────────────
        payment_type,
        fare_amount,
        extra,
        mta_tax,
        tip_amount,
        tolls_amount,
        improvement_surcharge,
        total_amount,
        congestion_surcharge,

        -- ── Derived column: trip duration in minutes ──────────
        -- date_diff is a DuckDB function
        date_diff('minute', tpep_pickup_datetime, tpep_dropoff_datetime)
            as trip_duration_minutes

    from deduplicated

    -- Keep only the first row from each duplicate group
    where row_num = 1

)

select * from cleaned
  );

[0m22:02:20.009789 [debug] [Thread-1 (]: SQL status: OK in 0.002 seconds
[0m22:02:20.012552 [debug] [Thread-1 (]: Using duckdb connection "model.nyc_taxi_dbt.stg_yellow_taxi_trips"
[0m22:02:20.012723 [debug] [Thread-1 (]: On model.nyc_taxi_dbt.stg_yellow_taxi_trips: /* {"app": "dbt", "dbt_version": "1.11.8", "profile_name": "nyc_taxi_dbt", "target_name": "dev", "node_id": "model.nyc_taxi_dbt.stg_yellow_taxi_trips"} */
alter view "nyc_taxi"."main_staging"."stg_yellow_taxi_trips" rename to "stg_yellow_taxi_trips__dbt_backup"
[0m22:02:20.013189 [debug] [Thread-1 (]: SQL status: OK in 0.000 seconds
[0m22:02:20.014461 [debug] [Thread-1 (]: Using duckdb connection "model.nyc_taxi_dbt.stg_yellow_taxi_trips"
[0m22:02:20.014610 [debug] [Thread-1 (]: On model.nyc_taxi_dbt.stg_yellow_taxi_trips: /* {"app": "dbt", "dbt_version": "1.11.8", "profile_name": "nyc_taxi_dbt", "target_name": "dev", "node_id": "model.nyc_taxi_dbt.stg_yellow_taxi_trips"} */
alter view "nyc_taxi"."main_staging"."stg_yellow_taxi_trips__dbt_tmp" rename to "stg_yellow_taxi_trips"
[0m22:02:20.014850 [debug] [Thread-1 (]: SQL status: OK in 0.000 seconds
[0m22:02:20.020510 [debug] [Thread-1 (]: On model.nyc_taxi_dbt.stg_yellow_taxi_trips: COMMIT
[0m22:02:20.020685 [debug] [Thread-1 (]: Using duckdb connection "model.nyc_taxi_dbt.stg_yellow_taxi_trips"
[0m22:02:20.020826 [debug] [Thread-1 (]: On model.nyc_taxi_dbt.stg_yellow_taxi_trips: COMMIT
[0m22:02:20.021585 [debug] [Thread-1 (]: SQL status: OK in 0.001 seconds
[0m22:02:20.024204 [debug] [Thread-1 (]: Using duckdb connection "model.nyc_taxi_dbt.stg_yellow_taxi_trips"
[0m22:02:20.024399 [debug] [Thread-1 (]: On model.nyc_taxi_dbt.stg_yellow_taxi_trips: /* {"app": "dbt", "dbt_version": "1.11.8", "profile_name": "nyc_taxi_dbt", "target_name": "dev", "node_id": "model.nyc_taxi_dbt.stg_yellow_taxi_trips"} */

      drop view if exists "nyc_taxi"."main_staging"."stg_yellow_taxi_trips__dbt_backup" cascade
    
[0m22:02:20.024797 [debug] [Thread-1 (]: SQL status: OK in 0.000 seconds
[0m22:02:20.025847 [debug] [Thread-1 (]: On model.nyc_taxi_dbt.stg_yellow_taxi_trips: Close
[0m22:02:20.026759 [debug] [Thread-1 (]: Sending event: {'category': 'dbt', 'action': 'run_model', 'label': '26b330ba-4f5c-4a5a-9e5f-38bf552ac351', 'context': [<snowplow_tracker.self_describing_json.SelfDescribingJson object at 0x10e77a910>]}
[0m22:02:20.027054 [info ] [Thread-1 (]: 1 of 6 OK created sql view model main_staging.stg_yellow_taxi_trips ............ [[32mOK[0m in 0.04s]
[0m22:02:20.027284 [debug] [Thread-1 (]: Finished running node model.nyc_taxi_dbt.stg_yellow_taxi_trips
[0m22:02:20.027603 [debug] [Thread-3 (]: Began running node model.nyc_taxi_dbt.int_trip_revenue_metrics
[0m22:02:20.027769 [debug] [Thread-4 (]: Began running node model.nyc_taxi_dbt.int_trips_with_time_features
[0m22:02:20.028005 [info ] [Thread-3 (]: 2 of 6 START sql view model main_intermediate.int_trip_revenue_metrics ......... [RUN]
[0m22:02:20.028250 [info ] [Thread-4 (]: 3 of 6 START sql view model main_intermediate.int_trips_with_time_features ..... [RUN]
[0m22:02:20.028450 [debug] [Thread-3 (]: Re-using an available connection from the pool (formerly list_nyc_taxi_main_marts, now model.nyc_taxi_dbt.int_trip_revenue_metrics)
[0m22:02:20.028777 [debug] [Thread-4 (]: Acquiring new duckdb connection 'model.nyc_taxi_dbt.int_trips_with_time_features'
[0m22:02:20.028934 [debug] [Thread-3 (]: Began compiling node model.nyc_taxi_dbt.int_trip_revenue_metrics
[0m22:02:20.029086 [debug] [Thread-4 (]: Began compiling node model.nyc_taxi_dbt.int_trips_with_time_features
[0m22:02:20.030632 [debug] [Thread-3 (]: Writing injected SQL for node "model.nyc_taxi_dbt.int_trip_revenue_metrics"
[0m22:02:20.031956 [debug] [Thread-4 (]: Writing injected SQL for node "model.nyc_taxi_dbt.int_trips_with_time_features"
[0m22:02:20.032317 [debug] [Thread-4 (]: Began executing node model.nyc_taxi_dbt.int_trips_with_time_features
[0m22:02:20.032458 [debug] [Thread-3 (]: Began executing node model.nyc_taxi_dbt.int_trip_revenue_metrics
[0m22:02:20.033888 [debug] [Thread-4 (]: Writing runtime sql for node "model.nyc_taxi_dbt.int_trips_with_time_features"
[0m22:02:20.035284 [debug] [Thread-3 (]: Writing runtime sql for node "model.nyc_taxi_dbt.int_trip_revenue_metrics"
[0m22:02:20.035594 [debug] [Thread-4 (]: Using duckdb connection "model.nyc_taxi_dbt.int_trips_with_time_features"
[0m22:02:20.035755 [debug] [Thread-4 (]: On model.nyc_taxi_dbt.int_trips_with_time_features: BEGIN
[0m22:02:20.035890 [debug] [Thread-4 (]: Opening a new connection, currently in state init
[0m22:02:20.036047 [debug] [Thread-3 (]: Using duckdb connection "model.nyc_taxi_dbt.int_trip_revenue_metrics"
[0m22:02:20.036278 [debug] [Thread-3 (]: On model.nyc_taxi_dbt.int_trip_revenue_metrics: BEGIN
[0m22:02:20.036420 [debug] [Thread-3 (]: Opening a new connection, currently in state closed
[0m22:02:20.036552 [debug] [Thread-4 (]: SQL status: OK in 0.001 seconds
[0m22:02:20.036752 [debug] [Thread-4 (]: Using duckdb connection "model.nyc_taxi_dbt.int_trips_with_time_features"
[0m22:02:20.036888 [debug] [Thread-3 (]: SQL status: OK in 0.000 seconds
[0m22:02:20.037094 [debug] [Thread-4 (]: On model.nyc_taxi_dbt.int_trips_with_time_features: /* {"app": "dbt", "dbt_version": "1.11.8", "profile_name": "nyc_taxi_dbt", "target_name": "dev", "node_id": "model.nyc_taxi_dbt.int_trips_with_time_features"} */

  
  create view "nyc_taxi"."main_intermediate"."int_trips_with_time_features__dbt_tmp" as (
    -- =============================================================
--  models/intermediate/int_trips_with_time_features.sql
--
--  WHAT THIS MODEL DOES:
--  Takes the clean staging data and adds time-based columns that
--  multiple mart models will need. Instead of repeating this logic
--  in every mart, we write it once here.
--
--  New columns added:
--    pickup_hour     → 0 to 23
--    day_of_week     → 0 (Sunday) to 6 (Saturday)
--    day_name        → "Monday", "Tuesday", etc.
--    pickup_date     → just the date, no time (e.g. 2024-01-15)
--    time_of_day     → "Morning Rush", "Evening Rush", "Midday", etc.
--    is_weekend      → true / false
--
-- =============================================================

with trips as (

    -- ref() references upstream models
    -- dbt automatically figures out the order to build models
    select * from "nyc_taxi"."main_staging"."stg_yellow_taxi_trips"

),

time_features as (

    select

        -- ── All columns from staging ──────────────────────────
        *,

        -- ── Hour of pickup (0 = midnight, 23 = 11pm) ─────────
        extract(hour from pickup_at)            as pickup_hour,

        -- ── Day of week (0 = Sunday, 6 = Saturday) ───────────
        extract(dow from pickup_at)             as day_of_week,

        -- ── Human-readable day name ───────────────────────────
        dayname(pickup_at)                      as day_name,

        -- ── Date only — useful for daily GROUP BY queries ─────
        pickup_at::date                         as pickup_date,

        -- ── Time-of-day bucket ────────────────────────────────
        -- This classifies each trip into a named period
        case
            when extract(hour from pickup_at) between 7  and 9  then 'Morning Rush'
            when extract(hour from pickup_at) between 16 and 19 then 'Evening Rush'
            when extract(hour from pickup_at) between 10 and 15 then 'Midday'
            when extract(hour from pickup_at) between 20 and 23 then 'Night'
            else                                                      'Early Morning'
        end                                     as time_of_day,

        -- ── Weekend flag ──────────────────────────────────────
        -- In DuckDB, dow: 0 = Sunday, 6 = Saturday
        case
            when extract(dow from pickup_at) in (0, 6) then true
            else false
        end                                     as is_weekend

    from trips

)

select * from time_features
  );

[0m22:02:20.037301 [debug] [Thread-3 (]: Using duckdb connection "model.nyc_taxi_dbt.int_trip_revenue_metrics"
[0m22:02:20.037647 [debug] [Thread-3 (]: On model.nyc_taxi_dbt.int_trip_revenue_metrics: /* {"app": "dbt", "dbt_version": "1.11.8", "profile_name": "nyc_taxi_dbt", "target_name": "dev", "node_id": "model.nyc_taxi_dbt.int_trip_revenue_metrics"} */

  
  create view "nyc_taxi"."main_intermediate"."int_trip_revenue_metrics__dbt_tmp" as (
    -- =============================================================
--  models/intermediate/int_trip_revenue_metrics.sql
--
--  WHAT THIS MODEL DOES:
--  Calculates money and fare-related metrics for every trip.
--  Multiple mart models need these calculations — writing them
--  here once prevents copy-pasting the same CASE statements
--  across multiple files.
--
--  New columns added:
--    tip_percentage    → tip as a % of the base fare
--    revenue_per_mile  → total amount ÷ trip distance
--    revenue_per_min   → total amount ÷ trip duration
--    payment_label     → "Credit Card" instead of the number 1
--    tip_tier          → "No Tip", "Low", "Medium", "High"
--    fare_bucket       → fare grouped into $5 ranges
--
-- =============================================================

with trips as (
    -- ref() references upstream models
    -- dbt automatically figures out the order to build models
    select * from "nyc_taxi"."main_staging"."stg_yellow_taxi_trips"

),

revenue_metrics as (

    select

        -- ── All columns from staging ──────────────────────────
        *,

        -- ── Tip percentage ────────────────────────────────────
        -- How much did the passenger tip relative to the base fare?
        case
            when fare_amount > 0
            then round((tip_amount / fare_amount) * 100, 2)
            else 0
        end                                     as tip_percentage,

        -- ── Revenue per mile ──────────────────────────────────
        -- Useful for comparing efficiency of short vs long trips
        case
            when trip_distance > 0
            then round(total_amount / trip_distance, 2)
            else null
        end                                     as revenue_per_mile,

        -- ── Revenue per minute ────────────────────────────────
        case
            when trip_duration_minutes > 0
            then round(total_amount / trip_duration_minutes, 2)
            else null
        end                                     as revenue_per_minute,

        -- ── Payment label ─────────────────────────────────────
        -- Turns the integer code into a readable string
        case payment_type
            when 1 then 'Credit Card'
            when 2 then 'Cash'
            when 3 then 'No Charge'
            when 4 then 'Dispute'
            else        'Unknown'
        end                                     as payment_label,

        -- ── Tip tier ──────────────────────────────────────────
        -- Buckets trips by how much was tipped
        case
            when tip_amount = 0              then 'No Tip'
            when tip_amount < 2              then 'Low  (under $2)'
            when tip_amount between 2 and 5  then 'Medium ($2–$5)'
            else                                  'High (over $5)'
        end                                     as tip_tier,

        -- ── Fare bucket ───────────────────────────────────────
        -- Groups base fares into $5/$10 ranges
        case
            when fare_amount < 5             then '$0–$5'
            when fare_amount < 10            then '$5–$10'
            when fare_amount < 20            then '$10–$20'
            when fare_amount < 30            then '$20–$30'
            else                                  '$30+'
        end                                     as fare_bucket

    from trips

)

select * from revenue_metrics
  );

[0m22:02:20.038371 [debug] [Thread-4 (]: SQL status: OK in 0.001 seconds
[0m22:02:20.040584 [debug] [Thread-4 (]: Using duckdb connection "model.nyc_taxi_dbt.int_trips_with_time_features"
[0m22:02:20.040748 [debug] [Thread-4 (]: On model.nyc_taxi_dbt.int_trips_with_time_features: /* {"app": "dbt", "dbt_version": "1.11.8", "profile_name": "nyc_taxi_dbt", "target_name": "dev", "node_id": "model.nyc_taxi_dbt.int_trips_with_time_features"} */
alter view "nyc_taxi"."main_intermediate"."int_trips_with_time_features" rename to "int_trips_with_time_features__dbt_backup"
[0m22:02:20.040938 [debug] [Thread-3 (]: SQL status: OK in 0.003 seconds
[0m22:02:20.041089 [debug] [Thread-4 (]: SQL status: OK in 0.000 seconds
[0m22:02:20.042397 [debug] [Thread-3 (]: Using duckdb connection "model.nyc_taxi_dbt.int_trip_revenue_metrics"
[0m22:02:20.043609 [debug] [Thread-4 (]: Using duckdb connection "model.nyc_taxi_dbt.int_trips_with_time_features"
[0m22:02:20.043765 [debug] [Thread-3 (]: On model.nyc_taxi_dbt.int_trip_revenue_metrics: /* {"app": "dbt", "dbt_version": "1.11.8", "profile_name": "nyc_taxi_dbt", "target_name": "dev", "node_id": "model.nyc_taxi_dbt.int_trip_revenue_metrics"} */
alter view "nyc_taxi"."main_intermediate"."int_trip_revenue_metrics" rename to "int_trip_revenue_metrics__dbt_backup"
[0m22:02:20.043929 [debug] [Thread-4 (]: On model.nyc_taxi_dbt.int_trips_with_time_features: /* {"app": "dbt", "dbt_version": "1.11.8", "profile_name": "nyc_taxi_dbt", "target_name": "dev", "node_id": "model.nyc_taxi_dbt.int_trips_with_time_features"} */
alter view "nyc_taxi"."main_intermediate"."int_trips_with_time_features__dbt_tmp" rename to "int_trips_with_time_features"
[0m22:02:20.044229 [debug] [Thread-3 (]: SQL status: OK in 0.000 seconds
[0m22:02:20.044377 [debug] [Thread-4 (]: SQL status: OK in 0.000 seconds
[0m22:02:20.045567 [debug] [Thread-3 (]: Using duckdb connection "model.nyc_taxi_dbt.int_trip_revenue_metrics"
[0m22:02:20.046128 [debug] [Thread-4 (]: On model.nyc_taxi_dbt.int_trips_with_time_features: COMMIT
[0m22:02:20.046284 [debug] [Thread-3 (]: On model.nyc_taxi_dbt.int_trip_revenue_metrics: /* {"app": "dbt", "dbt_version": "1.11.8", "profile_name": "nyc_taxi_dbt", "target_name": "dev", "node_id": "model.nyc_taxi_dbt.int_trip_revenue_metrics"} */
alter view "nyc_taxi"."main_intermediate"."int_trip_revenue_metrics__dbt_tmp" rename to "int_trip_revenue_metrics"
[0m22:02:20.046441 [debug] [Thread-4 (]: Using duckdb connection "model.nyc_taxi_dbt.int_trips_with_time_features"
[0m22:02:20.046637 [debug] [Thread-4 (]: On model.nyc_taxi_dbt.int_trips_with_time_features: COMMIT
[0m22:02:20.046775 [debug] [Thread-3 (]: SQL status: OK in 0.000 seconds
[0m22:02:20.047409 [debug] [Thread-3 (]: On model.nyc_taxi_dbt.int_trip_revenue_metrics: COMMIT
[0m22:02:20.047572 [debug] [Thread-3 (]: Using duckdb connection "model.nyc_taxi_dbt.int_trip_revenue_metrics"
[0m22:02:20.047712 [debug] [Thread-4 (]: SQL status: OK in 0.001 seconds
[0m22:02:20.047840 [debug] [Thread-3 (]: On model.nyc_taxi_dbt.int_trip_revenue_metrics: COMMIT
[0m22:02:20.048911 [debug] [Thread-4 (]: Using duckdb connection "model.nyc_taxi_dbt.int_trips_with_time_features"
[0m22:02:20.049104 [debug] [Thread-4 (]: On model.nyc_taxi_dbt.int_trips_with_time_features: /* {"app": "dbt", "dbt_version": "1.11.8", "profile_name": "nyc_taxi_dbt", "target_name": "dev", "node_id": "model.nyc_taxi_dbt.int_trips_with_time_features"} */

      drop view if exists "nyc_taxi"."main_intermediate"."int_trips_with_time_features__dbt_backup" cascade
    
[0m22:02:20.049296 [debug] [Thread-3 (]: SQL status: OK in 0.000 seconds
[0m22:02:20.050371 [debug] [Thread-3 (]: Using duckdb connection "model.nyc_taxi_dbt.int_trip_revenue_metrics"
[0m22:02:20.050520 [debug] [Thread-3 (]: On model.nyc_taxi_dbt.int_trip_revenue_metrics: /* {"app": "dbt", "dbt_version": "1.11.8", "profile_name": "nyc_taxi_dbt", "target_name": "dev", "node_id": "model.nyc_taxi_dbt.int_trip_revenue_metrics"} */

      drop view if exists "nyc_taxi"."main_intermediate"."int_trip_revenue_metrics__dbt_backup" cascade
    
[0m22:02:20.050660 [debug] [Thread-4 (]: SQL status: OK in 0.001 seconds
[0m22:02:20.051232 [debug] [Thread-4 (]: On model.nyc_taxi_dbt.int_trips_with_time_features: Close
[0m22:02:20.051477 [debug] [Thread-3 (]: SQL status: OK in 0.001 seconds
[0m22:02:20.051614 [debug] [Thread-4 (]: Sending event: {'category': 'dbt', 'action': 'run_model', 'label': '26b330ba-4f5c-4a5a-9e5f-38bf552ac351', 'context': [<snowplow_tracker.self_describing_json.SelfDescribingJson object at 0x10eebbb50>]}
[0m22:02:20.052133 [debug] [Thread-3 (]: On model.nyc_taxi_dbt.int_trip_revenue_metrics: Close
[0m22:02:20.052417 [info ] [Thread-4 (]: 3 of 6 OK created sql view model main_intermediate.int_trips_with_time_features  [[32mOK[0m in 0.02s]
[0m22:02:20.052662 [debug] [Thread-3 (]: Sending event: {'category': 'dbt', 'action': 'run_model', 'label': '26b330ba-4f5c-4a5a-9e5f-38bf552ac351', 'context': [<snowplow_tracker.self_describing_json.SelfDescribingJson object at 0x10ea17b90>]}
[0m22:02:20.052870 [debug] [Thread-4 (]: Finished running node model.nyc_taxi_dbt.int_trips_with_time_features
[0m22:02:20.053119 [info ] [Thread-3 (]: 2 of 6 OK created sql view model main_intermediate.int_trip_revenue_metrics .... [[32mOK[0m in 0.02s]
[0m22:02:20.053418 [debug] [Thread-1 (]: Began running node model.nyc_taxi_dbt.mart_hourly_demand
[0m22:02:20.053612 [debug] [Thread-3 (]: Finished running node model.nyc_taxi_dbt.int_trip_revenue_metrics
[0m22:02:20.053803 [info ] [Thread-1 (]: 4 of 6 START sql table model main_marts.mart_hourly_demand ..................... [RUN]
[0m22:02:20.054077 [debug] [Thread-1 (]: Re-using an available connection from the pool (formerly model.nyc_taxi_dbt.stg_yellow_taxi_trips, now model.nyc_taxi_dbt.mart_hourly_demand)
[0m22:02:20.054241 [debug] [Thread-4 (]: Began running node model.nyc_taxi_dbt.mart_daily_trip_summary
[0m22:02:20.054392 [debug] [Thread-2 (]: Began running node model.nyc_taxi_dbt.mart_payment_analysis
[0m22:02:20.054530 [debug] [Thread-1 (]: Began compiling node model.nyc_taxi_dbt.mart_hourly_demand
[0m22:02:20.054720 [info ] [Thread-4 (]: 5 of 6 START sql table model main_marts.mart_daily_trip_summary ................ [RUN]
[0m22:02:20.054885 [info ] [Thread-2 (]: 6 of 6 START sql table model main_marts.mart_payment_analysis .................. [RUN]
[0m22:02:20.056479 [debug] [Thread-1 (]: Writing injected SQL for node "model.nyc_taxi_dbt.mart_hourly_demand"
[0m22:02:20.056670 [debug] [Thread-4 (]: Re-using an available connection from the pool (formerly model.nyc_taxi_dbt.int_trips_with_time_features, now model.nyc_taxi_dbt.mart_daily_trip_summary)
[0m22:02:20.056840 [debug] [Thread-2 (]: Re-using an available connection from the pool (formerly list_nyc_taxi_main_intermediate, now model.nyc_taxi_dbt.mart_payment_analysis)
[0m22:02:20.057038 [debug] [Thread-4 (]: Began compiling node model.nyc_taxi_dbt.mart_daily_trip_summary
[0m22:02:20.057205 [debug] [Thread-2 (]: Began compiling node model.nyc_taxi_dbt.mart_payment_analysis
[0m22:02:20.058723 [debug] [Thread-4 (]: Writing injected SQL for node "model.nyc_taxi_dbt.mart_daily_trip_summary"
[0m22:02:20.060121 [debug] [Thread-2 (]: Writing injected SQL for node "model.nyc_taxi_dbt.mart_payment_analysis"
[0m22:02:20.060275 [debug] [Thread-1 (]: Began executing node model.nyc_taxi_dbt.mart_hourly_demand
[0m22:02:20.070123 [debug] [Thread-1 (]: Writing runtime sql for node "model.nyc_taxi_dbt.mart_hourly_demand"
[0m22:02:20.070461 [debug] [Thread-2 (]: Began executing node model.nyc_taxi_dbt.mart_payment_analysis
[0m22:02:20.070638 [debug] [Thread-4 (]: Began executing node model.nyc_taxi_dbt.mart_daily_trip_summary
[0m22:02:20.072274 [debug] [Thread-2 (]: Writing runtime sql for node "model.nyc_taxi_dbt.mart_payment_analysis"
[0m22:02:20.073622 [debug] [Thread-4 (]: Writing runtime sql for node "model.nyc_taxi_dbt.mart_daily_trip_summary"
[0m22:02:20.073893 [debug] [Thread-1 (]: Using duckdb connection "model.nyc_taxi_dbt.mart_hourly_demand"
[0m22:02:20.074093 [debug] [Thread-1 (]: On model.nyc_taxi_dbt.mart_hourly_demand: BEGIN
[0m22:02:20.074260 [debug] [Thread-1 (]: Opening a new connection, currently in state closed
[0m22:02:20.074426 [debug] [Thread-2 (]: Using duckdb connection "model.nyc_taxi_dbt.mart_payment_analysis"
[0m22:02:20.074688 [debug] [Thread-4 (]: Using duckdb connection "model.nyc_taxi_dbt.mart_daily_trip_summary"
[0m22:02:20.074841 [debug] [Thread-2 (]: On model.nyc_taxi_dbt.mart_payment_analysis: BEGIN
[0m22:02:20.074992 [debug] [Thread-1 (]: SQL status: OK in 0.001 seconds
[0m22:02:20.075137 [debug] [Thread-4 (]: On model.nyc_taxi_dbt.mart_daily_trip_summary: BEGIN
[0m22:02:20.075270 [debug] [Thread-2 (]: Opening a new connection, currently in state closed
[0m22:02:20.075404 [debug] [Thread-1 (]: Using duckdb connection "model.nyc_taxi_dbt.mart_hourly_demand"
[0m22:02:20.075534 [debug] [Thread-4 (]: Opening a new connection, currently in state closed
[0m22:02:20.075789 [debug] [Thread-1 (]: On model.nyc_taxi_dbt.mart_hourly_demand: /* {"app": "dbt", "dbt_version": "1.11.8", "profile_name": "nyc_taxi_dbt", "target_name": "dev", "node_id": "model.nyc_taxi_dbt.mart_hourly_demand"} */

  
    
    

    create  table
      "nyc_taxi"."main_marts"."mart_hourly_demand__dbt_tmp"
  
    as (
      -- =============================================================
--  models/marts/mart_hourly_demand.sql
--
--  WHAT THIS MODEL DOES:
--  Answers "when and where are taxis most in demand?"
--  One row per day + hour + pickup zone combination.
--  Useful for visualizing heatmaps, rush hour patterns,
--  and which neighborhoods generate the most trips.

--  Materialized as: TABLE
-- =============================================================

with trips as (

    select * from "nyc_taxi"."main_intermediate"."int_trips_with_time_features"

),

hourly_aggregated as (

    select

        -- ── Dimensions ────────────────────────────────────────
        pickup_date,
        pickup_hour,
        day_name,
        is_weekend,
        time_of_day,            -- "Morning Rush", "Evening Rush", etc.
        pickup_location_id,

        -- ── Volume metrics ────────────────────────────────────
        count(*)                                        as total_trips,

        -- ── Trip characteristics ──────────────────────────────
        round(avg(trip_distance),          2)           as avg_distance_miles,
        round(avg(trip_duration_minutes),  1)           as avg_duration_minutes,
        round(sum(trip_distance),          2)           as total_miles_traveled

    from trips
    group by
        pickup_date,
        pickup_hour,
        day_name,
        is_weekend,
        time_of_day,
        pickup_location_id

),

with_rankings as (

    select
        *,

        -- ── Rank each hour within a given day ─────────────────
        -- rank 1 = busiest hour of that day
        rank() over (
            partition by pickup_date
            order by total_trips desc
        )                                               as hour_rank_that_day,

        -- ── Rank each pickup zone for each hour ───────────────
        -- rank 1 = busiest zone during that hour
        rank() over (
            partition by pickup_date, pickup_hour
            order by total_trips desc
        )                                               as zone_rank_that_hour

    from hourly_aggregated

)

select * from with_rankings
order by pickup_date, pickup_hour, total_trips desc
    );
  
  
[0m22:02:20.076002 [debug] [Thread-2 (]: SQL status: OK in 0.001 seconds
[0m22:02:20.076302 [debug] [Thread-4 (]: SQL status: OK in 0.001 seconds
[0m22:02:20.076443 [debug] [Thread-2 (]: Using duckdb connection "model.nyc_taxi_dbt.mart_payment_analysis"
[0m22:02:20.076587 [debug] [Thread-4 (]: Using duckdb connection "model.nyc_taxi_dbt.mart_daily_trip_summary"
[0m22:02:20.076806 [debug] [Thread-2 (]: On model.nyc_taxi_dbt.mart_payment_analysis: /* {"app": "dbt", "dbt_version": "1.11.8", "profile_name": "nyc_taxi_dbt", "target_name": "dev", "node_id": "model.nyc_taxi_dbt.mart_payment_analysis"} */

  
    
    

    create  table
      "nyc_taxi"."main_marts"."mart_payment_analysis__dbt_tmp"
  
    as (
      -- =============================================================
--  models/marts/mart_payment_analysis.sql
--
--  WHAT THIS MODEL DOES:
--  Analyzes tipping behavior broken down by payment method
--  and fare size. This is an insight-rich mart that answers
--  real business questions:
--    - "Do credit card users always tip more than cash users?"
--    - "At what fare amount do tips start dropping off?"
--    - "What % of trips receive no tip at all?"
--    - "Which fare bucket is most profitable per mile?"
--
--  One row per combination of: payment method + fare bucket + tip tier
--
--  Materialized as: TABLE
-- =============================================================

with revenue as (

    select * from "nyc_taxi"."main_intermediate"."int_trip_revenue_metrics"

),

-- Aggregate by payment type, fare range, and tip behavior
payment_summary as (

    select

        -- ── Dimensions ────────────────────────────────────────
        payment_label,          -- "Credit Card", "Cash", etc.
        fare_bucket,            -- "$5–$10", "$10–$20", etc.
        tip_tier,               -- "No Tip", "Low", "Medium", "High"

        -- ── Volume ────────────────────────────────────────────
        count(*)                                            as total_trips,

        -- ── Tip metrics ───────────────────────────────────────
        round(avg(tip_percentage),  2)                      as avg_tip_pct,
        round(avg(tip_amount),      2)                      as avg_tip_dollars,
        round(min(tip_amount),      2)                      as min_tip,
        round(max(tip_amount),      2)                      as max_tip,

        -- ── Fare metrics ──────────────────────────────────────
        round(avg(fare_amount),     2)                      as avg_fare,
        round(avg(total_amount),    2)                      as avg_total_charged,

        -- ── Efficiency metrics ────────────────────────────────
        round(avg(revenue_per_mile),    2)                  as avg_revenue_per_mile,
        round(avg(revenue_per_minute),  2)                  as avg_revenue_per_minute,

        -- ── No-tip rate ───────────────────────────────────────
        -- What % of trips in this group received zero tip?
        round(
            sum(case when tip_amount = 0 then 1 else 0 end) * 100.0
            / nullif(count(*), 0),
        2)                                                  as pct_trips_no_tip

    from revenue
    group by
        payment_label,
        fare_bucket,
        tip_tier

)

select * from payment_summary
order by
    payment_label,
    fare_bucket,
    tip_tier
    );
  
  
[0m22:02:20.077106 [debug] [Thread-4 (]: On model.nyc_taxi_dbt.mart_daily_trip_summary: /* {"app": "dbt", "dbt_version": "1.11.8", "profile_name": "nyc_taxi_dbt", "target_name": "dev", "node_id": "model.nyc_taxi_dbt.mart_daily_trip_summary"} */

  
    
    

    create  table
      "nyc_taxi"."main_marts"."mart_daily_trip_summary__dbt_tmp"
  
    as (
      -- =============================================================
--  models/marts/mart_daily_trip_summary.sql
--
--  WHAT THIS MODEL DOES:
--  Aggregates millions of individual trip rows into one row
--  per day per payment type. This is the table a manager or
--  BI dashboard would query to answer questions like:
--    - "How much revenue did we make on January 15th?"
--    - "Do credit card users spend more than cash users?"
--    - "Which days of the week are busiest?"
--
--  Materialized as: TABLE (a real table in the database)
--  Downstream use: Tableau, Power BI, Metabase, Looker, etc.
-- =============================================================

with time_data as (

    select * from "nyc_taxi"."main_intermediate"."int_trips_with_time_features"

),

revenue_data as (

    select
        trip_id,
        payment_label,
        total_amount,
        tip_amount,
        fare_amount,
        revenue_per_mile
    from "nyc_taxi"."main_intermediate"."int_trip_revenue_metrics"

),

-- Join the two intermediate models together on trip_id
joined as (

    select
        t.trip_id,
        t.pickup_date,
        t.day_name,
        t.is_weekend,
        t.trip_distance,
        t.trip_duration_minutes,
        r.payment_label,
        r.total_amount,
        r.tip_amount,
        r.fare_amount,
        r.revenue_per_mile

    from time_data t
    inner join revenue_data r on t.trip_id = r.trip_id

),

-- Aggregate to one row per day per payment type
daily_summary as (

    select

        -- ── Dimensions (what we're grouping by) ───────────────
        pickup_date,
        day_name,
        is_weekend,
        payment_label,

        -- ── Trip volume ───────────────────────────────────────
        count(*)                                        as total_trips,

        -- ── Revenue metrics ───────────────────────────────────
        round(sum(total_amount),  2)                    as total_revenue,
        round(avg(total_amount),  2)                    as avg_fare_per_trip,
        round(avg(tip_amount),    2)                    as avg_tip_amount,

        -- Overall tip rate for this day/payment group
        round(
            sum(tip_amount) / nullif(sum(fare_amount), 0) * 100,
        2)                                              as tip_rate_pct,

        -- ── Trip characteristics ──────────────────────────────
        round(avg(trip_distance),          2)           as avg_distance_miles,
        round(avg(trip_duration_minutes),  1)           as avg_duration_minutes,
        round(avg(revenue_per_mile),       2)           as avg_revenue_per_mile

    from joined
    group by
        pickup_date,
        day_name,
        is_weekend,
        payment_label

)

select * from daily_summary
order by pickup_date, payment_label
    );
  
  
[0m22:02:20.838209 [debug] [Thread-1 (]: SQL status: OK in 0.761 seconds
[0m22:02:20.846746 [debug] [Thread-1 (]: Using duckdb connection "model.nyc_taxi_dbt.mart_hourly_demand"
[0m22:02:20.847097 [debug] [Thread-1 (]: On model.nyc_taxi_dbt.mart_hourly_demand: /* {"app": "dbt", "dbt_version": "1.11.8", "profile_name": "nyc_taxi_dbt", "target_name": "dev", "node_id": "model.nyc_taxi_dbt.mart_hourly_demand"} */

    SELECT index_name
    FROM duckdb_indexes()
    WHERE schema_name = 'main_marts'
      AND table_name = 'mart_hourly_demand'
  
[0m22:02:20.847877 [debug] [Thread-1 (]: SQL status: OK in 0.001 seconds
[0m22:02:20.848654 [debug] [Thread-1 (]: Using duckdb connection "model.nyc_taxi_dbt.mart_hourly_demand"
[0m22:02:20.848852 [debug] [Thread-1 (]: On model.nyc_taxi_dbt.mart_hourly_demand: /* {"app": "dbt", "dbt_version": "1.11.8", "profile_name": "nyc_taxi_dbt", "target_name": "dev", "node_id": "model.nyc_taxi_dbt.mart_hourly_demand"} */

    SELECT COUNT(*) as remaining_indexes
    FROM duckdb_indexes()
    WHERE schema_name = 'main_marts'
      AND table_name = 'mart_hourly_demand'
  
[0m22:02:20.849347 [debug] [Thread-1 (]: SQL status: OK in 0.000 seconds
[0m22:02:20.852613 [debug] [Thread-1 (]: Using duckdb connection "model.nyc_taxi_dbt.mart_hourly_demand"
[0m22:02:20.852893 [debug] [Thread-1 (]: On model.nyc_taxi_dbt.mart_hourly_demand: /* {"app": "dbt", "dbt_version": "1.11.8", "profile_name": "nyc_taxi_dbt", "target_name": "dev", "node_id": "model.nyc_taxi_dbt.mart_hourly_demand"} */
alter table "nyc_taxi"."main_marts"."mart_hourly_demand" rename to "mart_hourly_demand__dbt_backup"
[0m22:02:20.853359 [debug] [Thread-1 (]: SQL status: OK in 0.000 seconds
[0m22:02:20.857305 [debug] [Thread-1 (]: Using duckdb connection "model.nyc_taxi_dbt.mart_hourly_demand"
[0m22:02:20.857640 [debug] [Thread-1 (]: On model.nyc_taxi_dbt.mart_hourly_demand: /* {"app": "dbt", "dbt_version": "1.11.8", "profile_name": "nyc_taxi_dbt", "target_name": "dev", "node_id": "model.nyc_taxi_dbt.mart_hourly_demand"} */
alter table "nyc_taxi"."main_marts"."mart_hourly_demand__dbt_tmp" rename to "mart_hourly_demand"
[0m22:02:20.858066 [debug] [Thread-1 (]: SQL status: OK in 0.000 seconds
[0m22:02:20.861473 [debug] [Thread-1 (]: On model.nyc_taxi_dbt.mart_hourly_demand: COMMIT
[0m22:02:20.862390 [debug] [Thread-1 (]: Using duckdb connection "model.nyc_taxi_dbt.mart_hourly_demand"
[0m22:02:20.862983 [debug] [Thread-1 (]: On model.nyc_taxi_dbt.mart_hourly_demand: COMMIT
[0m22:02:20.945072 [debug] [Thread-1 (]: SQL status: OK in 0.081 seconds
[0m22:02:20.950014 [debug] [Thread-1 (]: Using duckdb connection "model.nyc_taxi_dbt.mart_hourly_demand"
[0m22:02:20.950382 [debug] [Thread-1 (]: On model.nyc_taxi_dbt.mart_hourly_demand: /* {"app": "dbt", "dbt_version": "1.11.8", "profile_name": "nyc_taxi_dbt", "target_name": "dev", "node_id": "model.nyc_taxi_dbt.mart_hourly_demand"} */

      drop table if exists "nyc_taxi"."main_marts"."mart_hourly_demand__dbt_backup" cascade
    
[0m22:02:20.951025 [debug] [Thread-1 (]: SQL status: OK in 0.000 seconds
[0m22:02:20.952188 [debug] [Thread-1 (]: On model.nyc_taxi_dbt.mart_hourly_demand: Close
[0m22:02:20.953075 [debug] [Thread-1 (]: Sending event: {'category': 'dbt', 'action': 'run_model', 'label': '26b330ba-4f5c-4a5a-9e5f-38bf552ac351', 'context': [<snowplow_tracker.self_describing_json.SelfDescribingJson object at 0x10eeedb50>]}
[0m22:02:20.954370 [info ] [Thread-1 (]: 4 of 6 OK created sql table model main_marts.mart_hourly_demand ................ [[32mOK[0m in 0.90s]
[0m22:02:20.958094 [debug] [Thread-1 (]: Finished running node model.nyc_taxi_dbt.mart_hourly_demand
[0m22:02:21.249143 [debug] [Thread-2 (]: SQL status: OK in 1.171 seconds
[0m22:02:21.250310 [debug] [Thread-2 (]: Using duckdb connection "model.nyc_taxi_dbt.mart_payment_analysis"
[0m22:02:21.250645 [debug] [Thread-2 (]: On model.nyc_taxi_dbt.mart_payment_analysis: /* {"app": "dbt", "dbt_version": "1.11.8", "profile_name": "nyc_taxi_dbt", "target_name": "dev", "node_id": "model.nyc_taxi_dbt.mart_payment_analysis"} */

    SELECT index_name
    FROM duckdb_indexes()
    WHERE schema_name = 'main_marts'
      AND table_name = 'mart_payment_analysis'
  
[0m22:02:21.251324 [debug] [Thread-2 (]: SQL status: OK in 0.000 seconds
[0m22:02:21.252223 [debug] [Thread-2 (]: Using duckdb connection "model.nyc_taxi_dbt.mart_payment_analysis"
[0m22:02:21.252493 [debug] [Thread-2 (]: On model.nyc_taxi_dbt.mart_payment_analysis: /* {"app": "dbt", "dbt_version": "1.11.8", "profile_name": "nyc_taxi_dbt", "target_name": "dev", "node_id": "model.nyc_taxi_dbt.mart_payment_analysis"} */

    SELECT COUNT(*) as remaining_indexes
    FROM duckdb_indexes()
    WHERE schema_name = 'main_marts'
      AND table_name = 'mart_payment_analysis'
  
[0m22:02:21.253154 [debug] [Thread-2 (]: SQL status: OK in 0.000 seconds
[0m22:02:21.255541 [debug] [Thread-2 (]: Using duckdb connection "model.nyc_taxi_dbt.mart_payment_analysis"
[0m22:02:21.255873 [debug] [Thread-2 (]: On model.nyc_taxi_dbt.mart_payment_analysis: /* {"app": "dbt", "dbt_version": "1.11.8", "profile_name": "nyc_taxi_dbt", "target_name": "dev", "node_id": "model.nyc_taxi_dbt.mart_payment_analysis"} */
alter table "nyc_taxi"."main_marts"."mart_payment_analysis" rename to "mart_payment_analysis__dbt_backup"
[0m22:02:21.256372 [debug] [Thread-2 (]: SQL status: OK in 0.000 seconds
[0m22:02:21.260798 [debug] [Thread-2 (]: Using duckdb connection "model.nyc_taxi_dbt.mart_payment_analysis"
[0m22:02:21.261254 [debug] [Thread-2 (]: On model.nyc_taxi_dbt.mart_payment_analysis: /* {"app": "dbt", "dbt_version": "1.11.8", "profile_name": "nyc_taxi_dbt", "target_name": "dev", "node_id": "model.nyc_taxi_dbt.mart_payment_analysis"} */
alter table "nyc_taxi"."main_marts"."mart_payment_analysis__dbt_tmp" rename to "mart_payment_analysis"
[0m22:02:21.261793 [debug] [Thread-2 (]: SQL status: OK in 0.000 seconds
[0m22:02:21.262892 [debug] [Thread-2 (]: On model.nyc_taxi_dbt.mart_payment_analysis: COMMIT
[0m22:02:21.263184 [debug] [Thread-2 (]: Using duckdb connection "model.nyc_taxi_dbt.mart_payment_analysis"
[0m22:02:21.263337 [debug] [Thread-2 (]: On model.nyc_taxi_dbt.mart_payment_analysis: COMMIT
[0m22:02:21.264192 [debug] [Thread-2 (]: SQL status: OK in 0.001 seconds
[0m22:02:21.266228 [debug] [Thread-2 (]: Using duckdb connection "model.nyc_taxi_dbt.mart_payment_analysis"
[0m22:02:21.266578 [debug] [Thread-2 (]: On model.nyc_taxi_dbt.mart_payment_analysis: /* {"app": "dbt", "dbt_version": "1.11.8", "profile_name": "nyc_taxi_dbt", "target_name": "dev", "node_id": "model.nyc_taxi_dbt.mart_payment_analysis"} */

      drop table if exists "nyc_taxi"."main_marts"."mart_payment_analysis__dbt_backup" cascade
    
[0m22:02:21.267357 [debug] [Thread-2 (]: SQL status: OK in 0.001 seconds
[0m22:02:21.268449 [debug] [Thread-2 (]: On model.nyc_taxi_dbt.mart_payment_analysis: Close
[0m22:02:21.268985 [debug] [Thread-2 (]: Sending event: {'category': 'dbt', 'action': 'run_model', 'label': '26b330ba-4f5c-4a5a-9e5f-38bf552ac351', 'context': [<snowplow_tracker.self_describing_json.SelfDescribingJson object at 0x10eec2b10>]}
[0m22:02:21.269471 [info ] [Thread-2 (]: 6 of 6 OK created sql table model main_marts.mart_payment_analysis ............. [[32mOK[0m in 1.21s]
[0m22:02:21.269837 [debug] [Thread-2 (]: Finished running node model.nyc_taxi_dbt.mart_payment_analysis
[0m22:02:21.618811 [debug] [Thread-4 (]: SQL status: OK in 1.541 seconds
[0m22:02:21.620048 [debug] [Thread-4 (]: Using duckdb connection "model.nyc_taxi_dbt.mart_daily_trip_summary"
[0m22:02:21.620232 [debug] [Thread-4 (]: On model.nyc_taxi_dbt.mart_daily_trip_summary: /* {"app": "dbt", "dbt_version": "1.11.8", "profile_name": "nyc_taxi_dbt", "target_name": "dev", "node_id": "model.nyc_taxi_dbt.mart_daily_trip_summary"} */

    SELECT index_name
    FROM duckdb_indexes()
    WHERE schema_name = 'main_marts'
      AND table_name = 'mart_daily_trip_summary'
  
[0m22:02:21.620737 [debug] [Thread-4 (]: SQL status: OK in 0.000 seconds
[0m22:02:21.622804 [debug] [Thread-4 (]: Using duckdb connection "model.nyc_taxi_dbt.mart_daily_trip_summary"
[0m22:02:21.622982 [debug] [Thread-4 (]: On model.nyc_taxi_dbt.mart_daily_trip_summary: /* {"app": "dbt", "dbt_version": "1.11.8", "profile_name": "nyc_taxi_dbt", "target_name": "dev", "node_id": "model.nyc_taxi_dbt.mart_daily_trip_summary"} */

    SELECT COUNT(*) as remaining_indexes
    FROM duckdb_indexes()
    WHERE schema_name = 'main_marts'
      AND table_name = 'mart_daily_trip_summary'
  
[0m22:02:21.623406 [debug] [Thread-4 (]: SQL status: OK in 0.000 seconds
[0m22:02:21.625526 [debug] [Thread-4 (]: Using duckdb connection "model.nyc_taxi_dbt.mart_daily_trip_summary"
[0m22:02:21.625739 [debug] [Thread-4 (]: On model.nyc_taxi_dbt.mart_daily_trip_summary: /* {"app": "dbt", "dbt_version": "1.11.8", "profile_name": "nyc_taxi_dbt", "target_name": "dev", "node_id": "model.nyc_taxi_dbt.mart_daily_trip_summary"} */
alter table "nyc_taxi"."main_marts"."mart_daily_trip_summary" rename to "mart_daily_trip_summary__dbt_backup"
[0m22:02:21.626105 [debug] [Thread-4 (]: SQL status: OK in 0.000 seconds
[0m22:02:21.627581 [debug] [Thread-4 (]: Using duckdb connection "model.nyc_taxi_dbt.mart_daily_trip_summary"
[0m22:02:21.627778 [debug] [Thread-4 (]: On model.nyc_taxi_dbt.mart_daily_trip_summary: /* {"app": "dbt", "dbt_version": "1.11.8", "profile_name": "nyc_taxi_dbt", "target_name": "dev", "node_id": "model.nyc_taxi_dbt.mart_daily_trip_summary"} */
alter table "nyc_taxi"."main_marts"."mart_daily_trip_summary__dbt_tmp" rename to "mart_daily_trip_summary"
[0m22:02:21.628067 [debug] [Thread-4 (]: SQL status: OK in 0.000 seconds
[0m22:02:21.628794 [debug] [Thread-4 (]: On model.nyc_taxi_dbt.mart_daily_trip_summary: COMMIT
[0m22:02:21.628951 [debug] [Thread-4 (]: Using duckdb connection "model.nyc_taxi_dbt.mart_daily_trip_summary"
[0m22:02:21.629089 [debug] [Thread-4 (]: On model.nyc_taxi_dbt.mart_daily_trip_summary: COMMIT
[0m22:02:21.629912 [debug] [Thread-4 (]: SQL status: OK in 0.001 seconds
[0m22:02:21.631170 [debug] [Thread-4 (]: Using duckdb connection "model.nyc_taxi_dbt.mart_daily_trip_summary"
[0m22:02:21.631347 [debug] [Thread-4 (]: On model.nyc_taxi_dbt.mart_daily_trip_summary: /* {"app": "dbt", "dbt_version": "1.11.8", "profile_name": "nyc_taxi_dbt", "target_name": "dev", "node_id": "model.nyc_taxi_dbt.mart_daily_trip_summary"} */

      drop table if exists "nyc_taxi"."main_marts"."mart_daily_trip_summary__dbt_backup" cascade
    
[0m22:02:21.631749 [debug] [Thread-4 (]: SQL status: OK in 0.000 seconds
[0m22:02:21.632334 [debug] [Thread-4 (]: On model.nyc_taxi_dbt.mart_daily_trip_summary: Close
[0m22:02:21.632617 [debug] [Thread-4 (]: Sending event: {'category': 'dbt', 'action': 'run_model', 'label': '26b330ba-4f5c-4a5a-9e5f-38bf552ac351', 'context': [<snowplow_tracker.self_describing_json.SelfDescribingJson object at 0x10f81a950>]}
[0m22:02:21.632908 [info ] [Thread-4 (]: 5 of 6 OK created sql table model main_marts.mart_daily_trip_summary ........... [[32mOK[0m in 1.58s]
[0m22:02:21.633141 [debug] [Thread-4 (]: Finished running node model.nyc_taxi_dbt.mart_daily_trip_summary
[0m22:02:21.634283 [debug] [MainThread]: Using duckdb connection "master"
[0m22:02:21.634430 [debug] [MainThread]: On master: BEGIN
[0m22:02:21.634554 [debug] [MainThread]: Opening a new connection, currently in state closed
[0m22:02:21.634824 [debug] [MainThread]: SQL status: OK in 0.000 seconds
[0m22:02:21.634940 [debug] [MainThread]: On master: COMMIT
[0m22:02:21.635051 [debug] [MainThread]: Using duckdb connection "master"
[0m22:02:21.635157 [debug] [MainThread]: On master: COMMIT
[0m22:02:21.635317 [debug] [MainThread]: SQL status: OK in 0.000 seconds
[0m22:02:21.635430 [debug] [MainThread]: On master: Close
[0m22:02:21.635583 [debug] [MainThread]: Connection 'master' was properly closed.
[0m22:02:21.635691 [debug] [MainThread]: Connection 'model.nyc_taxi_dbt.mart_hourly_demand' was properly closed.
[0m22:02:21.635791 [debug] [MainThread]: Connection 'model.nyc_taxi_dbt.mart_payment_analysis' was properly closed.
[0m22:02:21.635890 [debug] [MainThread]: Connection 'model.nyc_taxi_dbt.int_trip_revenue_metrics' was properly closed.
[0m22:02:21.635987 [debug] [MainThread]: Connection 'model.nyc_taxi_dbt.mart_daily_trip_summary' was properly closed.
[0m22:02:21.636193 [info ] [MainThread]: 
[0m22:02:21.636338 [info ] [MainThread]: Finished running 3 table models, 3 view models in 0 hours 0 minutes and 1.74 seconds (1.74s).
[0m22:02:21.636967 [debug] [MainThread]: Command end result
[0m22:02:21.656363 [debug] [MainThread]: Wrote artifact WritableManifest to /Users/weimincai/BIProjects/nyc_taxi_dbt/target/manifest.json
[0m22:02:21.658773 [debug] [MainThread]: Wrote artifact SemanticManifest to /Users/weimincai/BIProjects/nyc_taxi_dbt/target/semantic_manifest.json
[0m22:02:21.662633 [debug] [MainThread]: Wrote artifact RunExecutionResult to /Users/weimincai/BIProjects/nyc_taxi_dbt/target/run_results.json
[0m22:02:21.662818 [info ] [MainThread]: 
[0m22:02:21.663013 [info ] [MainThread]: [32mCompleted successfully[0m
[0m22:02:21.663146 [info ] [MainThread]: 
[0m22:02:21.663316 [info ] [MainThread]: Done. PASS=6 WARN=0 ERROR=0 SKIP=0 NO-OP=0 TOTAL=6
[0m22:02:21.663897 [warn ] [MainThread]: [[33mWARNING[0m][DeprecationsSummary]: Deprecated functionality
Summary of encountered deprecations:
- MissingArgumentsPropertyInGenericTestDeprecation: 1 occurrence
To see all deprecation instances instead of just the first occurrence of each,
run command again with the `--show-all-deprecations` flag. You may also need to
run with `--no-partial-parse` as some deprecations are only encountered during
parsing.
[0m22:02:21.667210 [debug] [MainThread]: Resource report: {"command_name": "run", "command_success": true, "command_wall_clock_time": 2.5019248, "process_in_blocks": "0", "process_kernel_time": 1.151273, "process_mem_max_rss": "1086291968", "process_out_blocks": "0", "process_user_time": 8.710854}
[0m22:02:21.668611 [debug] [MainThread]: Command `dbt run` succeeded at 22:02:21.668226 after 2.50 seconds
[0m22:02:21.669343 [debug] [MainThread]: Sending event: {'category': 'dbt', 'action': 'invocation', 'label': 'end', 'context': [<snowplow_tracker.self_describing_json.SelfDescribingJson object at 0x10dd460d0>, <snowplow_tracker.self_describing_json.SelfDescribingJson object at 0x10f8244d0>, <snowplow_tracker.self_describing_json.SelfDescribingJson object at 0x105983a90>]}
[0m22:02:21.669546 [debug] [MainThread]: Flushing usage events
[0m22:02:21.883623 [debug] [MainThread]: An error was encountered while trying to flush usage events
[0m22:02:44.571000 [debug] [MainThread]: Sending event: {'category': 'dbt', 'action': 'invocation', 'label': 'start', 'context': [<snowplow_tracker.self_describing_json.SelfDescribingJson object at 0x10a0966d0>, <snowplow_tracker.self_describing_json.SelfDescribingJson object at 0x10a167c90>, <snowplow_tracker.self_describing_json.SelfDescribingJson object at 0x10a15a790>]}


============================== 22:02:44.573730 | 12738bf3-0c0a-404e-891b-2015748fbd91 ==============================
[0m22:02:44.573730 [info ] [MainThread]: Running with dbt=1.11.8
[0m22:02:44.574049 [debug] [MainThread]: running dbt with arguments {'no_print': 'None', 'write_json': 'True', 'log_path': '/Users/weimincai/BIProjects/nyc_taxi_dbt/logs', 'empty': 'False', 'fail_fast': 'False', 'static_parser': 'True', 'send_anonymous_usage_stats': 'True', 'indirect_selection': 'eager', 'version_check': 'True', 'introspect': 'True', 'partial_parse': 'False', 'use_colors': 'True', 'debug': 'False', 'quiet': 'False', 'cache_selected_only': 'False', 'invocation_command': 'dbt run --no-partial-parse', 'use_experimental_parser': 'False', 'warn_error': 'None', 'profiles_dir': '/Users/weimincai/.dbt', 'log_cache_events': 'False', 'warn_error_options': 'WarnErrorOptionsV2(error=[], warn=[], silence=[])', 'printer_width': '80', 'target_path': 'None', 'log_format': 'default'}
[0m22:02:44.747387 [debug] [MainThread]: Sending event: {'category': 'dbt', 'action': 'project_id', 'label': '12738bf3-0c0a-404e-891b-2015748fbd91', 'context': [<snowplow_tracker.self_describing_json.SelfDescribingJson object at 0x10a19a690>]}
[0m22:02:44.774785 [debug] [MainThread]: Sending event: {'category': 'dbt', 'action': 'adapter_info', 'label': '12738bf3-0c0a-404e-891b-2015748fbd91', 'context': [<snowplow_tracker.self_describing_json.SelfDescribingJson object at 0x1072ea890>]}
[0m22:02:44.776750 [info ] [MainThread]: Registered adapter: duckdb=1.10.1
[0m22:02:44.842778 [debug] [MainThread]: checksum: 7d524ac048c2100769df89d592e662e060a73ca564e31bd9c2a37efdfe8d8ab6, vars: {}, profile: , target: , version: 1.11.8
[0m22:02:44.843241 [debug] [MainThread]: Partial parsing not enabled
[0m22:02:45.503531 [warn ] [MainThread]: [[33mWARNING[0m][MissingArgumentsPropertyInGenericTestDeprecation]: Deprecated
functionality
Found top-level arguments to test `accepted_values` defined on
'stg_yellow_taxi_trips' in package 'nyc_taxi_dbt'
(models/staging/stg_yellow_taxi_trips.yml). Arguments to generic tests should be
nested under the `arguments` property.
[0m22:02:45.503848 [debug] [MainThread]: Sending event: {'category': 'dbt', 'action': 'deprecation', 'label': '12738bf3-0c0a-404e-891b-2015748fbd91', 'property_': 'warn', 'context': [<snowplow_tracker.self_describing_json.SelfDescribingJson object at 0x10a697610>]}
[0m22:02:45.564748 [debug] [MainThread]: Sending event: {'category': 'dbt', 'action': 'load_project', 'label': '12738bf3-0c0a-404e-891b-2015748fbd91', 'context': [<snowplow_tracker.self_describing_json.SelfDescribingJson object at 0x10aaae190>]}
[0m22:02:45.608745 [debug] [MainThread]: Wrote artifact WritableManifest to /Users/weimincai/BIProjects/nyc_taxi_dbt/target/manifest.json
[0m22:02:45.609904 [debug] [MainThread]: Wrote artifact SemanticManifest to /Users/weimincai/BIProjects/nyc_taxi_dbt/target/semantic_manifest.json
[0m22:02:45.616542 [debug] [MainThread]: Sending event: {'category': 'dbt', 'action': 'resource_counts', 'label': '12738bf3-0c0a-404e-891b-2015748fbd91', 'context': [<snowplow_tracker.self_describing_json.SelfDescribingJson object at 0x10aa29850>]}
[0m22:02:45.616789 [info ] [MainThread]: Found 6 models, 10 data tests, 1 source, 591 macros
[0m22:02:45.616945 [debug] [MainThread]: Sending event: {'category': 'dbt', 'action': 'runnable_timing', 'label': '12738bf3-0c0a-404e-891b-2015748fbd91', 'context': [<snowplow_tracker.self_describing_json.SelfDescribingJson object at 0x10a326c90>]}
[0m22:02:45.617869 [info ] [MainThread]: 
[0m22:02:45.618023 [info ] [MainThread]: Concurrency: 4 threads (target='dev')
[0m22:02:45.618141 [info ] [MainThread]: 
[0m22:02:45.618351 [debug] [MainThread]: Acquiring new duckdb connection 'master'
[0m22:02:45.620505 [debug] [ThreadPool]: Acquiring new duckdb connection 'list_nyc_taxi'
[0m22:02:45.620760 [debug] [ThreadPool]: Acquiring new duckdb connection 'list_nyc_taxi'
[0m22:02:45.621000 [debug] [ThreadPool]: Acquiring new duckdb connection 'list_nyc_taxi'
[0m22:02:45.652980 [debug] [ThreadPool]: Using duckdb connection "list_nyc_taxi"
[0m22:02:45.653167 [debug] [ThreadPool]: Using duckdb connection "list_nyc_taxi"
[0m22:02:45.653325 [debug] [ThreadPool]: Using duckdb connection "list_nyc_taxi"
[0m22:02:45.654743 [debug] [ThreadPool]: On list_nyc_taxi: /* {"app": "dbt", "dbt_version": "1.11.8", "profile_name": "nyc_taxi_dbt", "target_name": "dev", "connection_name": "list_nyc_taxi"} */

    
    select schema_name
    from system.information_schema.schemata
    
    where lower(catalog_name) = '"nyc_taxi"'
    
  
  
[0m22:02:45.654899 [debug] [ThreadPool]: On list_nyc_taxi: /* {"app": "dbt", "dbt_version": "1.11.8", "profile_name": "nyc_taxi_dbt", "target_name": "dev", "connection_name": "list_nyc_taxi"} */

    
    select schema_name
    from system.information_schema.schemata
    
    where lower(catalog_name) = '"nyc_taxi"'
    
  
  
[0m22:02:45.655052 [debug] [ThreadPool]: On list_nyc_taxi: /* {"app": "dbt", "dbt_version": "1.11.8", "profile_name": "nyc_taxi_dbt", "target_name": "dev", "connection_name": "list_nyc_taxi"} */

    
    select schema_name
    from system.information_schema.schemata
    
    where lower(catalog_name) = '"nyc_taxi"'
    
  
  
[0m22:02:45.655180 [debug] [ThreadPool]: Opening a new connection, currently in state init
[0m22:02:45.655298 [debug] [ThreadPool]: Opening a new connection, currently in state init
[0m22:02:45.655408 [debug] [ThreadPool]: Opening a new connection, currently in state init
[0m22:02:45.672270 [debug] [ThreadPool]: SQL status: OK in 0.017 seconds
[0m22:02:45.672461 [debug] [ThreadPool]: SQL status: OK in 0.017 seconds
[0m22:02:45.672582 [debug] [ThreadPool]: SQL status: OK in 0.017 seconds
[0m22:02:45.673210 [debug] [ThreadPool]: On list_nyc_taxi: Close
[0m22:02:45.673677 [debug] [ThreadPool]: On list_nyc_taxi: Close
[0m22:02:45.674132 [debug] [ThreadPool]: On list_nyc_taxi: Close
[0m22:02:45.674585 [debug] [ThreadPool]: Re-using an available connection from the pool (formerly list_nyc_taxi, now create_nyc_taxi_main_intermediate)
[0m22:02:45.674736 [debug] [ThreadPool]: Re-using an available connection from the pool (formerly list_nyc_taxi, now create_nyc_taxi_main_staging)
[0m22:02:45.674880 [debug] [ThreadPool]: Re-using an available connection from the pool (formerly list_nyc_taxi, now create_nyc_taxi_main_marts)
[0m22:02:45.675072 [debug] [ThreadPool]: Creating schema "database: "nyc_taxi"
schema: "main_intermediate"
"
[0m22:02:45.675242 [debug] [ThreadPool]: Creating schema "database: "nyc_taxi"
schema: "main_staging"
"
[0m22:02:45.675402 [debug] [ThreadPool]: Creating schema "database: "nyc_taxi"
schema: "main_marts"
"
[0m22:02:45.678777 [debug] [ThreadPool]: Using duckdb connection "create_nyc_taxi_main_intermediate"
[0m22:02:45.679802 [debug] [ThreadPool]: Using duckdb connection "create_nyc_taxi_main_staging"
[0m22:02:45.680715 [debug] [ThreadPool]: Using duckdb connection "create_nyc_taxi_main_marts"
[0m22:02:45.680860 [debug] [ThreadPool]: On create_nyc_taxi_main_intermediate: /* {"app": "dbt", "dbt_version": "1.11.8", "profile_name": "nyc_taxi_dbt", "target_name": "dev", "connection_name": "create_nyc_taxi_main_intermediate"} */

    
        select type from duckdb_databases()
        where lower(database_name)='nyc_taxi'
        and type='sqlite'
    
  
[0m22:02:45.681002 [debug] [ThreadPool]: On create_nyc_taxi_main_staging: /* {"app": "dbt", "dbt_version": "1.11.8", "profile_name": "nyc_taxi_dbt", "target_name": "dev", "connection_name": "create_nyc_taxi_main_staging"} */

    
        select type from duckdb_databases()
        where lower(database_name)='nyc_taxi'
        and type='sqlite'
    
  
[0m22:02:45.681135 [debug] [ThreadPool]: On create_nyc_taxi_main_marts: /* {"app": "dbt", "dbt_version": "1.11.8", "profile_name": "nyc_taxi_dbt", "target_name": "dev", "connection_name": "create_nyc_taxi_main_marts"} */

    
        select type from duckdb_databases()
        where lower(database_name)='nyc_taxi'
        and type='sqlite'
    
  
[0m22:02:45.681254 [debug] [ThreadPool]: Opening a new connection, currently in state closed
[0m22:02:45.681431 [debug] [ThreadPool]: Opening a new connection, currently in state closed
[0m22:02:45.681547 [debug] [ThreadPool]: Opening a new connection, currently in state closed
[0m22:02:45.682238 [debug] [ThreadPool]: SQL status: OK in 0.001 seconds
[0m22:02:45.682402 [debug] [ThreadPool]: SQL status: OK in 0.001 seconds
[0m22:02:45.682522 [debug] [ThreadPool]: SQL status: OK in 0.001 seconds
[0m22:02:45.683314 [debug] [ThreadPool]: Using duckdb connection "create_nyc_taxi_main_staging"
[0m22:02:45.683828 [debug] [ThreadPool]: Using duckdb connection "create_nyc_taxi_main_intermediate"
[0m22:02:45.683944 [debug] [ThreadPool]: On create_nyc_taxi_main_staging: BEGIN
[0m22:02:45.684386 [debug] [ThreadPool]: Using duckdb connection "create_nyc_taxi_main_marts"
[0m22:02:45.684519 [debug] [ThreadPool]: On create_nyc_taxi_main_intermediate: BEGIN
[0m22:02:45.684693 [debug] [ThreadPool]: On create_nyc_taxi_main_marts: BEGIN
[0m22:02:45.684817 [debug] [ThreadPool]: SQL status: OK in 0.000 seconds
[0m22:02:45.685009 [debug] [ThreadPool]: SQL status: OK in 0.000 seconds
[0m22:02:45.685117 [debug] [ThreadPool]: Using duckdb connection "create_nyc_taxi_main_staging"
[0m22:02:45.685223 [debug] [ThreadPool]: SQL status: OK in 0.000 seconds
[0m22:02:45.685333 [debug] [ThreadPool]: Using duckdb connection "create_nyc_taxi_main_intermediate"
[0m22:02:45.685462 [debug] [ThreadPool]: On create_nyc_taxi_main_staging: /* {"app": "dbt", "dbt_version": "1.11.8", "profile_name": "nyc_taxi_dbt", "target_name": "dev", "connection_name": "create_nyc_taxi_main_staging"} */

    
    
        create schema if not exists "nyc_taxi"."main_staging"
    
[0m22:02:45.685576 [debug] [ThreadPool]: Using duckdb connection "create_nyc_taxi_main_marts"
[0m22:02:45.685692 [debug] [ThreadPool]: On create_nyc_taxi_main_intermediate: /* {"app": "dbt", "dbt_version": "1.11.8", "profile_name": "nyc_taxi_dbt", "target_name": "dev", "connection_name": "create_nyc_taxi_main_intermediate"} */

    
    
        create schema if not exists "nyc_taxi"."main_intermediate"
    
[0m22:02:45.685856 [debug] [ThreadPool]: On create_nyc_taxi_main_marts: /* {"app": "dbt", "dbt_version": "1.11.8", "profile_name": "nyc_taxi_dbt", "target_name": "dev", "connection_name": "create_nyc_taxi_main_marts"} */

    
    
        create schema if not exists "nyc_taxi"."main_marts"
    
[0m22:02:45.685975 [debug] [ThreadPool]: SQL status: OK in 0.000 seconds
[0m22:02:45.686149 [debug] [ThreadPool]: SQL status: OK in 0.000 seconds
[0m22:02:45.686500 [debug] [ThreadPool]: On create_nyc_taxi_main_staging: COMMIT
[0m22:02:45.686609 [debug] [ThreadPool]: SQL status: OK in 0.000 seconds
[0m22:02:45.686927 [debug] [ThreadPool]: On create_nyc_taxi_main_intermediate: COMMIT
[0m22:02:45.687055 [debug] [ThreadPool]: Using duckdb connection "create_nyc_taxi_main_staging"
[0m22:02:45.687358 [debug] [ThreadPool]: On create_nyc_taxi_main_marts: COMMIT
[0m22:02:45.687475 [debug] [ThreadPool]: Using duckdb connection "create_nyc_taxi_main_intermediate"
[0m22:02:45.687584 [debug] [ThreadPool]: On create_nyc_taxi_main_staging: COMMIT
[0m22:02:45.687693 [debug] [ThreadPool]: Using duckdb connection "create_nyc_taxi_main_marts"
[0m22:02:45.687798 [debug] [ThreadPool]: On create_nyc_taxi_main_intermediate: COMMIT
[0m22:02:45.687940 [debug] [ThreadPool]: On create_nyc_taxi_main_marts: COMMIT
[0m22:02:45.688053 [debug] [ThreadPool]: SQL status: OK in 0.000 seconds
[0m22:02:45.688234 [debug] [ThreadPool]: On create_nyc_taxi_main_staging: Close
[0m22:02:45.688354 [debug] [ThreadPool]: SQL status: OK in 0.000 seconds
[0m22:02:45.688481 [debug] [ThreadPool]: SQL status: OK in 0.000 seconds
[0m22:02:45.688723 [debug] [ThreadPool]: On create_nyc_taxi_main_intermediate: Close
[0m22:02:45.688847 [debug] [ThreadPool]: On create_nyc_taxi_main_marts: Close
[0m22:02:45.689544 [debug] [ThreadPool]: Re-using an available connection from the pool (formerly create_nyc_taxi_main_staging, now list_nyc_taxi_main_intermediate)
[0m22:02:45.689723 [debug] [ThreadPool]: Re-using an available connection from the pool (formerly create_nyc_taxi_main_intermediate, now list_nyc_taxi_main_staging)
[0m22:02:45.689881 [debug] [ThreadPool]: Re-using an available connection from the pool (formerly create_nyc_taxi_main_marts, now list_nyc_taxi_main_marts)
[0m22:02:45.692453 [debug] [ThreadPool]: Using duckdb connection "list_nyc_taxi_main_intermediate"
[0m22:02:45.693389 [debug] [ThreadPool]: Using duckdb connection "list_nyc_taxi_main_staging"
[0m22:02:45.694194 [debug] [ThreadPool]: Using duckdb connection "list_nyc_taxi_main_marts"
[0m22:02:45.694316 [debug] [ThreadPool]: On list_nyc_taxi_main_intermediate: BEGIN
[0m22:02:45.694429 [debug] [ThreadPool]: On list_nyc_taxi_main_staging: BEGIN
[0m22:02:45.694538 [debug] [ThreadPool]: On list_nyc_taxi_main_marts: BEGIN
[0m22:02:45.694643 [debug] [ThreadPool]: Opening a new connection, currently in state closed
[0m22:02:45.694749 [debug] [ThreadPool]: Opening a new connection, currently in state closed
[0m22:02:45.694849 [debug] [ThreadPool]: Opening a new connection, currently in state closed
[0m22:02:45.695143 [debug] [ThreadPool]: SQL status: OK in 0.000 seconds
[0m22:02:45.695370 [debug] [ThreadPool]: SQL status: OK in 0.001 seconds
[0m22:02:45.695487 [debug] [ThreadPool]: Using duckdb connection "list_nyc_taxi_main_intermediate"
[0m22:02:45.695589 [debug] [ThreadPool]: SQL status: OK in 0.001 seconds
[0m22:02:45.695693 [debug] [ThreadPool]: Using duckdb connection "list_nyc_taxi_main_staging"
[0m22:02:45.695816 [debug] [ThreadPool]: On list_nyc_taxi_main_intermediate: /* {"app": "dbt", "dbt_version": "1.11.8", "profile_name": "nyc_taxi_dbt", "target_name": "dev", "connection_name": "list_nyc_taxi_main_intermediate"} */
select
      'nyc_taxi' as database,
      table_name as name,
      table_schema as schema,
      CASE table_type
        WHEN 'BASE TABLE' THEN 'table'
        WHEN 'VIEW' THEN 'view'
        WHEN 'LOCAL TEMPORARY' THEN 'table'
        END as type
    from system.information_schema.tables
    where lower(table_schema) = 'main_intermediate'
    and lower(table_catalog) = 'nyc_taxi'
  
[0m22:02:45.695932 [debug] [ThreadPool]: Using duckdb connection "list_nyc_taxi_main_marts"
[0m22:02:45.696050 [debug] [ThreadPool]: On list_nyc_taxi_main_staging: /* {"app": "dbt", "dbt_version": "1.11.8", "profile_name": "nyc_taxi_dbt", "target_name": "dev", "connection_name": "list_nyc_taxi_main_staging"} */
select
      'nyc_taxi' as database,
      table_name as name,
      table_schema as schema,
      CASE table_type
        WHEN 'BASE TABLE' THEN 'table'
        WHEN 'VIEW' THEN 'view'
        WHEN 'LOCAL TEMPORARY' THEN 'table'
        END as type
    from system.information_schema.tables
    where lower(table_schema) = 'main_staging'
    and lower(table_catalog) = 'nyc_taxi'
  
[0m22:02:45.696282 [debug] [ThreadPool]: On list_nyc_taxi_main_marts: /* {"app": "dbt", "dbt_version": "1.11.8", "profile_name": "nyc_taxi_dbt", "target_name": "dev", "connection_name": "list_nyc_taxi_main_marts"} */
select
      'nyc_taxi' as database,
      table_name as name,
      table_schema as schema,
      CASE table_type
        WHEN 'BASE TABLE' THEN 'table'
        WHEN 'VIEW' THEN 'view'
        WHEN 'LOCAL TEMPORARY' THEN 'table'
        END as type
    from system.information_schema.tables
    where lower(table_schema) = 'main_marts'
    and lower(table_catalog) = 'nyc_taxi'
  
[0m22:02:45.698438 [debug] [ThreadPool]: SQL status: OK in 0.002 seconds
[0m22:02:45.698882 [debug] [ThreadPool]: SQL status: OK in 0.002 seconds
[0m22:02:45.699448 [debug] [ThreadPool]: On list_nyc_taxi_main_staging: ROLLBACK
[0m22:02:45.700001 [debug] [ThreadPool]: On list_nyc_taxi_main_marts: ROLLBACK
[0m22:02:45.700170 [debug] [ThreadPool]: SQL status: OK in 0.004 seconds
[0m22:02:45.700675 [debug] [ThreadPool]: On list_nyc_taxi_main_intermediate: ROLLBACK
[0m22:02:45.701176 [debug] [ThreadPool]: Failed to rollback 'list_nyc_taxi_main_staging'
[0m22:02:45.701403 [debug] [ThreadPool]: Failed to rollback 'list_nyc_taxi_main_marts'
[0m22:02:45.701536 [debug] [ThreadPool]: On list_nyc_taxi_main_staging: Close
[0m22:02:45.701697 [debug] [ThreadPool]: Failed to rollback 'list_nyc_taxi_main_intermediate'
[0m22:02:45.701836 [debug] [ThreadPool]: On list_nyc_taxi_main_marts: Close
[0m22:02:45.701975 [debug] [ThreadPool]: On list_nyc_taxi_main_intermediate: Close
[0m22:02:45.702798 [debug] [MainThread]: Sending event: {'category': 'dbt', 'action': 'runnable_timing', 'label': '12738bf3-0c0a-404e-891b-2015748fbd91', 'context': [<snowplow_tracker.self_describing_json.SelfDescribingJson object at 0x10a8a5990>]}
[0m22:02:45.703016 [debug] [MainThread]: Using duckdb connection "master"
[0m22:02:45.703132 [debug] [MainThread]: On master: BEGIN
[0m22:02:45.703236 [debug] [MainThread]: Opening a new connection, currently in state init
[0m22:02:45.703432 [debug] [MainThread]: SQL status: OK in 0.000 seconds
[0m22:02:45.703545 [debug] [MainThread]: On master: COMMIT
[0m22:02:45.703655 [debug] [MainThread]: Using duckdb connection "master"
[0m22:02:45.703759 [debug] [MainThread]: On master: COMMIT
[0m22:02:45.703902 [debug] [MainThread]: SQL status: OK in 0.000 seconds
[0m22:02:45.704011 [debug] [MainThread]: On master: Close
[0m22:02:45.705262 [debug] [Thread-1 (]: Began running node model.nyc_taxi_dbt.stg_yellow_taxi_trips
[0m22:02:45.705481 [info ] [Thread-1 (]: 1 of 6 START sql view model main_staging.stg_yellow_taxi_trips ................. [RUN]
[0m22:02:45.705667 [debug] [Thread-1 (]: Re-using an available connection from the pool (formerly list_nyc_taxi_main_intermediate, now model.nyc_taxi_dbt.stg_yellow_taxi_trips)
[0m22:02:45.705818 [debug] [Thread-1 (]: Began compiling node model.nyc_taxi_dbt.stg_yellow_taxi_trips
[0m22:02:45.710363 [debug] [Thread-1 (]: Writing injected SQL for node "model.nyc_taxi_dbt.stg_yellow_taxi_trips"
[0m22:02:45.710752 [debug] [Thread-1 (]: Began executing node model.nyc_taxi_dbt.stg_yellow_taxi_trips
[0m22:02:45.724501 [debug] [Thread-1 (]: Writing runtime sql for node "model.nyc_taxi_dbt.stg_yellow_taxi_trips"
[0m22:02:45.725001 [debug] [Thread-1 (]: Using duckdb connection "model.nyc_taxi_dbt.stg_yellow_taxi_trips"
[0m22:02:45.725160 [debug] [Thread-1 (]: On model.nyc_taxi_dbt.stg_yellow_taxi_trips: BEGIN
[0m22:02:45.725296 [debug] [Thread-1 (]: Opening a new connection, currently in state closed
[0m22:02:45.725595 [debug] [Thread-1 (]: SQL status: OK in 0.000 seconds
[0m22:02:45.725730 [debug] [Thread-1 (]: Using duckdb connection "model.nyc_taxi_dbt.stg_yellow_taxi_trips"
[0m22:02:45.725982 [debug] [Thread-1 (]: On model.nyc_taxi_dbt.stg_yellow_taxi_trips: /* {"app": "dbt", "dbt_version": "1.11.8", "profile_name": "nyc_taxi_dbt", "target_name": "dev", "node_id": "model.nyc_taxi_dbt.stg_yellow_taxi_trips"} */

  
  create view "nyc_taxi"."main_staging"."stg_yellow_taxi_trips__dbt_tmp" as (
    -- =============================================================
--  models/staging/stg_yellow_taxi_trips.sql
--
--  WHAT THIS MODEL DOES:
--  This is the "cleaning station." It reads from the raw source
--  table and does four things:
--    1. Renames ugly column names to readable ones
--    2. Filters out bad/corrupt rows (impossible values)
--    3. Deduplicates rows that are exact copies in the raw data
--    4. Creates a unique ID (trip_id) for each row
--
--  WHY DEDUPLICATION IS NEEDED:
--  The NYC TLC raw data sometimes contains duplicate records
--  where the same trip is submitted twice by the vendor.
--  ROW_NUMBER() keeps exactly one copy of each duplicate group.
--
--  WHY payment_type filter is needed:
--  The raw data contains payment_type = 0 which is not in the
--  official TLC data dictionary. We filter it out here.
--
--  Every model downstream reads from THIS model — never from raw.
--  Materialized as: VIEW (no storage used, always up to date)
-- =============================================================

with source as (

    -- source()  is dbt syntax — it points to the table
    -- registered in sources.yml and tracks lineage automatically
    select * from "nyc_taxi"."raw"."yellow_taxi_trips"

),

filtered as (

    -- Apply all row-level filters BEFORE deduplication
    -- so we are only deduplicating valid rows
    select *
    from source
    where
        -- Remove rows where the trip clearly didn't happen
        trip_distance  > 0
        and fare_amount   > 0
        and total_amount  > 0

        -- Remove rows where dropoff is before pickup (data error)
        and tpep_pickup_datetime < tpep_dropoff_datetime

        -- Remove undocumented payment_type = 0 (not in TLC data dictionary)
        and payment_type in (1, 2, 3, 4, 5, 6)

        -- Keep only data from the month we loaded
        -- (Update these dates if you load a different month)
        and tpep_pickup_datetime >= '2024-01-01'
        and tpep_pickup_datetime <  '2024-02-01'

),

deduplicated as (

    -- ROW_NUMBER() assigns a number to each row within each
    -- group of identical trips. The first row gets 1, the second
    -- gets 2, etc. We then keep only row_num = 1 below.
    --
    -- PARTITION BY = "group rows by these columns"
    -- ORDER BY fare_amount DESC = "within each group, prefer the
    -- row with the higher fare" (picks the more complete record)
    select
        *,
        row_number() over (
            partition by
                VendorID,
                tpep_pickup_datetime,
                tpep_dropoff_datetime,
                PULocationID,
                DOLocationID
            order by fare_amount desc
        ) as row_num

    from filtered

),

cleaned as (

    select

        -- ── Unique trip identifier ────────────────────────────
        -- generate_surrogate_key() hashes these columns together
        -- to create a unique ID. Duplicates are already removed
        -- above so this is now guaranteed to be unique.
        md5(cast(coalesce(cast(VendorID as TEXT), '_dbt_utils_surrogate_key_null_') || '-' || coalesce(cast(tpep_pickup_datetime as TEXT), '_dbt_utils_surrogate_key_null_') || '-' || coalesce(cast(tpep_dropoff_datetime as TEXT), '_dbt_utils_surrogate_key_null_') || '-' || coalesce(cast(PULocationID as TEXT), '_dbt_utils_surrogate_key_null_') || '-' || coalesce(cast(DOLocationID as TEXT), '_dbt_utils_surrogate_key_null_') as TEXT)) as trip_id,

        -- ── Vendor ────────────────────────────────────────────
        VendorID                            as vendor_id,

        -- ── Timestamps ────────────────────────────────────────
        tpep_pickup_datetime                as pickup_at,
        tpep_dropoff_datetime               as dropoff_at,

        -- ── Trip details ──────────────────────────────────────
        passenger_count,
        trip_distance,
        RatecodeID                          as rate_code_id,
        PULocationID                        as pickup_location_id,
        DOLocationID                        as dropoff_location_id,

        -- ── Payment ───────────────────────────────────────────
        payment_type,
        fare_amount,
        extra,
        mta_tax,
        tip_amount,
        tolls_amount,
        improvement_surcharge,
        total_amount,
        congestion_surcharge,

        -- ── Derived column: trip duration in minutes ──────────
        -- date_diff is a DuckDB function
        date_diff('minute', tpep_pickup_datetime, tpep_dropoff_datetime)
            as trip_duration_minutes

    from deduplicated

    -- Keep only the first row from each duplicate group
    where row_num = 1

)

select * from cleaned
  );

[0m22:02:45.728234 [debug] [Thread-1 (]: SQL status: OK in 0.002 seconds
[0m22:02:45.731083 [debug] [Thread-1 (]: Using duckdb connection "model.nyc_taxi_dbt.stg_yellow_taxi_trips"
[0m22:02:45.731267 [debug] [Thread-1 (]: On model.nyc_taxi_dbt.stg_yellow_taxi_trips: /* {"app": "dbt", "dbt_version": "1.11.8", "profile_name": "nyc_taxi_dbt", "target_name": "dev", "node_id": "model.nyc_taxi_dbt.stg_yellow_taxi_trips"} */
alter view "nyc_taxi"."main_staging"."stg_yellow_taxi_trips" rename to "stg_yellow_taxi_trips__dbt_backup"
[0m22:02:45.731935 [debug] [Thread-1 (]: SQL status: OK in 0.001 seconds
[0m22:02:45.733271 [debug] [Thread-1 (]: Using duckdb connection "model.nyc_taxi_dbt.stg_yellow_taxi_trips"
[0m22:02:45.733426 [debug] [Thread-1 (]: On model.nyc_taxi_dbt.stg_yellow_taxi_trips: /* {"app": "dbt", "dbt_version": "1.11.8", "profile_name": "nyc_taxi_dbt", "target_name": "dev", "node_id": "model.nyc_taxi_dbt.stg_yellow_taxi_trips"} */
alter view "nyc_taxi"."main_staging"."stg_yellow_taxi_trips__dbt_tmp" rename to "stg_yellow_taxi_trips"
[0m22:02:45.733680 [debug] [Thread-1 (]: SQL status: OK in 0.000 seconds
[0m22:02:45.739429 [debug] [Thread-1 (]: On model.nyc_taxi_dbt.stg_yellow_taxi_trips: COMMIT
[0m22:02:45.739623 [debug] [Thread-1 (]: Using duckdb connection "model.nyc_taxi_dbt.stg_yellow_taxi_trips"
[0m22:02:45.739770 [debug] [Thread-1 (]: On model.nyc_taxi_dbt.stg_yellow_taxi_trips: COMMIT
[0m22:02:45.740715 [debug] [Thread-1 (]: SQL status: OK in 0.001 seconds
[0m22:02:45.743396 [debug] [Thread-1 (]: Using duckdb connection "model.nyc_taxi_dbt.stg_yellow_taxi_trips"
[0m22:02:45.743596 [debug] [Thread-1 (]: On model.nyc_taxi_dbt.stg_yellow_taxi_trips: /* {"app": "dbt", "dbt_version": "1.11.8", "profile_name": "nyc_taxi_dbt", "target_name": "dev", "node_id": "model.nyc_taxi_dbt.stg_yellow_taxi_trips"} */

      drop view if exists "nyc_taxi"."main_staging"."stg_yellow_taxi_trips__dbt_backup" cascade
    
[0m22:02:45.744030 [debug] [Thread-1 (]: SQL status: OK in 0.000 seconds
[0m22:02:45.745108 [debug] [Thread-1 (]: On model.nyc_taxi_dbt.stg_yellow_taxi_trips: Close
[0m22:02:45.746026 [debug] [Thread-1 (]: Sending event: {'category': 'dbt', 'action': 'run_model', 'label': '12738bf3-0c0a-404e-891b-2015748fbd91', 'context': [<snowplow_tracker.self_describing_json.SelfDescribingJson object at 0x10a8e8090>]}
[0m22:02:45.746312 [info ] [Thread-1 (]: 1 of 6 OK created sql view model main_staging.stg_yellow_taxi_trips ............ [[32mOK[0m in 0.04s]
[0m22:02:45.746554 [debug] [Thread-1 (]: Finished running node model.nyc_taxi_dbt.stg_yellow_taxi_trips
[0m22:02:45.746903 [debug] [Thread-3 (]: Began running node model.nyc_taxi_dbt.int_trip_revenue_metrics
[0m22:02:45.747067 [debug] [Thread-4 (]: Began running node model.nyc_taxi_dbt.int_trips_with_time_features
[0m22:02:45.747289 [info ] [Thread-3 (]: 2 of 6 START sql view model main_intermediate.int_trip_revenue_metrics ......... [RUN]
[0m22:02:45.747515 [info ] [Thread-4 (]: 3 of 6 START sql view model main_intermediate.int_trips_with_time_features ..... [RUN]
[0m22:02:45.747716 [debug] [Thread-3 (]: Re-using an available connection from the pool (formerly list_nyc_taxi_main_marts, now model.nyc_taxi_dbt.int_trip_revenue_metrics)
[0m22:02:45.748037 [debug] [Thread-4 (]: Acquiring new duckdb connection 'model.nyc_taxi_dbt.int_trips_with_time_features'
[0m22:02:45.748200 [debug] [Thread-3 (]: Began compiling node model.nyc_taxi_dbt.int_trip_revenue_metrics
[0m22:02:45.748357 [debug] [Thread-4 (]: Began compiling node model.nyc_taxi_dbt.int_trips_with_time_features
[0m22:02:45.749887 [debug] [Thread-3 (]: Writing injected SQL for node "model.nyc_taxi_dbt.int_trip_revenue_metrics"
[0m22:02:45.751251 [debug] [Thread-4 (]: Writing injected SQL for node "model.nyc_taxi_dbt.int_trips_with_time_features"
[0m22:02:45.751634 [debug] [Thread-3 (]: Began executing node model.nyc_taxi_dbt.int_trip_revenue_metrics
[0m22:02:45.751773 [debug] [Thread-4 (]: Began executing node model.nyc_taxi_dbt.int_trips_with_time_features
[0m22:02:45.753232 [debug] [Thread-3 (]: Writing runtime sql for node "model.nyc_taxi_dbt.int_trip_revenue_metrics"
[0m22:02:45.754650 [debug] [Thread-4 (]: Writing runtime sql for node "model.nyc_taxi_dbt.int_trips_with_time_features"
[0m22:02:45.755121 [debug] [Thread-3 (]: Using duckdb connection "model.nyc_taxi_dbt.int_trip_revenue_metrics"
[0m22:02:45.755279 [debug] [Thread-4 (]: Using duckdb connection "model.nyc_taxi_dbt.int_trips_with_time_features"
[0m22:02:45.755426 [debug] [Thread-3 (]: On model.nyc_taxi_dbt.int_trip_revenue_metrics: BEGIN
[0m22:02:45.755569 [debug] [Thread-4 (]: On model.nyc_taxi_dbt.int_trips_with_time_features: BEGIN
[0m22:02:45.755708 [debug] [Thread-3 (]: Opening a new connection, currently in state closed
[0m22:02:45.755839 [debug] [Thread-4 (]: Opening a new connection, currently in state init
[0m22:02:45.756154 [debug] [Thread-3 (]: SQL status: OK in 0.000 seconds
[0m22:02:45.756296 [debug] [Thread-4 (]: SQL status: OK in 0.000 seconds
[0m22:02:45.756432 [debug] [Thread-3 (]: Using duckdb connection "model.nyc_taxi_dbt.int_trip_revenue_metrics"
[0m22:02:45.756570 [debug] [Thread-4 (]: Using duckdb connection "model.nyc_taxi_dbt.int_trips_with_time_features"
[0m22:02:45.756806 [debug] [Thread-3 (]: On model.nyc_taxi_dbt.int_trip_revenue_metrics: /* {"app": "dbt", "dbt_version": "1.11.8", "profile_name": "nyc_taxi_dbt", "target_name": "dev", "node_id": "model.nyc_taxi_dbt.int_trip_revenue_metrics"} */

  
  create view "nyc_taxi"."main_intermediate"."int_trip_revenue_metrics__dbt_tmp" as (
    -- =============================================================
--  models/intermediate/int_trip_revenue_metrics.sql
--
--  WHAT THIS MODEL DOES:
--  Calculates money and fare-related metrics for every trip.
--  Multiple mart models need these calculations — writing them
--  here once prevents copy-pasting the same CASE statements
--  across multiple files.
--
--  New columns added:
--    tip_percentage    → tip as a % of the base fare
--    revenue_per_mile  → total amount ÷ trip distance
--    revenue_per_min   → total amount ÷ trip duration
--    payment_label     → "Credit Card" instead of the number 1
--    tip_tier          → "No Tip", "Low", "Medium", "High"
--    fare_bucket       → fare grouped into $5 ranges
--
-- =============================================================

with trips as (
    -- ref() references upstream models
    -- dbt automatically figures out the order to build models
    select * from "nyc_taxi"."main_staging"."stg_yellow_taxi_trips"

),

revenue_metrics as (

    select

        -- ── All columns from staging ──────────────────────────
        *,

        -- ── Tip percentage ────────────────────────────────────
        -- How much did the passenger tip relative to the base fare?
        case
            when fare_amount > 0
            then round((tip_amount / fare_amount) * 100, 2)
            else 0
        end                                     as tip_percentage,

        -- ── Revenue per mile ──────────────────────────────────
        -- Useful for comparing efficiency of short vs long trips
        case
            when trip_distance > 0
            then round(total_amount / trip_distance, 2)
            else null
        end                                     as revenue_per_mile,

        -- ── Revenue per minute ────────────────────────────────
        case
            when trip_duration_minutes > 0
            then round(total_amount / trip_duration_minutes, 2)
            else null
        end                                     as revenue_per_minute,

        -- ── Payment label ─────────────────────────────────────
        -- Turns the integer code into a readable string
        case payment_type
            when 1 then 'Credit Card'
            when 2 then 'Cash'
            when 3 then 'No Charge'
            when 4 then 'Dispute'
            else        'Unknown'
        end                                     as payment_label,

        -- ── Tip tier ──────────────────────────────────────────
        -- Buckets trips by how much was tipped
        case
            when tip_amount = 0              then 'No Tip'
            when tip_amount < 2              then 'Low  (under $2)'
            when tip_amount between 2 and 5  then 'Medium ($2–$5)'
            else                                  'High (over $5)'
        end                                     as tip_tier,

        -- ── Fare bucket ───────────────────────────────────────
        -- Groups base fares into $5/$10 ranges
        case
            when fare_amount < 5             then '$0–$5'
            when fare_amount < 10            then '$5–$10'
            when fare_amount < 20            then '$10–$20'
            when fare_amount < 30            then '$20–$30'
            else                                  '$30+'
        end                                     as fare_bucket

    from trips

)

select * from revenue_metrics
  );

[0m22:02:45.757113 [debug] [Thread-4 (]: On model.nyc_taxi_dbt.int_trips_with_time_features: /* {"app": "dbt", "dbt_version": "1.11.8", "profile_name": "nyc_taxi_dbt", "target_name": "dev", "node_id": "model.nyc_taxi_dbt.int_trips_with_time_features"} */

  
  create view "nyc_taxi"."main_intermediate"."int_trips_with_time_features__dbt_tmp" as (
    -- =============================================================
--  models/intermediate/int_trips_with_time_features.sql
--
--  WHAT THIS MODEL DOES:
--  Takes the clean staging data and adds time-based columns that
--  multiple mart models will need. Instead of repeating this logic
--  in every mart, we write it once here.
--
--  New columns added:
--    pickup_hour     → 0 to 23
--    day_of_week     → 0 (Sunday) to 6 (Saturday)
--    day_name        → "Monday", "Tuesday", etc.
--    pickup_date     → just the date, no time (e.g. 2024-01-15)
--    time_of_day     → "Morning Rush", "Evening Rush", "Midday", etc.
--    is_weekend      → true / false
--
-- =============================================================

with trips as (

    -- ref() references upstream models
    -- dbt automatically figures out the order to build models
    select * from "nyc_taxi"."main_staging"."stg_yellow_taxi_trips"

),

time_features as (

    select

        -- ── All columns from staging ──────────────────────────
        *,

        -- ── Hour of pickup (0 = midnight, 23 = 11pm) ─────────
        extract(hour from pickup_at)            as pickup_hour,

        -- ── Day of week (0 = Sunday, 6 = Saturday) ───────────
        extract(dow from pickup_at)             as day_of_week,

        -- ── Human-readable day name ───────────────────────────
        dayname(pickup_at)                      as day_name,

        -- ── Date only — useful for daily GROUP BY queries ─────
        pickup_at::date                         as pickup_date,

        -- ── Time-of-day bucket ────────────────────────────────
        -- This classifies each trip into a named period
        case
            when extract(hour from pickup_at) between 7  and 9  then 'Morning Rush'
            when extract(hour from pickup_at) between 16 and 19 then 'Evening Rush'
            when extract(hour from pickup_at) between 10 and 15 then 'Midday'
            when extract(hour from pickup_at) between 20 and 23 then 'Night'
            else                                                      'Early Morning'
        end                                     as time_of_day,

        -- ── Weekend flag ──────────────────────────────────────
        -- In DuckDB, dow: 0 = Sunday, 6 = Saturday
        case
            when extract(dow from pickup_at) in (0, 6) then true
            else false
        end                                     as is_weekend

    from trips

)

select * from time_features
  );

[0m22:02:45.758321 [debug] [Thread-4 (]: SQL status: OK in 0.001 seconds
[0m22:02:45.758478 [debug] [Thread-3 (]: SQL status: OK in 0.001 seconds
[0m22:02:45.759850 [debug] [Thread-4 (]: Using duckdb connection "model.nyc_taxi_dbt.int_trips_with_time_features"
[0m22:02:45.762075 [debug] [Thread-3 (]: Using duckdb connection "model.nyc_taxi_dbt.int_trip_revenue_metrics"
[0m22:02:45.762244 [debug] [Thread-4 (]: On model.nyc_taxi_dbt.int_trips_with_time_features: /* {"app": "dbt", "dbt_version": "1.11.8", "profile_name": "nyc_taxi_dbt", "target_name": "dev", "node_id": "model.nyc_taxi_dbt.int_trips_with_time_features"} */
alter view "nyc_taxi"."main_intermediate"."int_trips_with_time_features" rename to "int_trips_with_time_features__dbt_backup"
[0m22:02:45.762416 [debug] [Thread-3 (]: On model.nyc_taxi_dbt.int_trip_revenue_metrics: /* {"app": "dbt", "dbt_version": "1.11.8", "profile_name": "nyc_taxi_dbt", "target_name": "dev", "node_id": "model.nyc_taxi_dbt.int_trip_revenue_metrics"} */
alter view "nyc_taxi"."main_intermediate"."int_trip_revenue_metrics" rename to "int_trip_revenue_metrics__dbt_backup"
[0m22:02:45.762726 [debug] [Thread-4 (]: SQL status: OK in 0.000 seconds
[0m22:02:45.762858 [debug] [Thread-3 (]: SQL status: OK in 0.000 seconds
[0m22:02:45.764151 [debug] [Thread-4 (]: Using duckdb connection "model.nyc_taxi_dbt.int_trips_with_time_features"
[0m22:02:45.765364 [debug] [Thread-3 (]: Using duckdb connection "model.nyc_taxi_dbt.int_trip_revenue_metrics"
[0m22:02:45.765518 [debug] [Thread-4 (]: On model.nyc_taxi_dbt.int_trips_with_time_features: /* {"app": "dbt", "dbt_version": "1.11.8", "profile_name": "nyc_taxi_dbt", "target_name": "dev", "node_id": "model.nyc_taxi_dbt.int_trips_with_time_features"} */
alter view "nyc_taxi"."main_intermediate"."int_trips_with_time_features__dbt_tmp" rename to "int_trips_with_time_features"
[0m22:02:45.765682 [debug] [Thread-3 (]: On model.nyc_taxi_dbt.int_trip_revenue_metrics: /* {"app": "dbt", "dbt_version": "1.11.8", "profile_name": "nyc_taxi_dbt", "target_name": "dev", "node_id": "model.nyc_taxi_dbt.int_trip_revenue_metrics"} */
alter view "nyc_taxi"."main_intermediate"."int_trip_revenue_metrics__dbt_tmp" rename to "int_trip_revenue_metrics"
[0m22:02:45.765941 [debug] [Thread-4 (]: SQL status: OK in 0.000 seconds
[0m22:02:45.766076 [debug] [Thread-3 (]: SQL status: OK in 0.000 seconds
[0m22:02:45.766629 [debug] [Thread-4 (]: On model.nyc_taxi_dbt.int_trips_with_time_features: COMMIT
[0m22:02:45.767164 [debug] [Thread-3 (]: On model.nyc_taxi_dbt.int_trip_revenue_metrics: COMMIT
[0m22:02:45.767312 [debug] [Thread-4 (]: Using duckdb connection "model.nyc_taxi_dbt.int_trips_with_time_features"
[0m22:02:45.767463 [debug] [Thread-3 (]: Using duckdb connection "model.nyc_taxi_dbt.int_trip_revenue_metrics"
[0m22:02:45.767606 [debug] [Thread-4 (]: On model.nyc_taxi_dbt.int_trips_with_time_features: COMMIT
[0m22:02:45.767737 [debug] [Thread-3 (]: On model.nyc_taxi_dbt.int_trip_revenue_metrics: COMMIT
[0m22:02:45.768087 [debug] [Thread-4 (]: SQL status: OK in 0.000 seconds
[0m22:02:45.769248 [debug] [Thread-4 (]: Using duckdb connection "model.nyc_taxi_dbt.int_trips_with_time_features"
[0m22:02:45.769400 [debug] [Thread-4 (]: On model.nyc_taxi_dbt.int_trips_with_time_features: /* {"app": "dbt", "dbt_version": "1.11.8", "profile_name": "nyc_taxi_dbt", "target_name": "dev", "node_id": "model.nyc_taxi_dbt.int_trips_with_time_features"} */

      drop view if exists "nyc_taxi"."main_intermediate"."int_trips_with_time_features__dbt_backup" cascade
    
[0m22:02:45.769543 [debug] [Thread-3 (]: SQL status: OK in 0.002 seconds
[0m22:02:45.770666 [debug] [Thread-3 (]: Using duckdb connection "model.nyc_taxi_dbt.int_trip_revenue_metrics"
[0m22:02:45.770820 [debug] [Thread-3 (]: On model.nyc_taxi_dbt.int_trip_revenue_metrics: /* {"app": "dbt", "dbt_version": "1.11.8", "profile_name": "nyc_taxi_dbt", "target_name": "dev", "node_id": "model.nyc_taxi_dbt.int_trip_revenue_metrics"} */

      drop view if exists "nyc_taxi"."main_intermediate"."int_trip_revenue_metrics__dbt_backup" cascade
    
[0m22:02:45.771024 [debug] [Thread-4 (]: SQL status: OK in 0.001 seconds
[0m22:02:45.771559 [debug] [Thread-4 (]: On model.nyc_taxi_dbt.int_trips_with_time_features: Close
[0m22:02:45.771721 [debug] [Thread-3 (]: SQL status: OK in 0.001 seconds
[0m22:02:45.771955 [debug] [Thread-4 (]: Sending event: {'category': 'dbt', 'action': 'run_model', 'label': '12738bf3-0c0a-404e-891b-2015748fbd91', 'context': [<snowplow_tracker.self_describing_json.SelfDescribingJson object at 0x10afb6ed0>]}
[0m22:02:45.772458 [debug] [Thread-3 (]: On model.nyc_taxi_dbt.int_trip_revenue_metrics: Close
[0m22:02:45.772741 [info ] [Thread-4 (]: 3 of 6 OK created sql view model main_intermediate.int_trips_with_time_features  [[32mOK[0m in 0.02s]
[0m22:02:45.772962 [debug] [Thread-3 (]: Sending event: {'category': 'dbt', 'action': 'run_model', 'label': '12738bf3-0c0a-404e-891b-2015748fbd91', 'context': [<snowplow_tracker.self_describing_json.SelfDescribingJson object at 0x1072afa90>]}
[0m22:02:45.773189 [debug] [Thread-4 (]: Finished running node model.nyc_taxi_dbt.int_trips_with_time_features
[0m22:02:45.773429 [info ] [Thread-3 (]: 2 of 6 OK created sql view model main_intermediate.int_trip_revenue_metrics .... [[32mOK[0m in 0.03s]
[0m22:02:45.773765 [debug] [Thread-3 (]: Finished running node model.nyc_taxi_dbt.int_trip_revenue_metrics
[0m22:02:45.773906 [debug] [Thread-1 (]: Began running node model.nyc_taxi_dbt.mart_hourly_demand
[0m22:02:45.774299 [debug] [Thread-4 (]: Began running node model.nyc_taxi_dbt.mart_daily_trip_summary
[0m22:02:45.774177 [info ] [Thread-1 (]: 4 of 6 START sql table model main_marts.mart_hourly_demand ..................... [RUN]
[0m22:02:45.774469 [debug] [Thread-2 (]: Began running node model.nyc_taxi_dbt.mart_payment_analysis
[0m22:02:45.774650 [info ] [Thread-4 (]: 5 of 6 START sql table model main_marts.mart_daily_trip_summary ................ [RUN]
[0m22:02:45.774843 [debug] [Thread-1 (]: Re-using an available connection from the pool (formerly model.nyc_taxi_dbt.stg_yellow_taxi_trips, now model.nyc_taxi_dbt.mart_hourly_demand)
[0m22:02:45.775050 [info ] [Thread-2 (]: 6 of 6 START sql table model main_marts.mart_payment_analysis .................. [RUN]
[0m22:02:45.775224 [debug] [Thread-4 (]: Re-using an available connection from the pool (formerly model.nyc_taxi_dbt.int_trips_with_time_features, now model.nyc_taxi_dbt.mart_daily_trip_summary)
[0m22:02:45.775374 [debug] [Thread-1 (]: Began compiling node model.nyc_taxi_dbt.mart_hourly_demand
[0m22:02:45.775530 [debug] [Thread-2 (]: Re-using an available connection from the pool (formerly list_nyc_taxi_main_staging, now model.nyc_taxi_dbt.mart_payment_analysis)
[0m22:02:45.775673 [debug] [Thread-4 (]: Began compiling node model.nyc_taxi_dbt.mart_daily_trip_summary
[0m22:02:45.777106 [debug] [Thread-1 (]: Writing injected SQL for node "model.nyc_taxi_dbt.mart_hourly_demand"
[0m22:02:45.777270 [debug] [Thread-2 (]: Began compiling node model.nyc_taxi_dbt.mart_payment_analysis
[0m22:02:45.778814 [debug] [Thread-4 (]: Writing injected SQL for node "model.nyc_taxi_dbt.mart_daily_trip_summary"
[0m22:02:45.780191 [debug] [Thread-2 (]: Writing injected SQL for node "model.nyc_taxi_dbt.mart_payment_analysis"
[0m22:02:45.780462 [debug] [Thread-1 (]: Began executing node model.nyc_taxi_dbt.mart_hourly_demand
[0m22:02:45.780654 [debug] [Thread-4 (]: Began executing node model.nyc_taxi_dbt.mart_daily_trip_summary
[0m22:02:45.780799 [debug] [Thread-2 (]: Began executing node model.nyc_taxi_dbt.mart_payment_analysis
[0m22:02:45.789169 [debug] [Thread-1 (]: Writing runtime sql for node "model.nyc_taxi_dbt.mart_hourly_demand"
[0m22:02:45.791659 [debug] [Thread-4 (]: Writing runtime sql for node "model.nyc_taxi_dbt.mart_daily_trip_summary"
[0m22:02:45.792943 [debug] [Thread-2 (]: Writing runtime sql for node "model.nyc_taxi_dbt.mart_payment_analysis"
[0m22:02:45.793370 [debug] [Thread-4 (]: Using duckdb connection "model.nyc_taxi_dbt.mart_daily_trip_summary"
[0m22:02:45.793536 [debug] [Thread-1 (]: Using duckdb connection "model.nyc_taxi_dbt.mart_hourly_demand"
[0m22:02:45.793684 [debug] [Thread-2 (]: Using duckdb connection "model.nyc_taxi_dbt.mart_payment_analysis"
[0m22:02:45.793830 [debug] [Thread-4 (]: On model.nyc_taxi_dbt.mart_daily_trip_summary: BEGIN
[0m22:02:45.793974 [debug] [Thread-1 (]: On model.nyc_taxi_dbt.mart_hourly_demand: BEGIN
[0m22:02:45.794113 [debug] [Thread-2 (]: On model.nyc_taxi_dbt.mart_payment_analysis: BEGIN
[0m22:02:45.794248 [debug] [Thread-4 (]: Opening a new connection, currently in state closed
[0m22:02:45.794377 [debug] [Thread-1 (]: Opening a new connection, currently in state closed
[0m22:02:45.794508 [debug] [Thread-2 (]: Opening a new connection, currently in state closed
[0m22:02:45.794904 [debug] [Thread-4 (]: SQL status: OK in 0.001 seconds
[0m22:02:45.795059 [debug] [Thread-2 (]: SQL status: OK in 0.001 seconds
[0m22:02:45.795206 [debug] [Thread-1 (]: SQL status: OK in 0.001 seconds
[0m22:02:45.795330 [debug] [Thread-4 (]: Using duckdb connection "model.nyc_taxi_dbt.mart_daily_trip_summary"
[0m22:02:45.795479 [debug] [Thread-2 (]: Using duckdb connection "model.nyc_taxi_dbt.mart_payment_analysis"
[0m22:02:45.795619 [debug] [Thread-1 (]: Using duckdb connection "model.nyc_taxi_dbt.mart_hourly_demand"
[0m22:02:45.795831 [debug] [Thread-4 (]: On model.nyc_taxi_dbt.mart_daily_trip_summary: /* {"app": "dbt", "dbt_version": "1.11.8", "profile_name": "nyc_taxi_dbt", "target_name": "dev", "node_id": "model.nyc_taxi_dbt.mart_daily_trip_summary"} */

  
    
    

    create  table
      "nyc_taxi"."main_marts"."mart_daily_trip_summary__dbt_tmp"
  
    as (
      -- =============================================================
--  models/marts/mart_daily_trip_summary.sql
--
--  WHAT THIS MODEL DOES:
--  Aggregates millions of individual trip rows into one row
--  per day per payment type. This is the table a manager or
--  BI dashboard would query to answer questions like:
--    - "How much revenue did we make on January 15th?"
--    - "Do credit card users spend more than cash users?"
--    - "Which days of the week are busiest?"
--
--  Materialized as: TABLE (a real table in the database)
--  Downstream use: Tableau, Power BI, Metabase, Looker, etc.
-- =============================================================

with time_data as (

    select * from "nyc_taxi"."main_intermediate"."int_trips_with_time_features"

),

revenue_data as (

    select
        trip_id,
        payment_label,
        total_amount,
        tip_amount,
        fare_amount,
        revenue_per_mile
    from "nyc_taxi"."main_intermediate"."int_trip_revenue_metrics"

),

-- Join the two intermediate models together on trip_id
joined as (

    select
        t.trip_id,
        t.pickup_date,
        t.day_name,
        t.is_weekend,
        t.trip_distance,
        t.trip_duration_minutes,
        r.payment_label,
        r.total_amount,
        r.tip_amount,
        r.fare_amount,
        r.revenue_per_mile

    from time_data t
    inner join revenue_data r on t.trip_id = r.trip_id

),

-- Aggregate to one row per day per payment type
daily_summary as (

    select

        -- ── Dimensions (what we're grouping by) ───────────────
        pickup_date,
        day_name,
        is_weekend,
        payment_label,

        -- ── Trip volume ───────────────────────────────────────
        count(*)                                        as total_trips,

        -- ── Revenue metrics ───────────────────────────────────
        round(sum(total_amount),  2)                    as total_revenue,
        round(avg(total_amount),  2)                    as avg_fare_per_trip,
        round(avg(tip_amount),    2)                    as avg_tip_amount,

        -- Overall tip rate for this day/payment group
        round(
            sum(tip_amount) / nullif(sum(fare_amount), 0) * 100,
        2)                                              as tip_rate_pct,

        -- ── Trip characteristics ──────────────────────────────
        round(avg(trip_distance),          2)           as avg_distance_miles,
        round(avg(trip_duration_minutes),  1)           as avg_duration_minutes,
        round(avg(revenue_per_mile),       2)           as avg_revenue_per_mile

    from joined
    group by
        pickup_date,
        day_name,
        is_weekend,
        payment_label

)

select * from daily_summary
order by pickup_date, payment_label
    );
  
  
[0m22:02:45.796122 [debug] [Thread-2 (]: On model.nyc_taxi_dbt.mart_payment_analysis: /* {"app": "dbt", "dbt_version": "1.11.8", "profile_name": "nyc_taxi_dbt", "target_name": "dev", "node_id": "model.nyc_taxi_dbt.mart_payment_analysis"} */

  
    
    

    create  table
      "nyc_taxi"."main_marts"."mart_payment_analysis__dbt_tmp"
  
    as (
      -- =============================================================
--  models/marts/mart_payment_analysis.sql
--
--  WHAT THIS MODEL DOES:
--  Analyzes tipping behavior broken down by payment method
--  and fare size. This is an insight-rich mart that answers
--  real business questions:
--    - "Do credit card users always tip more than cash users?"
--    - "At what fare amount do tips start dropping off?"
--    - "What % of trips receive no tip at all?"
--    - "Which fare bucket is most profitable per mile?"
--
--  One row per combination of: payment method + fare bucket + tip tier
--
--  Materialized as: TABLE
-- =============================================================

with revenue as (

    select * from "nyc_taxi"."main_intermediate"."int_trip_revenue_metrics"

),

-- Aggregate by payment type, fare range, and tip behavior
payment_summary as (

    select

        -- ── Dimensions ────────────────────────────────────────
        payment_label,          -- "Credit Card", "Cash", etc.
        fare_bucket,            -- "$5–$10", "$10–$20", etc.
        tip_tier,               -- "No Tip", "Low", "Medium", "High"

        -- ── Volume ────────────────────────────────────────────
        count(*)                                            as total_trips,

        -- ── Tip metrics ───────────────────────────────────────
        round(avg(tip_percentage),  2)                      as avg_tip_pct,
        round(avg(tip_amount),      2)                      as avg_tip_dollars,
        round(min(tip_amount),      2)                      as min_tip,
        round(max(tip_amount),      2)                      as max_tip,

        -- ── Fare metrics ──────────────────────────────────────
        round(avg(fare_amount),     2)                      as avg_fare,
        round(avg(total_amount),    2)                      as avg_total_charged,

        -- ── Efficiency metrics ────────────────────────────────
        round(avg(revenue_per_mile),    2)                  as avg_revenue_per_mile,
        round(avg(revenue_per_minute),  2)                  as avg_revenue_per_minute,

        -- ── No-tip rate ───────────────────────────────────────
        -- What % of trips in this group received zero tip?
        round(
            sum(case when tip_amount = 0 then 1 else 0 end) * 100.0
            / nullif(count(*), 0),
        2)                                                  as pct_trips_no_tip

    from revenue
    group by
        payment_label,
        fare_bucket,
        tip_tier

)

select * from payment_summary
order by
    payment_label,
    fare_bucket,
    tip_tier
    );
  
  
[0m22:02:45.796399 [debug] [Thread-1 (]: On model.nyc_taxi_dbt.mart_hourly_demand: /* {"app": "dbt", "dbt_version": "1.11.8", "profile_name": "nyc_taxi_dbt", "target_name": "dev", "node_id": "model.nyc_taxi_dbt.mart_hourly_demand"} */

  
    
    

    create  table
      "nyc_taxi"."main_marts"."mart_hourly_demand__dbt_tmp"
  
    as (
      -- =============================================================
--  models/marts/mart_hourly_demand.sql
--
--  WHAT THIS MODEL DOES:
--  Answers "when and where are taxis most in demand?"
--  One row per day + hour + pickup zone combination.
--  Useful for visualizing heatmaps, rush hour patterns,
--  and which neighborhoods generate the most trips.

--  Materialized as: TABLE
-- =============================================================

with trips as (

    select * from "nyc_taxi"."main_intermediate"."int_trips_with_time_features"

),

hourly_aggregated as (

    select

        -- ── Dimensions ────────────────────────────────────────
        pickup_date,
        pickup_hour,
        day_name,
        is_weekend,
        time_of_day,            -- "Morning Rush", "Evening Rush", etc.
        pickup_location_id,

        -- ── Volume metrics ────────────────────────────────────
        count(*)                                        as total_trips,

        -- ── Trip characteristics ──────────────────────────────
        round(avg(trip_distance),          2)           as avg_distance_miles,
        round(avg(trip_duration_minutes),  1)           as avg_duration_minutes,
        round(sum(trip_distance),          2)           as total_miles_traveled

    from trips
    group by
        pickup_date,
        pickup_hour,
        day_name,
        is_weekend,
        time_of_day,
        pickup_location_id

),

with_rankings as (

    select
        *,

        -- ── Rank each hour within a given day ─────────────────
        -- rank 1 = busiest hour of that day
        rank() over (
            partition by pickup_date
            order by total_trips desc
        )                                               as hour_rank_that_day,

        -- ── Rank each pickup zone for each hour ───────────────
        -- rank 1 = busiest zone during that hour
        rank() over (
            partition by pickup_date, pickup_hour
            order by total_trips desc
        )                                               as zone_rank_that_hour

    from hourly_aggregated

)

select * from with_rankings
order by pickup_date, pickup_hour, total_trips desc
    );
  
  
[0m22:02:46.485102 [debug] [Thread-1 (]: SQL status: OK in 0.687 seconds
[0m22:02:46.488542 [debug] [Thread-1 (]: Using duckdb connection "model.nyc_taxi_dbt.mart_hourly_demand"
[0m22:02:46.488856 [debug] [Thread-1 (]: On model.nyc_taxi_dbt.mart_hourly_demand: /* {"app": "dbt", "dbt_version": "1.11.8", "profile_name": "nyc_taxi_dbt", "target_name": "dev", "node_id": "model.nyc_taxi_dbt.mart_hourly_demand"} */

    SELECT index_name
    FROM duckdb_indexes()
    WHERE schema_name = 'main_marts'
      AND table_name = 'mart_hourly_demand'
  
[0m22:02:46.489494 [debug] [Thread-1 (]: SQL status: OK in 0.000 seconds
[0m22:02:46.490205 [debug] [Thread-1 (]: Using duckdb connection "model.nyc_taxi_dbt.mart_hourly_demand"
[0m22:02:46.490407 [debug] [Thread-1 (]: On model.nyc_taxi_dbt.mart_hourly_demand: /* {"app": "dbt", "dbt_version": "1.11.8", "profile_name": "nyc_taxi_dbt", "target_name": "dev", "node_id": "model.nyc_taxi_dbt.mart_hourly_demand"} */

    SELECT COUNT(*) as remaining_indexes
    FROM duckdb_indexes()
    WHERE schema_name = 'main_marts'
      AND table_name = 'mart_hourly_demand'
  
[0m22:02:46.490884 [debug] [Thread-1 (]: SQL status: OK in 0.000 seconds
[0m22:02:46.492919 [debug] [Thread-1 (]: Using duckdb connection "model.nyc_taxi_dbt.mart_hourly_demand"
[0m22:02:46.493173 [debug] [Thread-1 (]: On model.nyc_taxi_dbt.mart_hourly_demand: /* {"app": "dbt", "dbt_version": "1.11.8", "profile_name": "nyc_taxi_dbt", "target_name": "dev", "node_id": "model.nyc_taxi_dbt.mart_hourly_demand"} */
alter table "nyc_taxi"."main_marts"."mart_hourly_demand" rename to "mart_hourly_demand__dbt_backup"
[0m22:02:46.493606 [debug] [Thread-1 (]: SQL status: OK in 0.000 seconds
[0m22:02:46.495445 [debug] [Thread-1 (]: Using duckdb connection "model.nyc_taxi_dbt.mart_hourly_demand"
[0m22:02:46.495669 [debug] [Thread-1 (]: On model.nyc_taxi_dbt.mart_hourly_demand: /* {"app": "dbt", "dbt_version": "1.11.8", "profile_name": "nyc_taxi_dbt", "target_name": "dev", "node_id": "model.nyc_taxi_dbt.mart_hourly_demand"} */
alter table "nyc_taxi"."main_marts"."mart_hourly_demand__dbt_tmp" rename to "mart_hourly_demand"
[0m22:02:46.511273 [debug] [Thread-1 (]: SQL status: OK in 0.001 seconds
[0m22:02:46.520556 [debug] [Thread-1 (]: On model.nyc_taxi_dbt.mart_hourly_demand: COMMIT
[0m22:02:46.521105 [debug] [Thread-1 (]: Using duckdb connection "model.nyc_taxi_dbt.mart_hourly_demand"
[0m22:02:46.521290 [debug] [Thread-1 (]: On model.nyc_taxi_dbt.mart_hourly_demand: COMMIT
[0m22:02:46.528176 [debug] [Thread-1 (]: SQL status: OK in 0.007 seconds
[0m22:02:46.530176 [debug] [Thread-1 (]: Using duckdb connection "model.nyc_taxi_dbt.mart_hourly_demand"
[0m22:02:46.530455 [debug] [Thread-1 (]: On model.nyc_taxi_dbt.mart_hourly_demand: /* {"app": "dbt", "dbt_version": "1.11.8", "profile_name": "nyc_taxi_dbt", "target_name": "dev", "node_id": "model.nyc_taxi_dbt.mart_hourly_demand"} */

      drop table if exists "nyc_taxi"."main_marts"."mart_hourly_demand__dbt_backup" cascade
    
[0m22:02:46.531088 [debug] [Thread-1 (]: SQL status: OK in 0.000 seconds
[0m22:02:46.532201 [debug] [Thread-1 (]: On model.nyc_taxi_dbt.mart_hourly_demand: Close
[0m22:02:46.532702 [debug] [Thread-1 (]: Sending event: {'category': 'dbt', 'action': 'run_model', 'label': '12738bf3-0c0a-404e-891b-2015748fbd91', 'context': [<snowplow_tracker.self_describing_json.SelfDescribingJson object at 0x10b18b890>]}
[0m22:02:46.533098 [info ] [Thread-1 (]: 4 of 6 OK created sql table model main_marts.mart_hourly_demand ................ [[32mOK[0m in 0.76s]
[0m22:02:46.533363 [debug] [Thread-1 (]: Finished running node model.nyc_taxi_dbt.mart_hourly_demand
[0m22:02:46.621086 [debug] [Thread-2 (]: SQL status: OK in 0.824 seconds
[0m22:02:46.622450 [debug] [Thread-2 (]: Using duckdb connection "model.nyc_taxi_dbt.mart_payment_analysis"
[0m22:02:46.622716 [debug] [Thread-2 (]: On model.nyc_taxi_dbt.mart_payment_analysis: /* {"app": "dbt", "dbt_version": "1.11.8", "profile_name": "nyc_taxi_dbt", "target_name": "dev", "node_id": "model.nyc_taxi_dbt.mart_payment_analysis"} */

    SELECT index_name
    FROM duckdb_indexes()
    WHERE schema_name = 'main_marts'
      AND table_name = 'mart_payment_analysis'
  
[0m22:02:46.623270 [debug] [Thread-2 (]: SQL status: OK in 0.000 seconds
[0m22:02:46.623958 [debug] [Thread-2 (]: Using duckdb connection "model.nyc_taxi_dbt.mart_payment_analysis"
[0m22:02:46.624136 [debug] [Thread-2 (]: On model.nyc_taxi_dbt.mart_payment_analysis: /* {"app": "dbt", "dbt_version": "1.11.8", "profile_name": "nyc_taxi_dbt", "target_name": "dev", "node_id": "model.nyc_taxi_dbt.mart_payment_analysis"} */

    SELECT COUNT(*) as remaining_indexes
    FROM duckdb_indexes()
    WHERE schema_name = 'main_marts'
      AND table_name = 'mart_payment_analysis'
  
[0m22:02:46.624541 [debug] [Thread-2 (]: SQL status: OK in 0.000 seconds
[0m22:02:46.626919 [debug] [Thread-2 (]: Using duckdb connection "model.nyc_taxi_dbt.mart_payment_analysis"
[0m22:02:46.627167 [debug] [Thread-2 (]: On model.nyc_taxi_dbt.mart_payment_analysis: /* {"app": "dbt", "dbt_version": "1.11.8", "profile_name": "nyc_taxi_dbt", "target_name": "dev", "node_id": "model.nyc_taxi_dbt.mart_payment_analysis"} */
alter table "nyc_taxi"."main_marts"."mart_payment_analysis" rename to "mart_payment_analysis__dbt_backup"
[0m22:02:46.627614 [debug] [Thread-2 (]: SQL status: OK in 0.000 seconds
[0m22:02:46.629293 [debug] [Thread-2 (]: Using duckdb connection "model.nyc_taxi_dbt.mart_payment_analysis"
[0m22:02:46.629492 [debug] [Thread-2 (]: On model.nyc_taxi_dbt.mart_payment_analysis: /* {"app": "dbt", "dbt_version": "1.11.8", "profile_name": "nyc_taxi_dbt", "target_name": "dev", "node_id": "model.nyc_taxi_dbt.mart_payment_analysis"} */
alter table "nyc_taxi"."main_marts"."mart_payment_analysis__dbt_tmp" rename to "mart_payment_analysis"
[0m22:02:46.629815 [debug] [Thread-2 (]: SQL status: OK in 0.000 seconds
[0m22:02:46.630543 [debug] [Thread-2 (]: On model.nyc_taxi_dbt.mart_payment_analysis: COMMIT
[0m22:02:46.630715 [debug] [Thread-2 (]: Using duckdb connection "model.nyc_taxi_dbt.mart_payment_analysis"
[0m22:02:46.630853 [debug] [Thread-2 (]: On model.nyc_taxi_dbt.mart_payment_analysis: COMMIT
[0m22:02:46.631387 [debug] [Thread-2 (]: SQL status: OK in 0.000 seconds
[0m22:02:46.632865 [debug] [Thread-2 (]: Using duckdb connection "model.nyc_taxi_dbt.mart_payment_analysis"
[0m22:02:46.633089 [debug] [Thread-2 (]: On model.nyc_taxi_dbt.mart_payment_analysis: /* {"app": "dbt", "dbt_version": "1.11.8", "profile_name": "nyc_taxi_dbt", "target_name": "dev", "node_id": "model.nyc_taxi_dbt.mart_payment_analysis"} */

      drop table if exists "nyc_taxi"."main_marts"."mart_payment_analysis__dbt_backup" cascade
    
[0m22:02:46.633601 [debug] [Thread-2 (]: SQL status: OK in 0.000 seconds
[0m22:02:46.634368 [debug] [Thread-2 (]: On model.nyc_taxi_dbt.mart_payment_analysis: Close
[0m22:02:46.634821 [debug] [Thread-2 (]: Sending event: {'category': 'dbt', 'action': 'run_model', 'label': '12738bf3-0c0a-404e-891b-2015748fbd91', 'context': [<snowplow_tracker.self_describing_json.SelfDescribingJson object at 0x10b064d50>]}
[0m22:02:46.635221 [info ] [Thread-2 (]: 6 of 6 OK created sql table model main_marts.mart_payment_analysis ............. [[32mOK[0m in 0.86s]
[0m22:02:46.635490 [debug] [Thread-2 (]: Finished running node model.nyc_taxi_dbt.mart_payment_analysis
[0m22:02:47.122370 [debug] [Thread-4 (]: SQL status: OK in 1.326 seconds
[0m22:02:47.123053 [debug] [Thread-4 (]: Using duckdb connection "model.nyc_taxi_dbt.mart_daily_trip_summary"
[0m22:02:47.123241 [debug] [Thread-4 (]: On model.nyc_taxi_dbt.mart_daily_trip_summary: /* {"app": "dbt", "dbt_version": "1.11.8", "profile_name": "nyc_taxi_dbt", "target_name": "dev", "node_id": "model.nyc_taxi_dbt.mart_daily_trip_summary"} */

    SELECT index_name
    FROM duckdb_indexes()
    WHERE schema_name = 'main_marts'
      AND table_name = 'mart_daily_trip_summary'
  
[0m22:02:47.124000 [debug] [Thread-4 (]: SQL status: OK in 0.001 seconds
[0m22:02:47.124630 [debug] [Thread-4 (]: Using duckdb connection "model.nyc_taxi_dbt.mart_daily_trip_summary"
[0m22:02:47.124793 [debug] [Thread-4 (]: On model.nyc_taxi_dbt.mart_daily_trip_summary: /* {"app": "dbt", "dbt_version": "1.11.8", "profile_name": "nyc_taxi_dbt", "target_name": "dev", "node_id": "model.nyc_taxi_dbt.mart_daily_trip_summary"} */

    SELECT COUNT(*) as remaining_indexes
    FROM duckdb_indexes()
    WHERE schema_name = 'main_marts'
      AND table_name = 'mart_daily_trip_summary'
  
[0m22:02:47.125134 [debug] [Thread-4 (]: SQL status: OK in 0.000 seconds
[0m22:02:47.127776 [debug] [Thread-4 (]: Using duckdb connection "model.nyc_taxi_dbt.mart_daily_trip_summary"
[0m22:02:47.127943 [debug] [Thread-4 (]: On model.nyc_taxi_dbt.mart_daily_trip_summary: /* {"app": "dbt", "dbt_version": "1.11.8", "profile_name": "nyc_taxi_dbt", "target_name": "dev", "node_id": "model.nyc_taxi_dbt.mart_daily_trip_summary"} */
alter table "nyc_taxi"."main_marts"."mart_daily_trip_summary" rename to "mart_daily_trip_summary__dbt_backup"
[0m22:02:47.128226 [debug] [Thread-4 (]: SQL status: OK in 0.000 seconds
[0m22:02:47.129453 [debug] [Thread-4 (]: Using duckdb connection "model.nyc_taxi_dbt.mart_daily_trip_summary"
[0m22:02:47.129595 [debug] [Thread-4 (]: On model.nyc_taxi_dbt.mart_daily_trip_summary: /* {"app": "dbt", "dbt_version": "1.11.8", "profile_name": "nyc_taxi_dbt", "target_name": "dev", "node_id": "model.nyc_taxi_dbt.mart_daily_trip_summary"} */
alter table "nyc_taxi"."main_marts"."mart_daily_trip_summary__dbt_tmp" rename to "mart_daily_trip_summary"
[0m22:02:47.129818 [debug] [Thread-4 (]: SQL status: OK in 0.000 seconds
[0m22:02:47.130435 [debug] [Thread-4 (]: On model.nyc_taxi_dbt.mart_daily_trip_summary: COMMIT
[0m22:02:47.130574 [debug] [Thread-4 (]: Using duckdb connection "model.nyc_taxi_dbt.mart_daily_trip_summary"
[0m22:02:47.130697 [debug] [Thread-4 (]: On model.nyc_taxi_dbt.mart_daily_trip_summary: COMMIT
[0m22:02:47.131317 [debug] [Thread-4 (]: SQL status: OK in 0.000 seconds
[0m22:02:47.132438 [debug] [Thread-4 (]: Using duckdb connection "model.nyc_taxi_dbt.mart_daily_trip_summary"
[0m22:02:47.132597 [debug] [Thread-4 (]: On model.nyc_taxi_dbt.mart_daily_trip_summary: /* {"app": "dbt", "dbt_version": "1.11.8", "profile_name": "nyc_taxi_dbt", "target_name": "dev", "node_id": "model.nyc_taxi_dbt.mart_daily_trip_summary"} */

      drop table if exists "nyc_taxi"."main_marts"."mart_daily_trip_summary__dbt_backup" cascade
    
[0m22:02:47.133001 [debug] [Thread-4 (]: SQL status: OK in 0.000 seconds
[0m22:02:47.133510 [debug] [Thread-4 (]: On model.nyc_taxi_dbt.mart_daily_trip_summary: Close
[0m22:02:47.133761 [debug] [Thread-4 (]: Sending event: {'category': 'dbt', 'action': 'run_model', 'label': '12738bf3-0c0a-404e-891b-2015748fbd91', 'context': [<snowplow_tracker.self_describing_json.SelfDescribingJson object at 0x10b0e9dd0>]}
[0m22:02:47.134018 [info ] [Thread-4 (]: 5 of 6 OK created sql table model main_marts.mart_daily_trip_summary ........... [[32mOK[0m in 1.36s]
[0m22:02:47.134242 [debug] [Thread-4 (]: Finished running node model.nyc_taxi_dbt.mart_daily_trip_summary
[0m22:02:47.135295 [debug] [MainThread]: Using duckdb connection "master"
[0m22:02:47.135473 [debug] [MainThread]: On master: BEGIN
[0m22:02:47.135607 [debug] [MainThread]: Opening a new connection, currently in state closed
[0m22:02:47.135877 [debug] [MainThread]: SQL status: OK in 0.000 seconds
[0m22:02:47.135999 [debug] [MainThread]: On master: COMMIT
[0m22:02:47.136112 [debug] [MainThread]: Using duckdb connection "master"
[0m22:02:47.136228 [debug] [MainThread]: On master: COMMIT
[0m22:02:47.136381 [debug] [MainThread]: SQL status: OK in 0.000 seconds
[0m22:02:47.136494 [debug] [MainThread]: On master: Close
[0m22:02:47.136644 [debug] [MainThread]: Connection 'master' was properly closed.
[0m22:02:47.136755 [debug] [MainThread]: Connection 'model.nyc_taxi_dbt.mart_hourly_demand' was properly closed.
[0m22:02:47.136851 [debug] [MainThread]: Connection 'model.nyc_taxi_dbt.mart_payment_analysis' was properly closed.
[0m22:02:47.136943 [debug] [MainThread]: Connection 'model.nyc_taxi_dbt.int_trip_revenue_metrics' was properly closed.
[0m22:02:47.137034 [debug] [MainThread]: Connection 'model.nyc_taxi_dbt.mart_daily_trip_summary' was properly closed.
[0m22:02:47.137229 [info ] [MainThread]: 
[0m22:02:47.137373 [info ] [MainThread]: Finished running 3 table models, 3 view models in 0 hours 0 minutes and 1.52 seconds (1.52s).
[0m22:02:47.137898 [debug] [MainThread]: Command end result
[0m22:02:47.230732 [debug] [MainThread]: Wrote artifact WritableManifest to /Users/weimincai/BIProjects/nyc_taxi_dbt/target/manifest.json
[0m22:02:47.231714 [debug] [MainThread]: Wrote artifact SemanticManifest to /Users/weimincai/BIProjects/nyc_taxi_dbt/target/semantic_manifest.json
[0m22:02:47.234447 [debug] [MainThread]: Wrote artifact RunExecutionResult to /Users/weimincai/BIProjects/nyc_taxi_dbt/target/run_results.json
[0m22:02:47.234593 [info ] [MainThread]: 
[0m22:02:47.234763 [info ] [MainThread]: [32mCompleted successfully[0m
[0m22:02:47.234886 [info ] [MainThread]: 
[0m22:02:47.235024 [info ] [MainThread]: Done. PASS=6 WARN=0 ERROR=0 SKIP=0 NO-OP=0 TOTAL=6
[0m22:02:47.235295 [warn ] [MainThread]: [[33mWARNING[0m][DeprecationsSummary]: Deprecated functionality
Summary of encountered deprecations:
- MissingArgumentsPropertyInGenericTestDeprecation: 1 occurrence
To see all deprecation instances instead of just the first occurrence of each,
run command again with the `--show-all-deprecations` flag. You may also need to
run with `--no-partial-parse` as some deprecations are only encountered during
parsing.
[0m22:02:47.237508 [debug] [MainThread]: Resource report: {"command_name": "run", "command_success": true, "command_wall_clock_time": 2.7051198, "process_in_blocks": "0", "process_kernel_time": 0.86241, "process_mem_max_rss": "1231896576", "process_out_blocks": "0", "process_user_time": 8.931075}
[0m22:02:47.237732 [debug] [MainThread]: Command `dbt run` succeeded at 22:02:47.237692 after 2.71 seconds
[0m22:02:47.237909 [debug] [MainThread]: Sending event: {'category': 'dbt', 'action': 'invocation', 'label': 'end', 'context': [<snowplow_tracker.self_describing_json.SelfDescribingJson object at 0x104bafb90>, <snowplow_tracker.self_describing_json.SelfDescribingJson object at 0x104bafbd0>, <snowplow_tracker.self_describing_json.SelfDescribingJson object at 0x104a57390>]}
[0m22:02:47.238066 [debug] [MainThread]: Flushing usage events
[0m22:02:47.453737 [debug] [MainThread]: An error was encountered while trying to flush usage events
[0m22:04:26.011725 [debug] [MainThread]: Sending event: {'category': 'dbt', 'action': 'invocation', 'label': 'start', 'context': [<snowplow_tracker.self_describing_json.SelfDescribingJson object at 0x1153101d0>, <snowplow_tracker.self_describing_json.SelfDescribingJson object at 0x11534fd50>, <snowplow_tracker.self_describing_json.SelfDescribingJson object at 0x11534ff90>]}


============================== 22:04:26.014556 | c6b28563-e810-4276-8efa-c832b540b2b8 ==============================
[0m22:04:26.014556 [info ] [MainThread]: Running with dbt=1.11.8
[0m22:04:26.014913 [debug] [MainThread]: running dbt with arguments {'use_experimental_parser': 'False', 'invocation_command': 'dbt run --no-partial-parse', 'profiles_dir': '/Users/weimincai/.dbt', 'no_print': 'None', 'write_json': 'True', 'static_parser': 'True', 'indirect_selection': 'eager', 'printer_width': '80', 'send_anonymous_usage_stats': 'True', 'log_cache_events': 'False', 'target_path': 'None', 'debug': 'False', 'use_colors': 'True', 'quiet': 'False', 'introspect': 'True', 'warn_error_options': 'WarnErrorOptionsV2(error=[], warn=[], silence=[])', 'log_format': 'default', 'partial_parse': 'False', 'version_check': 'True', 'fail_fast': 'False', 'log_path': '/Users/weimincai/BIProjects/nyc_taxi_dbt/logs', 'warn_error': 'None', 'empty': 'False', 'cache_selected_only': 'False'}
[0m22:04:26.203501 [debug] [MainThread]: Sending event: {'category': 'dbt', 'action': 'project_id', 'label': 'c6b28563-e810-4276-8efa-c832b540b2b8', 'context': [<snowplow_tracker.self_describing_json.SelfDescribingJson object at 0x115753190>]}
[0m22:04:26.229921 [debug] [MainThread]: Sending event: {'category': 'dbt', 'action': 'adapter_info', 'label': 'c6b28563-e810-4276-8efa-c832b540b2b8', 'context': [<snowplow_tracker.self_describing_json.SelfDescribingJson object at 0x111255d50>]}
[0m22:04:26.231216 [info ] [MainThread]: Registered adapter: duckdb=1.10.1
[0m22:04:26.293596 [debug] [MainThread]: checksum: 7d524ac048c2100769df89d592e662e060a73ca564e31bd9c2a37efdfe8d8ab6, vars: {}, profile: , target: , version: 1.11.8
[0m22:04:26.294039 [debug] [MainThread]: Partial parsing not enabled
[0m22:04:27.331483 [warn ] [MainThread]: [[33mWARNING[0m][MissingArgumentsPropertyInGenericTestDeprecation]: Deprecated
functionality
Found top-level arguments to test `accepted_values` defined on
'stg_yellow_taxi_trips' in package 'nyc_taxi_dbt'
(models/staging/stg_yellow_taxi_trips.yml). Arguments to generic tests should be
nested under the `arguments` property.
[0m22:04:27.346044 [debug] [MainThread]: Sending event: {'category': 'dbt', 'action': 'deprecation', 'label': 'c6b28563-e810-4276-8efa-c832b540b2b8', 'property_': 'warn', 'context': [<snowplow_tracker.self_describing_json.SelfDescribingJson object at 0x11644d390>]}
[0m22:04:27.430779 [debug] [MainThread]: Sending event: {'category': 'dbt', 'action': 'load_project', 'label': 'c6b28563-e810-4276-8efa-c832b540b2b8', 'context': [<snowplow_tracker.self_describing_json.SelfDescribingJson object at 0x1166c6150>]}
[0m22:04:27.499704 [debug] [MainThread]: Wrote artifact WritableManifest to /Users/weimincai/BIProjects/nyc_taxi_dbt/target/manifest.json
[0m22:04:27.630180 [debug] [MainThread]: Wrote artifact SemanticManifest to /Users/weimincai/BIProjects/nyc_taxi_dbt/target/semantic_manifest.json
[0m22:04:27.664560 [debug] [MainThread]: Sending event: {'category': 'dbt', 'action': 'resource_counts', 'label': 'c6b28563-e810-4276-8efa-c832b540b2b8', 'context': [<snowplow_tracker.self_describing_json.SelfDescribingJson object at 0x11641ca50>]}
[0m22:04:27.666571 [info ] [MainThread]: Found 6 models, 10 data tests, 1 source, 591 macros
[0m22:04:27.666856 [debug] [MainThread]: Sending event: {'category': 'dbt', 'action': 'runnable_timing', 'label': 'c6b28563-e810-4276-8efa-c832b540b2b8', 'context': [<snowplow_tracker.self_describing_json.SelfDescribingJson object at 0x116234b90>]}
[0m22:04:27.668918 [info ] [MainThread]: 
[0m22:04:27.669300 [info ] [MainThread]: Concurrency: 4 threads (target='dev')
[0m22:04:27.669484 [info ] [MainThread]: 
[0m22:04:27.669978 [debug] [MainThread]: Acquiring new duckdb connection 'master'
[0m22:04:27.677432 [debug] [ThreadPool]: Acquiring new duckdb connection 'list_nyc_taxi'
[0m22:04:27.677779 [debug] [ThreadPool]: Acquiring new duckdb connection 'list_nyc_taxi'
[0m22:04:27.683834 [debug] [ThreadPool]: Acquiring new duckdb connection 'list_nyc_taxi'
[0m22:04:27.715307 [debug] [ThreadPool]: Using duckdb connection "list_nyc_taxi"
[0m22:04:27.715535 [debug] [ThreadPool]: Using duckdb connection "list_nyc_taxi"
[0m22:04:27.715681 [debug] [ThreadPool]: Using duckdb connection "list_nyc_taxi"
[0m22:04:27.715911 [debug] [ThreadPool]: On list_nyc_taxi: /* {"app": "dbt", "dbt_version": "1.11.8", "profile_name": "nyc_taxi_dbt", "target_name": "dev", "connection_name": "list_nyc_taxi"} */

    
    select schema_name
    from system.information_schema.schemata
    
    where lower(catalog_name) = '"nyc_taxi"'
    
  
  
[0m22:04:27.716111 [debug] [ThreadPool]: On list_nyc_taxi: /* {"app": "dbt", "dbt_version": "1.11.8", "profile_name": "nyc_taxi_dbt", "target_name": "dev", "connection_name": "list_nyc_taxi"} */

    
    select schema_name
    from system.information_schema.schemata
    
    where lower(catalog_name) = '"nyc_taxi"'
    
  
  
[0m22:04:27.716270 [debug] [ThreadPool]: On list_nyc_taxi: /* {"app": "dbt", "dbt_version": "1.11.8", "profile_name": "nyc_taxi_dbt", "target_name": "dev", "connection_name": "list_nyc_taxi"} */

    
    select schema_name
    from system.information_schema.schemata
    
    where lower(catalog_name) = '"nyc_taxi"'
    
  
  
[0m22:04:27.716445 [debug] [ThreadPool]: Opening a new connection, currently in state init
[0m22:04:27.716589 [debug] [ThreadPool]: Opening a new connection, currently in state init
[0m22:04:27.716727 [debug] [ThreadPool]: Opening a new connection, currently in state init
[0m22:04:27.744379 [debug] [ThreadPool]: SQL status: OK in 0.028 seconds
[0m22:04:27.744679 [debug] [ThreadPool]: SQL status: OK in 0.028 seconds
[0m22:04:27.745232 [debug] [ThreadPool]: SQL status: OK in 0.029 seconds
[0m22:04:27.746464 [debug] [ThreadPool]: On list_nyc_taxi: Close
[0m22:04:27.747159 [debug] [ThreadPool]: On list_nyc_taxi: Close
[0m22:04:27.747862 [debug] [ThreadPool]: On list_nyc_taxi: Close
[0m22:04:27.748664 [debug] [ThreadPool]: Re-using an available connection from the pool (formerly list_nyc_taxi, now create_nyc_taxi_main_intermediate)
[0m22:04:27.748845 [debug] [ThreadPool]: Re-using an available connection from the pool (formerly list_nyc_taxi, now create_nyc_taxi_main_staging)
[0m22:04:27.749045 [debug] [ThreadPool]: Re-using an available connection from the pool (formerly list_nyc_taxi, now create_nyc_taxi_main_marts)
[0m22:04:27.749390 [debug] [ThreadPool]: Creating schema "database: "nyc_taxi"
schema: "main_intermediate"
"
[0m22:04:27.749605 [debug] [ThreadPool]: Creating schema "database: "nyc_taxi"
schema: "main_staging"
"
[0m22:04:27.749908 [debug] [ThreadPool]: Creating schema "database: "nyc_taxi"
schema: "main_marts"
"
[0m22:04:27.756876 [debug] [ThreadPool]: Using duckdb connection "create_nyc_taxi_main_intermediate"
[0m22:04:27.758136 [debug] [ThreadPool]: Using duckdb connection "create_nyc_taxi_main_staging"
[0m22:04:27.759114 [debug] [ThreadPool]: Using duckdb connection "create_nyc_taxi_main_marts"
[0m22:04:27.759291 [debug] [ThreadPool]: On create_nyc_taxi_main_intermediate: /* {"app": "dbt", "dbt_version": "1.11.8", "profile_name": "nyc_taxi_dbt", "target_name": "dev", "connection_name": "create_nyc_taxi_main_intermediate"} */

    
        select type from duckdb_databases()
        where lower(database_name)='nyc_taxi'
        and type='sqlite'
    
  
[0m22:04:27.759450 [debug] [ThreadPool]: On create_nyc_taxi_main_staging: /* {"app": "dbt", "dbt_version": "1.11.8", "profile_name": "nyc_taxi_dbt", "target_name": "dev", "connection_name": "create_nyc_taxi_main_staging"} */

    
        select type from duckdb_databases()
        where lower(database_name)='nyc_taxi'
        and type='sqlite'
    
  
[0m22:04:27.759605 [debug] [ThreadPool]: On create_nyc_taxi_main_marts: /* {"app": "dbt", "dbt_version": "1.11.8", "profile_name": "nyc_taxi_dbt", "target_name": "dev", "connection_name": "create_nyc_taxi_main_marts"} */

    
        select type from duckdb_databases()
        where lower(database_name)='nyc_taxi'
        and type='sqlite'
    
  
[0m22:04:27.759739 [debug] [ThreadPool]: Opening a new connection, currently in state closed
[0m22:04:27.759861 [debug] [ThreadPool]: Opening a new connection, currently in state closed
[0m22:04:27.759979 [debug] [ThreadPool]: Opening a new connection, currently in state closed
[0m22:04:27.760800 [debug] [ThreadPool]: SQL status: OK in 0.001 seconds
[0m22:04:27.760927 [debug] [ThreadPool]: SQL status: OK in 0.001 seconds
[0m22:04:27.761043 [debug] [ThreadPool]: SQL status: OK in 0.001 seconds
[0m22:04:27.761858 [debug] [ThreadPool]: Using duckdb connection "create_nyc_taxi_main_marts"
[0m22:04:27.762392 [debug] [ThreadPool]: Using duckdb connection "create_nyc_taxi_main_staging"
[0m22:04:27.762980 [debug] [ThreadPool]: Using duckdb connection "create_nyc_taxi_main_intermediate"
[0m22:04:27.763141 [debug] [ThreadPool]: On create_nyc_taxi_main_marts: BEGIN
[0m22:04:27.763305 [debug] [ThreadPool]: On create_nyc_taxi_main_staging: BEGIN
[0m22:04:27.763453 [debug] [ThreadPool]: On create_nyc_taxi_main_intermediate: BEGIN
[0m22:04:27.763785 [debug] [ThreadPool]: SQL status: OK in 0.000 seconds
[0m22:04:27.763896 [debug] [ThreadPool]: SQL status: OK in 0.000 seconds
[0m22:04:27.764076 [debug] [ThreadPool]: Using duckdb connection "create_nyc_taxi_main_staging"
[0m22:04:27.764437 [debug] [ThreadPool]: Using duckdb connection "create_nyc_taxi_main_marts"
[0m22:04:27.764997 [debug] [ThreadPool]: SQL status: OK in 0.001 seconds
[0m22:04:27.766028 [debug] [ThreadPool]: On create_nyc_taxi_main_staging: /* {"app": "dbt", "dbt_version": "1.11.8", "profile_name": "nyc_taxi_dbt", "target_name": "dev", "connection_name": "create_nyc_taxi_main_staging"} */

    
    
        create schema if not exists "nyc_taxi"."main_staging"
    
[0m22:04:27.767903 [debug] [ThreadPool]: On create_nyc_taxi_main_marts: /* {"app": "dbt", "dbt_version": "1.11.8", "profile_name": "nyc_taxi_dbt", "target_name": "dev", "connection_name": "create_nyc_taxi_main_marts"} */

    
    
        create schema if not exists "nyc_taxi"."main_marts"
    
[0m22:04:27.769527 [debug] [ThreadPool]: Using duckdb connection "create_nyc_taxi_main_intermediate"
[0m22:04:27.772726 [debug] [ThreadPool]: On create_nyc_taxi_main_intermediate: /* {"app": "dbt", "dbt_version": "1.11.8", "profile_name": "nyc_taxi_dbt", "target_name": "dev", "connection_name": "create_nyc_taxi_main_intermediate"} */

    
    
        create schema if not exists "nyc_taxi"."main_intermediate"
    
[0m22:04:27.773669 [debug] [ThreadPool]: SQL status: OK in 0.002 seconds
[0m22:04:27.775767 [debug] [ThreadPool]: SQL status: OK in 0.003 seconds
[0m22:04:27.788538 [debug] [ThreadPool]: SQL status: OK in 0.014 seconds
[0m22:04:27.789831 [debug] [ThreadPool]: On create_nyc_taxi_main_staging: COMMIT
[0m22:04:27.791661 [debug] [ThreadPool]: On create_nyc_taxi_main_marts: COMMIT
[0m22:04:27.793928 [debug] [ThreadPool]: On create_nyc_taxi_main_intermediate: COMMIT
[0m22:04:27.794886 [debug] [ThreadPool]: Using duckdb connection "create_nyc_taxi_main_staging"
[0m22:04:27.795806 [debug] [ThreadPool]: Using duckdb connection "create_nyc_taxi_main_marts"
[0m22:04:27.797482 [debug] [ThreadPool]: Using duckdb connection "create_nyc_taxi_main_intermediate"
[0m22:04:27.798810 [debug] [ThreadPool]: On create_nyc_taxi_main_staging: COMMIT
[0m22:04:27.801960 [debug] [ThreadPool]: On create_nyc_taxi_main_marts: COMMIT
[0m22:04:27.802217 [debug] [ThreadPool]: On create_nyc_taxi_main_intermediate: COMMIT
[0m22:04:27.803048 [debug] [ThreadPool]: SQL status: OK in 0.000 seconds
[0m22:04:27.803248 [debug] [ThreadPool]: SQL status: OK in 0.000 seconds
[0m22:04:27.803444 [debug] [ThreadPool]: On create_nyc_taxi_main_staging: Close
[0m22:04:27.803591 [debug] [ThreadPool]: SQL status: OK in 0.001 seconds
[0m22:04:27.803745 [debug] [ThreadPool]: On create_nyc_taxi_main_marts: Close
[0m22:04:27.804111 [debug] [ThreadPool]: On create_nyc_taxi_main_intermediate: Close
[0m22:04:27.811311 [debug] [ThreadPool]: Re-using an available connection from the pool (formerly create_nyc_taxi_main_staging, now list_nyc_taxi_main_intermediate)
[0m22:04:27.812585 [debug] [ThreadPool]: Re-using an available connection from the pool (formerly create_nyc_taxi_main_marts, now list_nyc_taxi_main_staging)
[0m22:04:27.822018 [debug] [ThreadPool]: Re-using an available connection from the pool (formerly create_nyc_taxi_main_intermediate, now list_nyc_taxi_main_marts)
[0m22:04:27.831927 [debug] [ThreadPool]: Using duckdb connection "list_nyc_taxi_main_intermediate"
[0m22:04:27.835023 [debug] [ThreadPool]: Using duckdb connection "list_nyc_taxi_main_staging"
[0m22:04:27.837575 [debug] [ThreadPool]: Using duckdb connection "list_nyc_taxi_main_marts"
[0m22:04:27.841308 [debug] [ThreadPool]: On list_nyc_taxi_main_intermediate: BEGIN
[0m22:04:27.841716 [debug] [ThreadPool]: On list_nyc_taxi_main_staging: BEGIN
[0m22:04:27.841957 [debug] [ThreadPool]: On list_nyc_taxi_main_marts: BEGIN
[0m22:04:27.842124 [debug] [ThreadPool]: Opening a new connection, currently in state closed
[0m22:04:27.842359 [debug] [ThreadPool]: Opening a new connection, currently in state closed
[0m22:04:27.843997 [debug] [ThreadPool]: Opening a new connection, currently in state closed
[0m22:04:27.844826 [debug] [ThreadPool]: SQL status: OK in 0.003 seconds
[0m22:04:27.845035 [debug] [ThreadPool]: SQL status: OK in 0.003 seconds
[0m22:04:27.845769 [debug] [ThreadPool]: SQL status: OK in 0.002 seconds
[0m22:04:27.845971 [debug] [ThreadPool]: Using duckdb connection "list_nyc_taxi_main_intermediate"
[0m22:04:27.846143 [debug] [ThreadPool]: Using duckdb connection "list_nyc_taxi_main_staging"
[0m22:04:27.846283 [debug] [ThreadPool]: Using duckdb connection "list_nyc_taxi_main_marts"
[0m22:04:27.846451 [debug] [ThreadPool]: On list_nyc_taxi_main_intermediate: /* {"app": "dbt", "dbt_version": "1.11.8", "profile_name": "nyc_taxi_dbt", "target_name": "dev", "connection_name": "list_nyc_taxi_main_intermediate"} */
select
      'nyc_taxi' as database,
      table_name as name,
      table_schema as schema,
      CASE table_type
        WHEN 'BASE TABLE' THEN 'table'
        WHEN 'VIEW' THEN 'view'
        WHEN 'LOCAL TEMPORARY' THEN 'table'
        END as type
    from system.information_schema.tables
    where lower(table_schema) = 'main_intermediate'
    and lower(table_catalog) = 'nyc_taxi'
  
[0m22:04:27.846630 [debug] [ThreadPool]: On list_nyc_taxi_main_staging: /* {"app": "dbt", "dbt_version": "1.11.8", "profile_name": "nyc_taxi_dbt", "target_name": "dev", "connection_name": "list_nyc_taxi_main_staging"} */
select
      'nyc_taxi' as database,
      table_name as name,
      table_schema as schema,
      CASE table_type
        WHEN 'BASE TABLE' THEN 'table'
        WHEN 'VIEW' THEN 'view'
        WHEN 'LOCAL TEMPORARY' THEN 'table'
        END as type
    from system.information_schema.tables
    where lower(table_schema) = 'main_staging'
    and lower(table_catalog) = 'nyc_taxi'
  
[0m22:04:27.846807 [debug] [ThreadPool]: On list_nyc_taxi_main_marts: /* {"app": "dbt", "dbt_version": "1.11.8", "profile_name": "nyc_taxi_dbt", "target_name": "dev", "connection_name": "list_nyc_taxi_main_marts"} */
select
      'nyc_taxi' as database,
      table_name as name,
      table_schema as schema,
      CASE table_type
        WHEN 'BASE TABLE' THEN 'table'
        WHEN 'VIEW' THEN 'view'
        WHEN 'LOCAL TEMPORARY' THEN 'table'
        END as type
    from system.information_schema.tables
    where lower(table_schema) = 'main_marts'
    and lower(table_catalog) = 'nyc_taxi'
  
[0m22:04:27.859811 [debug] [ThreadPool]: SQL status: OK in 0.013 seconds
[0m22:04:27.860515 [debug] [ThreadPool]: SQL status: OK in 0.014 seconds
[0m22:04:27.860986 [debug] [ThreadPool]: SQL status: OK in 0.014 seconds
[0m22:04:27.876831 [debug] [ThreadPool]: On list_nyc_taxi_main_staging: ROLLBACK
[0m22:04:27.872525 [debug] [ThreadPool]: On list_nyc_taxi_main_intermediate: ROLLBACK
[0m22:04:27.878075 [debug] [ThreadPool]: On list_nyc_taxi_main_marts: ROLLBACK
[0m22:04:27.880479 [debug] [ThreadPool]: Failed to rollback 'list_nyc_taxi_main_intermediate'
[0m22:04:27.880802 [debug] [ThreadPool]: Failed to rollback 'list_nyc_taxi_main_staging'
[0m22:04:27.881422 [debug] [ThreadPool]: On list_nyc_taxi_main_intermediate: Close
[0m22:04:27.882086 [debug] [ThreadPool]: Failed to rollback 'list_nyc_taxi_main_marts'
[0m22:04:27.882289 [debug] [ThreadPool]: On list_nyc_taxi_main_staging: Close
[0m22:04:27.885980 [debug] [ThreadPool]: On list_nyc_taxi_main_marts: Close
[0m22:04:27.889498 [debug] [MainThread]: Sending event: {'category': 'dbt', 'action': 'runnable_timing', 'label': 'c6b28563-e810-4276-8efa-c832b540b2b8', 'context': [<snowplow_tracker.self_describing_json.SelfDescribingJson object at 0x1166e0110>]}
[0m22:04:27.890255 [debug] [MainThread]: Using duckdb connection "master"
[0m22:04:27.891092 [debug] [MainThread]: On master: BEGIN
[0m22:04:27.891734 [debug] [MainThread]: Opening a new connection, currently in state init
[0m22:04:27.893189 [debug] [MainThread]: SQL status: OK in 0.002 seconds
[0m22:04:27.893398 [debug] [MainThread]: On master: COMMIT
[0m22:04:27.893635 [debug] [MainThread]: Using duckdb connection "master"
[0m22:04:27.893803 [debug] [MainThread]: On master: COMMIT
[0m22:04:27.894023 [debug] [MainThread]: SQL status: OK in 0.000 seconds
[0m22:04:27.894166 [debug] [MainThread]: On master: Close
[0m22:04:27.901507 [debug] [Thread-1 (]: Began running node model.nyc_taxi_dbt.stg_yellow_taxi_trips
[0m22:04:27.901913 [info ] [Thread-1 (]: 1 of 6 START sql view model main_staging.stg_yellow_taxi_trips ................. [RUN]
[0m22:04:27.902252 [debug] [Thread-1 (]: Re-using an available connection from the pool (formerly list_nyc_taxi_main_intermediate, now model.nyc_taxi_dbt.stg_yellow_taxi_trips)
[0m22:04:27.902519 [debug] [Thread-1 (]: Began compiling node model.nyc_taxi_dbt.stg_yellow_taxi_trips
[0m22:04:27.924169 [debug] [Thread-1 (]: Writing injected SQL for node "model.nyc_taxi_dbt.stg_yellow_taxi_trips"
[0m22:04:27.927807 [debug] [Thread-1 (]: Began executing node model.nyc_taxi_dbt.stg_yellow_taxi_trips
[0m22:04:27.948621 [debug] [Thread-1 (]: Writing runtime sql for node "model.nyc_taxi_dbt.stg_yellow_taxi_trips"
[0m22:04:27.949318 [debug] [Thread-1 (]: Using duckdb connection "model.nyc_taxi_dbt.stg_yellow_taxi_trips"
[0m22:04:27.949510 [debug] [Thread-1 (]: On model.nyc_taxi_dbt.stg_yellow_taxi_trips: BEGIN
[0m22:04:27.949665 [debug] [Thread-1 (]: Opening a new connection, currently in state closed
[0m22:04:27.950033 [debug] [Thread-1 (]: SQL status: OK in 0.000 seconds
[0m22:04:27.950185 [debug] [Thread-1 (]: Using duckdb connection "model.nyc_taxi_dbt.stg_yellow_taxi_trips"
[0m22:04:27.950462 [debug] [Thread-1 (]: On model.nyc_taxi_dbt.stg_yellow_taxi_trips: /* {"app": "dbt", "dbt_version": "1.11.8", "profile_name": "nyc_taxi_dbt", "target_name": "dev", "node_id": "model.nyc_taxi_dbt.stg_yellow_taxi_trips"} */

  
  create view "nyc_taxi"."main_staging"."stg_yellow_taxi_trips__dbt_tmp" as (
    -- =============================================================
--  models/staging/stg_yellow_taxi_trips.sql
--
--  WHAT THIS MODEL DOES:
--  This is the "cleaning station." It reads from the raw source
--  table and does four things:
--    1. Renames ugly column names to readable ones
--    2. Filters out bad/corrupt rows (impossible values)
--    3. Deduplicates rows that are exact copies in the raw data
--    4. Creates a unique ID (trip_id) for each row
--
--  WHY DEDUPLICATION IS NEEDED:
--  The NYC TLC raw data sometimes contains duplicate records
--  where the same trip is submitted twice by the vendor.
--  ROW_NUMBER() keeps exactly one copy of each duplicate group.
--
--  WHY payment_type filter is needed:
--  The raw data contains payment_type = 0 which is not in the
--  official TLC data dictionary. We filter it out here.
--
--  Every model downstream reads from THIS model — never from raw.
--  Materialized as: VIEW (no storage used, always up to date)
-- =============================================================

with source as (

    -- source()  is dbt syntax — it points to the table
    -- registered in sources.yml and tracks lineage automatically
    select * from "nyc_taxi"."raw"."yellow_taxi_trips"

),

filtered as (

    -- Apply all row-level filters BEFORE deduplication
    -- so we are only deduplicating valid rows
    select *
    from source
    where
        -- Remove rows where the trip clearly didn't happen
        trip_distance  > 0
        and fare_amount   > 0
        and total_amount  > 0

        -- Remove rows where dropoff is before pickup (data error)
        and tpep_pickup_datetime < tpep_dropoff_datetime

        -- Remove undocumented payment_type = 0 (not in TLC data dictionary)
        and payment_type in (1, 2, 3, 4, 5, 6)

        -- Keep only data from the month we loaded
        -- (Update these dates if you load a different month)
        and tpep_pickup_datetime >= '2024-01-01'
        and tpep_pickup_datetime <  '2024-02-01'

),

deduplicated as (

    -- ROW_NUMBER() assigns a number to each row within each
    -- group of identical trips. The first row gets 1, the second
    -- gets 2, etc. We then keep only row_num = 1 below.
    --
    -- PARTITION BY = "group rows by these columns"
    -- ORDER BY fare_amount DESC = "within each group, prefer the
    -- row with the higher fare" (picks the more complete record)
    select
        *,
        row_number() over (
            partition by
                VendorID,
                tpep_pickup_datetime,
                tpep_dropoff_datetime,
                PULocationID,
                DOLocationID
            order by fare_amount desc
        ) as row_num

    from filtered

),

cleaned as (

    select

        -- ── Unique trip identifier ────────────────────────────
        -- generate_surrogate_key() hashes these columns together
        -- to create a unique ID. Duplicates are already removed
        -- above so this is now guaranteed to be unique.
        md5(cast(coalesce(cast(VendorID as TEXT), '_dbt_utils_surrogate_key_null_') || '-' || coalesce(cast(tpep_pickup_datetime as TEXT), '_dbt_utils_surrogate_key_null_') || '-' || coalesce(cast(tpep_dropoff_datetime as TEXT), '_dbt_utils_surrogate_key_null_') || '-' || coalesce(cast(PULocationID as TEXT), '_dbt_utils_surrogate_key_null_') || '-' || coalesce(cast(DOLocationID as TEXT), '_dbt_utils_surrogate_key_null_') as TEXT)) as trip_id,

        -- ── Vendor ────────────────────────────────────────────
        VendorID                            as vendor_id,

        -- ── Timestamps ────────────────────────────────────────
        tpep_pickup_datetime                as pickup_at,
        tpep_dropoff_datetime               as dropoff_at,

        -- ── Trip details ──────────────────────────────────────
        passenger_count,
        trip_distance,
        RatecodeID                          as rate_code_id,
        PULocationID                        as pickup_location_id,
        DOLocationID                        as dropoff_location_id,

        -- ── Payment ───────────────────────────────────────────
        payment_type,
        fare_amount,
        extra,
        mta_tax,
        tip_amount,
        tolls_amount,
        improvement_surcharge,
        total_amount,
        congestion_surcharge,

        -- ── Derived column: trip duration in minutes ──────────
        -- date_diff is a DuckDB function
        date_diff('minute', tpep_pickup_datetime, tpep_dropoff_datetime)
            as trip_duration_minutes

    from deduplicated

    -- Keep only the first row from each duplicate group
    where row_num = 1

)

select * from cleaned
  );

[0m22:04:27.952888 [debug] [Thread-1 (]: SQL status: OK in 0.002 seconds
[0m22:04:27.956199 [debug] [Thread-1 (]: Using duckdb connection "model.nyc_taxi_dbt.stg_yellow_taxi_trips"
[0m22:04:27.956427 [debug] [Thread-1 (]: On model.nyc_taxi_dbt.stg_yellow_taxi_trips: /* {"app": "dbt", "dbt_version": "1.11.8", "profile_name": "nyc_taxi_dbt", "target_name": "dev", "node_id": "model.nyc_taxi_dbt.stg_yellow_taxi_trips"} */
alter view "nyc_taxi"."main_staging"."stg_yellow_taxi_trips" rename to "stg_yellow_taxi_trips__dbt_backup"
[0m22:04:27.957670 [debug] [Thread-1 (]: SQL status: OK in 0.001 seconds
[0m22:04:27.959372 [debug] [Thread-1 (]: Using duckdb connection "model.nyc_taxi_dbt.stg_yellow_taxi_trips"
[0m22:04:27.959578 [debug] [Thread-1 (]: On model.nyc_taxi_dbt.stg_yellow_taxi_trips: /* {"app": "dbt", "dbt_version": "1.11.8", "profile_name": "nyc_taxi_dbt", "target_name": "dev", "node_id": "model.nyc_taxi_dbt.stg_yellow_taxi_trips"} */
alter view "nyc_taxi"."main_staging"."stg_yellow_taxi_trips__dbt_tmp" rename to "stg_yellow_taxi_trips"
[0m22:04:27.959971 [debug] [Thread-1 (]: SQL status: OK in 0.000 seconds
[0m22:04:27.970784 [debug] [Thread-1 (]: On model.nyc_taxi_dbt.stg_yellow_taxi_trips: COMMIT
[0m22:04:27.971083 [debug] [Thread-1 (]: Using duckdb connection "model.nyc_taxi_dbt.stg_yellow_taxi_trips"
[0m22:04:27.971246 [debug] [Thread-1 (]: On model.nyc_taxi_dbt.stg_yellow_taxi_trips: COMMIT
[0m22:04:27.972240 [debug] [Thread-1 (]: SQL status: OK in 0.001 seconds
[0m22:04:27.976811 [debug] [Thread-1 (]: Using duckdb connection "model.nyc_taxi_dbt.stg_yellow_taxi_trips"
[0m22:04:27.977066 [debug] [Thread-1 (]: On model.nyc_taxi_dbt.stg_yellow_taxi_trips: /* {"app": "dbt", "dbt_version": "1.11.8", "profile_name": "nyc_taxi_dbt", "target_name": "dev", "node_id": "model.nyc_taxi_dbt.stg_yellow_taxi_trips"} */

      drop view if exists "nyc_taxi"."main_staging"."stg_yellow_taxi_trips__dbt_backup" cascade
    
[0m22:04:27.977561 [debug] [Thread-1 (]: SQL status: OK in 0.000 seconds
[0m22:04:27.978880 [debug] [Thread-1 (]: On model.nyc_taxi_dbt.stg_yellow_taxi_trips: Close
[0m22:04:27.985546 [debug] [Thread-1 (]: Sending event: {'category': 'dbt', 'action': 'run_model', 'label': 'c6b28563-e810-4276-8efa-c832b540b2b8', 'context': [<snowplow_tracker.self_describing_json.SelfDescribingJson object at 0x1174641d0>]}
[0m22:04:27.987113 [info ] [Thread-1 (]: 1 of 6 OK created sql view model main_staging.stg_yellow_taxi_trips ............ [[32mOK[0m in 0.08s]
[0m22:04:27.987781 [debug] [Thread-1 (]: Finished running node model.nyc_taxi_dbt.stg_yellow_taxi_trips
[0m22:04:27.989527 [debug] [Thread-3 (]: Began running node model.nyc_taxi_dbt.int_trip_revenue_metrics
[0m22:04:27.989909 [debug] [Thread-4 (]: Began running node model.nyc_taxi_dbt.int_trips_with_time_features
[0m22:04:27.990830 [info ] [Thread-3 (]: 2 of 6 START sql view model main_intermediate.int_trip_revenue_metrics ......... [RUN]
[0m22:04:27.991635 [info ] [Thread-4 (]: 3 of 6 START sql view model main_intermediate.int_trips_with_time_features ..... [RUN]
[0m22:04:27.992116 [debug] [Thread-3 (]: Re-using an available connection from the pool (formerly list_nyc_taxi_main_marts, now model.nyc_taxi_dbt.int_trip_revenue_metrics)
[0m22:04:28.003999 [debug] [Thread-3 (]: Began compiling node model.nyc_taxi_dbt.int_trip_revenue_metrics
[0m22:04:27.993849 [debug] [Thread-4 (]: Acquiring new duckdb connection 'model.nyc_taxi_dbt.int_trips_with_time_features'
[0m22:04:28.010969 [debug] [Thread-3 (]: Writing injected SQL for node "model.nyc_taxi_dbt.int_trip_revenue_metrics"
[0m22:04:28.011325 [debug] [Thread-4 (]: Began compiling node model.nyc_taxi_dbt.int_trips_with_time_features
[0m22:04:28.013362 [debug] [Thread-4 (]: Writing injected SQL for node "model.nyc_taxi_dbt.int_trips_with_time_features"
[0m22:04:28.013902 [debug] [Thread-3 (]: Began executing node model.nyc_taxi_dbt.int_trip_revenue_metrics
[0m22:04:28.015577 [debug] [Thread-3 (]: Writing runtime sql for node "model.nyc_taxi_dbt.int_trip_revenue_metrics"
[0m22:04:28.015840 [debug] [Thread-4 (]: Began executing node model.nyc_taxi_dbt.int_trips_with_time_features
[0m22:04:28.017819 [debug] [Thread-4 (]: Writing runtime sql for node "model.nyc_taxi_dbt.int_trips_with_time_features"
[0m22:04:28.018571 [debug] [Thread-3 (]: Using duckdb connection "model.nyc_taxi_dbt.int_trip_revenue_metrics"
[0m22:04:28.018790 [debug] [Thread-3 (]: On model.nyc_taxi_dbt.int_trip_revenue_metrics: BEGIN
[0m22:04:28.018973 [debug] [Thread-3 (]: Opening a new connection, currently in state closed
[0m22:04:28.019132 [debug] [Thread-4 (]: Using duckdb connection "model.nyc_taxi_dbt.int_trips_with_time_features"
[0m22:04:28.019408 [debug] [Thread-4 (]: On model.nyc_taxi_dbt.int_trips_with_time_features: BEGIN
[0m22:04:28.019552 [debug] [Thread-4 (]: Opening a new connection, currently in state init
[0m22:04:28.019692 [debug] [Thread-3 (]: SQL status: OK in 0.001 seconds
[0m22:04:28.019921 [debug] [Thread-3 (]: Using duckdb connection "model.nyc_taxi_dbt.int_trip_revenue_metrics"
[0m22:04:28.020167 [debug] [Thread-3 (]: On model.nyc_taxi_dbt.int_trip_revenue_metrics: /* {"app": "dbt", "dbt_version": "1.11.8", "profile_name": "nyc_taxi_dbt", "target_name": "dev", "node_id": "model.nyc_taxi_dbt.int_trip_revenue_metrics"} */

  
  create view "nyc_taxi"."main_intermediate"."int_trip_revenue_metrics__dbt_tmp" as (
    -- =============================================================
--  models/intermediate/int_trip_revenue_metrics.sql
--
--  WHAT THIS MODEL DOES:
--  Calculates money and fare-related metrics for every trip.
--  Multiple mart models need these calculations — writing them
--  here once prevents copy-pasting the same CASE statements
--  across multiple files.
--
--  New columns added:
--    tip_percentage    → tip as a % of the base fare
--    revenue_per_mile  → total amount ÷ trip distance
--    revenue_per_min   → total amount ÷ trip duration
--    payment_label     → "Credit Card" instead of the number 1
--    tip_tier          → "No Tip", "Low", "Medium", "High"
--    fare_bucket       → fare grouped into $5 ranges
--
-- =============================================================

with trips as (
    -- ref() references upstream models
    -- dbt automatically figures out the order to build models
    select * from "nyc_taxi"."main_staging"."stg_yellow_taxi_trips"

),

revenue_metrics as (

    select

        -- ── All columns from staging ──────────────────────────
        *,

        -- ── Tip percentage ────────────────────────────────────
        -- How much did the passenger tip relative to the base fare?
        case
            when fare_amount > 0
            then round((tip_amount / fare_amount) * 100, 2)
            else 0
        end                                     as tip_percentage,

        -- ── Revenue per mile ──────────────────────────────────
        -- Useful for comparing efficiency of short vs long trips
        case
            when trip_distance > 0
            then round(total_amount / trip_distance, 2)
            else null
        end                                     as revenue_per_mile,

        -- ── Revenue per minute ────────────────────────────────
        case
            when trip_duration_minutes > 0
            then round(total_amount / trip_duration_minutes, 2)
            else null
        end                                     as revenue_per_minute,

        -- ── Payment label ─────────────────────────────────────
        -- Turns the integer code into a readable string
        case payment_type
            when 1 then 'Credit Card'
            when 2 then 'Cash'
            when 3 then 'No Charge'
            when 4 then 'Dispute'
            else        'Unknown'
        end                                     as payment_label,

        -- ── Tip tier ──────────────────────────────────────────
        -- Buckets trips by how much was tipped
        case
            when tip_amount = 0              then 'No Tip'
            when tip_amount < 2              then 'Low  (under $2)'
            when tip_amount between 2 and 5  then 'Medium ($2–$5)'
            else                                  'High (over $5)'
        end                                     as tip_tier,

        -- ── Fare bucket ───────────────────────────────────────
        -- Groups base fares into $5/$10 ranges
        case
            when fare_amount < 5             then '$0–$5'
            when fare_amount < 10            then '$5–$10'
            when fare_amount < 20            then '$10–$20'
            when fare_amount < 30            then '$20–$30'
            else                                  '$30+'
        end                                     as fare_bucket

    from trips

)

select * from revenue_metrics
  );

[0m22:04:28.020539 [debug] [Thread-4 (]: SQL status: OK in 0.001 seconds
[0m22:04:28.020685 [debug] [Thread-4 (]: Using duckdb connection "model.nyc_taxi_dbt.int_trips_with_time_features"
[0m22:04:28.020897 [debug] [Thread-4 (]: On model.nyc_taxi_dbt.int_trips_with_time_features: /* {"app": "dbt", "dbt_version": "1.11.8", "profile_name": "nyc_taxi_dbt", "target_name": "dev", "node_id": "model.nyc_taxi_dbt.int_trips_with_time_features"} */

  
  create view "nyc_taxi"."main_intermediate"."int_trips_with_time_features__dbt_tmp" as (
    -- =============================================================
--  models/intermediate/int_trips_with_time_features.sql
--
--  WHAT THIS MODEL DOES:
--  Takes the clean staging data and adds time-based columns that
--  multiple mart models will need. Instead of repeating this logic
--  in every mart, we write it once here.
--
--  New columns added:
--    pickup_hour     → 0 to 23
--    day_of_week     → 0 (Sunday) to 6 (Saturday)
--    day_name        → "Monday", "Tuesday", etc.
--    pickup_date     → just the date, no time (e.g. 2024-01-15)
--    time_of_day     → "Morning Rush", "Evening Rush", "Midday", etc.
--    is_weekend      → true / false
--
-- =============================================================

with trips as (

    -- ref() references upstream models
    -- dbt automatically figures out the order to build models
    select * from "nyc_taxi"."main_staging"."stg_yellow_taxi_trips"

),

time_features as (

    select

        -- ── All columns from staging ──────────────────────────
        *,

        -- ── Hour of pickup (0 = midnight, 23 = 11pm) ─────────
        extract(hour from pickup_at)            as pickup_hour,

        -- ── Day of week (0 = Sunday, 6 = Saturday) ───────────
        extract(dow from pickup_at)             as day_of_week,

        -- ── Human-readable day name ───────────────────────────
        dayname(pickup_at)                      as day_name,

        -- ── Date only — useful for daily GROUP BY queries ─────
        pickup_at::date                         as pickup_date,

        -- ── Time-of-day bucket ────────────────────────────────
        -- This classifies each trip into a named period
        case
            when extract(hour from pickup_at) between 7  and 9  then 'Morning Rush'
            when extract(hour from pickup_at) between 16 and 19 then 'Evening Rush'
            when extract(hour from pickup_at) between 10 and 15 then 'Midday'
            when extract(hour from pickup_at) between 20 and 23 then 'Night'
            else                                                      'Early Morning'
        end                                     as time_of_day,

        -- ── Weekend flag ──────────────────────────────────────
        -- In DuckDB, dow: 0 = Sunday, 6 = Saturday
        case
            when extract(dow from pickup_at) in (0, 6) then true
            else false
        end                                     as is_weekend

    from trips

)

select * from time_features
  );

[0m22:04:28.021826 [debug] [Thread-3 (]: SQL status: OK in 0.001 seconds
[0m22:04:28.022015 [debug] [Thread-4 (]: SQL status: OK in 0.001 seconds
[0m22:04:28.023554 [debug] [Thread-3 (]: Using duckdb connection "model.nyc_taxi_dbt.int_trip_revenue_metrics"
[0m22:04:28.026150 [debug] [Thread-4 (]: Using duckdb connection "model.nyc_taxi_dbt.int_trips_with_time_features"
[0m22:04:28.026401 [debug] [Thread-3 (]: On model.nyc_taxi_dbt.int_trip_revenue_metrics: /* {"app": "dbt", "dbt_version": "1.11.8", "profile_name": "nyc_taxi_dbt", "target_name": "dev", "node_id": "model.nyc_taxi_dbt.int_trip_revenue_metrics"} */
alter view "nyc_taxi"."main_intermediate"."int_trip_revenue_metrics" rename to "int_trip_revenue_metrics__dbt_backup"
[0m22:04:28.026604 [debug] [Thread-4 (]: On model.nyc_taxi_dbt.int_trips_with_time_features: /* {"app": "dbt", "dbt_version": "1.11.8", "profile_name": "nyc_taxi_dbt", "target_name": "dev", "node_id": "model.nyc_taxi_dbt.int_trips_with_time_features"} */
alter view "nyc_taxi"."main_intermediate"."int_trips_with_time_features" rename to "int_trips_with_time_features__dbt_backup"
[0m22:04:28.027047 [debug] [Thread-3 (]: SQL status: OK in 0.000 seconds
[0m22:04:28.027197 [debug] [Thread-4 (]: SQL status: OK in 0.000 seconds
[0m22:04:28.028786 [debug] [Thread-3 (]: Using duckdb connection "model.nyc_taxi_dbt.int_trip_revenue_metrics"
[0m22:04:28.030051 [debug] [Thread-4 (]: Using duckdb connection "model.nyc_taxi_dbt.int_trips_with_time_features"
[0m22:04:28.030218 [debug] [Thread-3 (]: On model.nyc_taxi_dbt.int_trip_revenue_metrics: /* {"app": "dbt", "dbt_version": "1.11.8", "profile_name": "nyc_taxi_dbt", "target_name": "dev", "node_id": "model.nyc_taxi_dbt.int_trip_revenue_metrics"} */
alter view "nyc_taxi"."main_intermediate"."int_trip_revenue_metrics__dbt_tmp" rename to "int_trip_revenue_metrics"
[0m22:04:28.030384 [debug] [Thread-4 (]: On model.nyc_taxi_dbt.int_trips_with_time_features: /* {"app": "dbt", "dbt_version": "1.11.8", "profile_name": "nyc_taxi_dbt", "target_name": "dev", "node_id": "model.nyc_taxi_dbt.int_trips_with_time_features"} */
alter view "nyc_taxi"."main_intermediate"."int_trips_with_time_features__dbt_tmp" rename to "int_trips_with_time_features"
[0m22:04:28.030669 [debug] [Thread-3 (]: SQL status: OK in 0.000 seconds
[0m22:04:28.030823 [debug] [Thread-4 (]: SQL status: OK in 0.000 seconds
[0m22:04:28.031439 [debug] [Thread-3 (]: On model.nyc_taxi_dbt.int_trip_revenue_metrics: COMMIT
[0m22:04:28.031995 [debug] [Thread-4 (]: On model.nyc_taxi_dbt.int_trips_with_time_features: COMMIT
[0m22:04:28.032149 [debug] [Thread-3 (]: Using duckdb connection "model.nyc_taxi_dbt.int_trip_revenue_metrics"
[0m22:04:28.032296 [debug] [Thread-4 (]: Using duckdb connection "model.nyc_taxi_dbt.int_trips_with_time_features"
[0m22:04:28.032437 [debug] [Thread-3 (]: On model.nyc_taxi_dbt.int_trip_revenue_metrics: COMMIT
[0m22:04:28.032601 [debug] [Thread-4 (]: On model.nyc_taxi_dbt.int_trips_with_time_features: COMMIT
[0m22:04:28.033067 [debug] [Thread-3 (]: SQL status: OK in 0.000 seconds
[0m22:04:28.033242 [debug] [Thread-4 (]: SQL status: OK in 0.000 seconds
[0m22:04:28.034595 [debug] [Thread-3 (]: Using duckdb connection "model.nyc_taxi_dbt.int_trip_revenue_metrics"
[0m22:04:28.035723 [debug] [Thread-4 (]: Using duckdb connection "model.nyc_taxi_dbt.int_trips_with_time_features"
[0m22:04:28.035888 [debug] [Thread-3 (]: On model.nyc_taxi_dbt.int_trip_revenue_metrics: /* {"app": "dbt", "dbt_version": "1.11.8", "profile_name": "nyc_taxi_dbt", "target_name": "dev", "node_id": "model.nyc_taxi_dbt.int_trip_revenue_metrics"} */

      drop view if exists "nyc_taxi"."main_intermediate"."int_trip_revenue_metrics__dbt_backup" cascade
    
[0m22:04:28.036060 [debug] [Thread-4 (]: On model.nyc_taxi_dbt.int_trips_with_time_features: /* {"app": "dbt", "dbt_version": "1.11.8", "profile_name": "nyc_taxi_dbt", "target_name": "dev", "node_id": "model.nyc_taxi_dbt.int_trips_with_time_features"} */

      drop view if exists "nyc_taxi"."main_intermediate"."int_trips_with_time_features__dbt_backup" cascade
    
[0m22:04:28.036488 [debug] [Thread-3 (]: SQL status: OK in 0.000 seconds
[0m22:04:28.036625 [debug] [Thread-4 (]: SQL status: OK in 0.000 seconds
[0m22:04:28.037200 [debug] [Thread-3 (]: On model.nyc_taxi_dbt.int_trip_revenue_metrics: Close
[0m22:04:28.037710 [debug] [Thread-4 (]: On model.nyc_taxi_dbt.int_trips_with_time_features: Close
[0m22:04:28.037983 [debug] [Thread-3 (]: Sending event: {'category': 'dbt', 'action': 'run_model', 'label': 'c6b28563-e810-4276-8efa-c832b540b2b8', 'context': [<snowplow_tracker.self_describing_json.SelfDescribingJson object at 0x116653fd0>]}
[0m22:04:28.038241 [debug] [Thread-4 (]: Sending event: {'category': 'dbt', 'action': 'run_model', 'label': 'c6b28563-e810-4276-8efa-c832b540b2b8', 'context': [<snowplow_tracker.self_describing_json.SelfDescribingJson object at 0x117705e90>]}
[0m22:04:28.038464 [info ] [Thread-3 (]: 2 of 6 OK created sql view model main_intermediate.int_trip_revenue_metrics .... [[32mOK[0m in 0.05s]
[0m22:04:28.038726 [info ] [Thread-4 (]: 3 of 6 OK created sql view model main_intermediate.int_trips_with_time_features  [[32mOK[0m in 0.05s]
[0m22:04:28.038966 [debug] [Thread-3 (]: Finished running node model.nyc_taxi_dbt.int_trip_revenue_metrics
[0m22:04:28.039173 [debug] [Thread-4 (]: Finished running node model.nyc_taxi_dbt.int_trips_with_time_features
[0m22:04:28.039432 [debug] [Thread-1 (]: Began running node model.nyc_taxi_dbt.mart_payment_analysis
[0m22:04:28.039639 [debug] [Thread-3 (]: Began running node model.nyc_taxi_dbt.mart_daily_trip_summary
[0m22:04:28.039769 [debug] [Thread-4 (]: Began running node model.nyc_taxi_dbt.mart_hourly_demand
[0m22:04:28.039938 [info ] [Thread-1 (]: 4 of 6 START sql table model main_marts.mart_payment_analysis .................. [RUN]
[0m22:04:28.040168 [info ] [Thread-3 (]: 5 of 6 START sql table model main_marts.mart_daily_trip_summary ................ [RUN]
[0m22:04:28.040379 [info ] [Thread-4 (]: 6 of 6 START sql table model main_marts.mart_hourly_demand ..................... [RUN]
[0m22:04:28.040570 [debug] [Thread-1 (]: Re-using an available connection from the pool (formerly model.nyc_taxi_dbt.stg_yellow_taxi_trips, now model.nyc_taxi_dbt.mart_payment_analysis)
[0m22:04:28.040738 [debug] [Thread-3 (]: Re-using an available connection from the pool (formerly model.nyc_taxi_dbt.int_trip_revenue_metrics, now model.nyc_taxi_dbt.mart_daily_trip_summary)
[0m22:04:28.040907 [debug] [Thread-4 (]: Re-using an available connection from the pool (formerly model.nyc_taxi_dbt.int_trips_with_time_features, now model.nyc_taxi_dbt.mart_hourly_demand)
[0m22:04:28.041057 [debug] [Thread-1 (]: Began compiling node model.nyc_taxi_dbt.mart_payment_analysis
[0m22:04:28.041196 [debug] [Thread-3 (]: Began compiling node model.nyc_taxi_dbt.mart_daily_trip_summary
[0m22:04:28.041329 [debug] [Thread-4 (]: Began compiling node model.nyc_taxi_dbt.mart_hourly_demand
[0m22:04:28.042894 [debug] [Thread-1 (]: Writing injected SQL for node "model.nyc_taxi_dbt.mart_payment_analysis"
[0m22:04:28.044464 [debug] [Thread-3 (]: Writing injected SQL for node "model.nyc_taxi_dbt.mart_daily_trip_summary"
[0m22:04:28.045769 [debug] [Thread-4 (]: Writing injected SQL for node "model.nyc_taxi_dbt.mart_hourly_demand"
[0m22:04:28.046169 [debug] [Thread-1 (]: Began executing node model.nyc_taxi_dbt.mart_payment_analysis
[0m22:04:28.046316 [debug] [Thread-3 (]: Began executing node model.nyc_taxi_dbt.mart_daily_trip_summary
[0m22:04:28.046450 [debug] [Thread-4 (]: Began executing node model.nyc_taxi_dbt.mart_hourly_demand
[0m22:04:28.055463 [debug] [Thread-1 (]: Writing runtime sql for node "model.nyc_taxi_dbt.mart_payment_analysis"
[0m22:04:28.060675 [debug] [Thread-3 (]: Writing runtime sql for node "model.nyc_taxi_dbt.mart_daily_trip_summary"
[0m22:04:28.068321 [debug] [Thread-4 (]: Writing runtime sql for node "model.nyc_taxi_dbt.mart_hourly_demand"
[0m22:04:28.069481 [debug] [Thread-3 (]: Using duckdb connection "model.nyc_taxi_dbt.mart_daily_trip_summary"
[0m22:04:28.069722 [debug] [Thread-1 (]: Using duckdb connection "model.nyc_taxi_dbt.mart_payment_analysis"
[0m22:04:28.069935 [debug] [Thread-4 (]: Using duckdb connection "model.nyc_taxi_dbt.mart_hourly_demand"
[0m22:04:28.070105 [debug] [Thread-3 (]: On model.nyc_taxi_dbt.mart_daily_trip_summary: BEGIN
[0m22:04:28.070281 [debug] [Thread-1 (]: On model.nyc_taxi_dbt.mart_payment_analysis: BEGIN
[0m22:04:28.070448 [debug] [Thread-4 (]: On model.nyc_taxi_dbt.mart_hourly_demand: BEGIN
[0m22:04:28.070612 [debug] [Thread-3 (]: Opening a new connection, currently in state closed
[0m22:04:28.070790 [debug] [Thread-1 (]: Opening a new connection, currently in state closed
[0m22:04:28.070932 [debug] [Thread-4 (]: Opening a new connection, currently in state closed
[0m22:04:28.071610 [debug] [Thread-1 (]: SQL status: OK in 0.001 seconds
[0m22:04:28.071777 [debug] [Thread-3 (]: SQL status: OK in 0.001 seconds
[0m22:04:28.071949 [debug] [Thread-1 (]: Using duckdb connection "model.nyc_taxi_dbt.mart_payment_analysis"
[0m22:04:28.072115 [debug] [Thread-4 (]: SQL status: OK in 0.001 seconds
[0m22:04:28.072300 [debug] [Thread-3 (]: Using duckdb connection "model.nyc_taxi_dbt.mart_daily_trip_summary"
[0m22:04:28.072560 [debug] [Thread-1 (]: On model.nyc_taxi_dbt.mart_payment_analysis: /* {"app": "dbt", "dbt_version": "1.11.8", "profile_name": "nyc_taxi_dbt", "target_name": "dev", "node_id": "model.nyc_taxi_dbt.mart_payment_analysis"} */

  
    
    

    create  table
      "nyc_taxi"."main_marts"."mart_payment_analysis__dbt_tmp"
  
    as (
      -- =============================================================
--  models/marts/mart_payment_analysis.sql
--
--  WHAT THIS MODEL DOES:
--  Analyzes tipping behavior broken down by payment method
--  and fare size. This is an insight-rich mart that answers
--  real business questions:
--    - "Do credit card users always tip more than cash users?"
--    - "At what fare amount do tips start dropping off?"
--    - "What % of trips receive no tip at all?"
--    - "Which fare bucket is most profitable per mile?"
--
--  One row per combination of: payment method + fare bucket + tip tier
--
--  Materialized as: TABLE
-- =============================================================

with revenue as (

    select * from "nyc_taxi"."main_intermediate"."int_trip_revenue_metrics"

),

-- Aggregate by payment type, fare range, and tip behavior
payment_summary as (

    select

        -- ── Dimensions ────────────────────────────────────────
        payment_label,          -- "Credit Card", "Cash", etc.
        fare_bucket,            -- "$5–$10", "$10–$20", etc.
        tip_tier,               -- "No Tip", "Low", "Medium", "High"

        -- ── Volume ────────────────────────────────────────────
        count(*)                                            as total_trips,

        -- ── Tip metrics ───────────────────────────────────────
        round(avg(tip_percentage),  2)                      as avg_tip_pct,
        round(avg(tip_amount),      2)                      as avg_tip_dollars,
        round(min(tip_amount),      2)                      as min_tip,
        round(max(tip_amount),      2)                      as max_tip,

        -- ── Fare metrics ──────────────────────────────────────
        round(avg(fare_amount),     2)                      as avg_fare,
        round(avg(total_amount),    2)                      as avg_total_charged,

        -- ── Efficiency metrics ────────────────────────────────
        round(avg(revenue_per_mile),    2)                  as avg_revenue_per_mile,
        round(avg(revenue_per_minute),  2)                  as avg_revenue_per_minute,

        -- ── No-tip rate ───────────────────────────────────────
        -- What % of trips in this group received zero tip?
        round(
            sum(case when tip_amount = 0 then 1 else 0 end) * 100.0
            / nullif(count(*), 0),
        2)                                                  as pct_trips_no_tip

    from revenue
    group by
        payment_label,
        fare_bucket,
        tip_tier

)

select * from payment_summary
order by
    payment_label,
    fare_bucket,
    tip_tier
    );
  
  
[0m22:04:28.072805 [debug] [Thread-4 (]: Using duckdb connection "model.nyc_taxi_dbt.mart_hourly_demand"
[0m22:04:28.073145 [debug] [Thread-3 (]: On model.nyc_taxi_dbt.mart_daily_trip_summary: /* {"app": "dbt", "dbt_version": "1.11.8", "profile_name": "nyc_taxi_dbt", "target_name": "dev", "node_id": "model.nyc_taxi_dbt.mart_daily_trip_summary"} */

  
    
    

    create  table
      "nyc_taxi"."main_marts"."mart_daily_trip_summary__dbt_tmp"
  
    as (
      -- =============================================================
--  models/marts/mart_daily_trip_summary.sql
--
--  WHAT THIS MODEL DOES:
--  Aggregates millions of individual trip rows into one row
--  per day per payment type. This is the table a manager or
--  BI dashboard would query to answer questions like:
--    - "How much revenue did we make on January 15th?"
--    - "Do credit card users spend more than cash users?"
--    - "Which days of the week are busiest?"
--
--  Materialized as: TABLE (a real table in the database)
--  Downstream use: Tableau, Power BI, Metabase, Looker, etc.
-- =============================================================

with time_data as (

    select * from "nyc_taxi"."main_intermediate"."int_trips_with_time_features"

),

revenue_data as (

    select
        trip_id,
        payment_label,
        total_amount,
        tip_amount,
        fare_amount,
        revenue_per_mile
    from "nyc_taxi"."main_intermediate"."int_trip_revenue_metrics"

),

-- Join the two intermediate models together on trip_id
joined as (

    select
        t.trip_id,
        t.pickup_date,
        t.day_name,
        t.is_weekend,
        t.trip_distance,
        t.trip_duration_minutes,
        r.payment_label,
        r.total_amount,
        r.tip_amount,
        r.fare_amount,
        r.revenue_per_mile

    from time_data t
    inner join revenue_data r on t.trip_id = r.trip_id

),

-- Aggregate to one row per day per payment type
daily_summary as (

    select

        -- ── Dimensions (what we're grouping by) ───────────────
        pickup_date,
        day_name,
        is_weekend,
        payment_label,

        -- ── Trip volume ───────────────────────────────────────
        count(*)                                        as total_trips,

        -- ── Revenue metrics ───────────────────────────────────
        round(sum(total_amount),  2)                    as total_revenue,
        round(avg(total_amount),  2)                    as avg_fare_per_trip,
        round(avg(tip_amount),    2)                    as avg_tip_amount,

        -- Overall tip rate for this day/payment group
        round(
            sum(tip_amount) / nullif(sum(fare_amount), 0) * 100,
        2)                                              as tip_rate_pct,

        -- ── Trip characteristics ──────────────────────────────
        round(avg(trip_distance),          2)           as avg_distance_miles,
        round(avg(trip_duration_minutes),  1)           as avg_duration_minutes,
        round(avg(revenue_per_mile),       2)           as avg_revenue_per_mile

    from joined
    group by
        pickup_date,
        day_name,
        is_weekend,
        payment_label

)

select * from daily_summary
order by pickup_date, payment_label
    );
  
  
[0m22:04:28.075481 [debug] [Thread-4 (]: On model.nyc_taxi_dbt.mart_hourly_demand: /* {"app": "dbt", "dbt_version": "1.11.8", "profile_name": "nyc_taxi_dbt", "target_name": "dev", "node_id": "model.nyc_taxi_dbt.mart_hourly_demand"} */

  
    
    

    create  table
      "nyc_taxi"."main_marts"."mart_hourly_demand__dbt_tmp"
  
    as (
      -- =============================================================
--  models/marts/mart_hourly_demand.sql
--
--  WHAT THIS MODEL DOES:
--  Answers "when and where are taxis most in demand?"
--  One row per day + hour + pickup zone combination.
--  Useful for visualizing heatmaps, rush hour patterns,
--  and which neighborhoods generate the most trips.

--  Materialized as: TABLE
-- =============================================================

with trips as (

    select * from "nyc_taxi"."main_intermediate"."int_trips_with_time_features"

),

hourly_aggregated as (

    select

        -- ── Dimensions ────────────────────────────────────────
        pickup_date,
        pickup_hour,
        day_name,
        is_weekend,
        time_of_day,            -- "Morning Rush", "Evening Rush", etc.
        pickup_location_id,

        -- ── Volume metrics ────────────────────────────────────
        count(*)                                        as total_trips,

        -- ── Trip characteristics ──────────────────────────────
        round(avg(trip_distance),          2)           as avg_distance_miles,
        round(avg(trip_duration_minutes),  1)           as avg_duration_minutes,
        round(sum(trip_distance),          2)           as total_miles_traveled

    from trips
    group by
        pickup_date,
        pickup_hour,
        day_name,
        is_weekend,
        time_of_day,
        pickup_location_id

),

with_rankings as (

    select
        *,

        -- ── Rank each hour within a given day ─────────────────
        -- rank 1 = busiest hour of that day
        rank() over (
            partition by pickup_date
            order by total_trips desc
        )                                               as hour_rank_that_day,

        -- ── Rank each pickup zone for each hour ───────────────
        -- rank 1 = busiest zone during that hour
        rank() over (
            partition by pickup_date, pickup_hour
            order by total_trips desc
        )                                               as zone_rank_that_hour

    from hourly_aggregated

)

select * from with_rankings
order by pickup_date, pickup_hour, total_trips desc
    );
  
  
[0m22:04:28.847663 [debug] [Thread-4 (]: SQL status: OK in 0.770 seconds
[0m22:04:28.861067 [debug] [Thread-4 (]: Using duckdb connection "model.nyc_taxi_dbt.mart_hourly_demand"
[0m22:04:28.861445 [debug] [Thread-4 (]: On model.nyc_taxi_dbt.mart_hourly_demand: /* {"app": "dbt", "dbt_version": "1.11.8", "profile_name": "nyc_taxi_dbt", "target_name": "dev", "node_id": "model.nyc_taxi_dbt.mart_hourly_demand"} */

    SELECT index_name
    FROM duckdb_indexes()
    WHERE schema_name = 'main_marts'
      AND table_name = 'mart_hourly_demand'
  
[0m22:04:28.862683 [debug] [Thread-4 (]: SQL status: OK in 0.001 seconds
[0m22:04:28.867753 [debug] [Thread-4 (]: Using duckdb connection "model.nyc_taxi_dbt.mart_hourly_demand"
[0m22:04:28.868586 [debug] [Thread-4 (]: On model.nyc_taxi_dbt.mart_hourly_demand: /* {"app": "dbt", "dbt_version": "1.11.8", "profile_name": "nyc_taxi_dbt", "target_name": "dev", "node_id": "model.nyc_taxi_dbt.mart_hourly_demand"} */

    SELECT COUNT(*) as remaining_indexes
    FROM duckdb_indexes()
    WHERE schema_name = 'main_marts'
      AND table_name = 'mart_hourly_demand'
  
[0m22:04:28.870164 [debug] [Thread-4 (]: SQL status: OK in 0.001 seconds
[0m22:04:28.878579 [debug] [Thread-4 (]: Using duckdb connection "model.nyc_taxi_dbt.mart_hourly_demand"
[0m22:04:28.878867 [debug] [Thread-4 (]: On model.nyc_taxi_dbt.mart_hourly_demand: /* {"app": "dbt", "dbt_version": "1.11.8", "profile_name": "nyc_taxi_dbt", "target_name": "dev", "node_id": "model.nyc_taxi_dbt.mart_hourly_demand"} */
alter table "nyc_taxi"."main_marts"."mart_hourly_demand" rename to "mart_hourly_demand__dbt_backup"
[0m22:04:28.879491 [debug] [Thread-4 (]: SQL status: OK in 0.000 seconds
[0m22:04:28.881309 [debug] [Thread-4 (]: Using duckdb connection "model.nyc_taxi_dbt.mart_hourly_demand"
[0m22:04:28.881559 [debug] [Thread-4 (]: On model.nyc_taxi_dbt.mart_hourly_demand: /* {"app": "dbt", "dbt_version": "1.11.8", "profile_name": "nyc_taxi_dbt", "target_name": "dev", "node_id": "model.nyc_taxi_dbt.mart_hourly_demand"} */
alter table "nyc_taxi"."main_marts"."mart_hourly_demand__dbt_tmp" rename to "mart_hourly_demand"
[0m22:04:28.881938 [debug] [Thread-4 (]: SQL status: OK in 0.000 seconds
[0m22:04:28.884873 [debug] [Thread-4 (]: On model.nyc_taxi_dbt.mart_hourly_demand: COMMIT
[0m22:04:28.885492 [debug] [Thread-4 (]: Using duckdb connection "model.nyc_taxi_dbt.mart_hourly_demand"
[0m22:04:28.885676 [debug] [Thread-4 (]: On model.nyc_taxi_dbt.mart_hourly_demand: COMMIT
[0m22:04:28.893092 [debug] [Thread-4 (]: SQL status: OK in 0.007 seconds
[0m22:04:28.895063 [debug] [Thread-4 (]: Using duckdb connection "model.nyc_taxi_dbt.mart_hourly_demand"
[0m22:04:28.895394 [debug] [Thread-4 (]: On model.nyc_taxi_dbt.mart_hourly_demand: /* {"app": "dbt", "dbt_version": "1.11.8", "profile_name": "nyc_taxi_dbt", "target_name": "dev", "node_id": "model.nyc_taxi_dbt.mart_hourly_demand"} */

      drop table if exists "nyc_taxi"."main_marts"."mart_hourly_demand__dbt_backup" cascade
    
[0m22:04:28.895997 [debug] [Thread-4 (]: SQL status: OK in 0.000 seconds
[0m22:04:28.897046 [debug] [Thread-4 (]: On model.nyc_taxi_dbt.mart_hourly_demand: Close
[0m22:04:28.898167 [debug] [Thread-4 (]: Sending event: {'category': 'dbt', 'action': 'run_model', 'label': 'c6b28563-e810-4276-8efa-c832b540b2b8', 'context': [<snowplow_tracker.self_describing_json.SelfDescribingJson object at 0x11775fa50>]}
[0m22:04:28.900506 [info ] [Thread-4 (]: 6 of 6 OK created sql table model main_marts.mart_hourly_demand ................ [[32mOK[0m in 0.86s]
[0m22:04:28.900989 [debug] [Thread-4 (]: Finished running node model.nyc_taxi_dbt.mart_hourly_demand
[0m22:04:29.128850 [debug] [Thread-1 (]: SQL status: OK in 1.055 seconds
[0m22:04:29.131461 [debug] [Thread-1 (]: Using duckdb connection "model.nyc_taxi_dbt.mart_payment_analysis"
[0m22:04:29.131973 [debug] [Thread-1 (]: On model.nyc_taxi_dbt.mart_payment_analysis: /* {"app": "dbt", "dbt_version": "1.11.8", "profile_name": "nyc_taxi_dbt", "target_name": "dev", "node_id": "model.nyc_taxi_dbt.mart_payment_analysis"} */

    SELECT index_name
    FROM duckdb_indexes()
    WHERE schema_name = 'main_marts'
      AND table_name = 'mart_payment_analysis'
  
[0m22:04:29.134294 [debug] [Thread-1 (]: SQL status: OK in 0.002 seconds
[0m22:04:29.136146 [debug] [Thread-1 (]: Using duckdb connection "model.nyc_taxi_dbt.mart_payment_analysis"
[0m22:04:29.136620 [debug] [Thread-1 (]: On model.nyc_taxi_dbt.mart_payment_analysis: /* {"app": "dbt", "dbt_version": "1.11.8", "profile_name": "nyc_taxi_dbt", "target_name": "dev", "node_id": "model.nyc_taxi_dbt.mart_payment_analysis"} */

    SELECT COUNT(*) as remaining_indexes
    FROM duckdb_indexes()
    WHERE schema_name = 'main_marts'
      AND table_name = 'mart_payment_analysis'
  
[0m22:04:29.137452 [debug] [Thread-1 (]: SQL status: OK in 0.001 seconds
[0m22:04:29.141789 [debug] [Thread-1 (]: Using duckdb connection "model.nyc_taxi_dbt.mart_payment_analysis"
[0m22:04:29.142486 [debug] [Thread-1 (]: On model.nyc_taxi_dbt.mart_payment_analysis: /* {"app": "dbt", "dbt_version": "1.11.8", "profile_name": "nyc_taxi_dbt", "target_name": "dev", "node_id": "model.nyc_taxi_dbt.mart_payment_analysis"} */
alter table "nyc_taxi"."main_marts"."mart_payment_analysis" rename to "mart_payment_analysis__dbt_backup"
[0m22:04:29.143846 [debug] [Thread-1 (]: SQL status: OK in 0.001 seconds
[0m22:04:29.146612 [debug] [Thread-1 (]: Using duckdb connection "model.nyc_taxi_dbt.mart_payment_analysis"
[0m22:04:29.147004 [debug] [Thread-1 (]: On model.nyc_taxi_dbt.mart_payment_analysis: /* {"app": "dbt", "dbt_version": "1.11.8", "profile_name": "nyc_taxi_dbt", "target_name": "dev", "node_id": "model.nyc_taxi_dbt.mart_payment_analysis"} */
alter table "nyc_taxi"."main_marts"."mart_payment_analysis__dbt_tmp" rename to "mart_payment_analysis"
[0m22:04:29.147577 [debug] [Thread-1 (]: SQL status: OK in 0.000 seconds
[0m22:04:29.148748 [debug] [Thread-1 (]: On model.nyc_taxi_dbt.mart_payment_analysis: COMMIT
[0m22:04:29.149062 [debug] [Thread-1 (]: Using duckdb connection "model.nyc_taxi_dbt.mart_payment_analysis"
[0m22:04:29.150157 [debug] [Thread-1 (]: On model.nyc_taxi_dbt.mart_payment_analysis: COMMIT
[0m22:04:29.151396 [debug] [Thread-1 (]: SQL status: OK in 0.001 seconds
[0m22:04:29.153140 [debug] [Thread-1 (]: Using duckdb connection "model.nyc_taxi_dbt.mart_payment_analysis"
[0m22:04:29.153409 [debug] [Thread-1 (]: On model.nyc_taxi_dbt.mart_payment_analysis: /* {"app": "dbt", "dbt_version": "1.11.8", "profile_name": "nyc_taxi_dbt", "target_name": "dev", "node_id": "model.nyc_taxi_dbt.mart_payment_analysis"} */

      drop table if exists "nyc_taxi"."main_marts"."mart_payment_analysis__dbt_backup" cascade
    
[0m22:04:29.154095 [debug] [Thread-1 (]: SQL status: OK in 0.000 seconds
[0m22:04:29.155085 [debug] [Thread-1 (]: On model.nyc_taxi_dbt.mart_payment_analysis: Close
[0m22:04:29.155638 [debug] [Thread-1 (]: Sending event: {'category': 'dbt', 'action': 'run_model', 'label': 'c6b28563-e810-4276-8efa-c832b540b2b8', 'context': [<snowplow_tracker.self_describing_json.SelfDescribingJson object at 0x117311550>]}
[0m22:04:29.156166 [info ] [Thread-1 (]: 4 of 6 OK created sql table model main_marts.mart_payment_analysis ............. [[32mOK[0m in 1.11s]
[0m22:04:29.156531 [debug] [Thread-1 (]: Finished running node model.nyc_taxi_dbt.mart_payment_analysis
[0m22:04:29.558465 [debug] [Thread-3 (]: SQL status: OK in 1.482 seconds
[0m22:04:29.559141 [debug] [Thread-3 (]: Using duckdb connection "model.nyc_taxi_dbt.mart_daily_trip_summary"
[0m22:04:29.559320 [debug] [Thread-3 (]: On model.nyc_taxi_dbt.mart_daily_trip_summary: /* {"app": "dbt", "dbt_version": "1.11.8", "profile_name": "nyc_taxi_dbt", "target_name": "dev", "node_id": "model.nyc_taxi_dbt.mart_daily_trip_summary"} */

    SELECT index_name
    FROM duckdb_indexes()
    WHERE schema_name = 'main_marts'
      AND table_name = 'mart_daily_trip_summary'
  
[0m22:04:29.559745 [debug] [Thread-3 (]: SQL status: OK in 0.000 seconds
[0m22:04:29.560368 [debug] [Thread-3 (]: Using duckdb connection "model.nyc_taxi_dbt.mart_daily_trip_summary"
[0m22:04:29.560530 [debug] [Thread-3 (]: On model.nyc_taxi_dbt.mart_daily_trip_summary: /* {"app": "dbt", "dbt_version": "1.11.8", "profile_name": "nyc_taxi_dbt", "target_name": "dev", "node_id": "model.nyc_taxi_dbt.mart_daily_trip_summary"} */

    SELECT COUNT(*) as remaining_indexes
    FROM duckdb_indexes()
    WHERE schema_name = 'main_marts'
      AND table_name = 'mart_daily_trip_summary'
  
[0m22:04:29.560910 [debug] [Thread-3 (]: SQL status: OK in 0.000 seconds
[0m22:04:29.563662 [debug] [Thread-3 (]: Using duckdb connection "model.nyc_taxi_dbt.mart_daily_trip_summary"
[0m22:04:29.563834 [debug] [Thread-3 (]: On model.nyc_taxi_dbt.mart_daily_trip_summary: /* {"app": "dbt", "dbt_version": "1.11.8", "profile_name": "nyc_taxi_dbt", "target_name": "dev", "node_id": "model.nyc_taxi_dbt.mart_daily_trip_summary"} */
alter table "nyc_taxi"."main_marts"."mart_daily_trip_summary" rename to "mart_daily_trip_summary__dbt_backup"
[0m22:04:29.564122 [debug] [Thread-3 (]: SQL status: OK in 0.000 seconds
[0m22:04:29.565335 [debug] [Thread-3 (]: Using duckdb connection "model.nyc_taxi_dbt.mart_daily_trip_summary"
[0m22:04:29.565480 [debug] [Thread-3 (]: On model.nyc_taxi_dbt.mart_daily_trip_summary: /* {"app": "dbt", "dbt_version": "1.11.8", "profile_name": "nyc_taxi_dbt", "target_name": "dev", "node_id": "model.nyc_taxi_dbt.mart_daily_trip_summary"} */
alter table "nyc_taxi"."main_marts"."mart_daily_trip_summary__dbt_tmp" rename to "mart_daily_trip_summary"
[0m22:04:29.565703 [debug] [Thread-3 (]: SQL status: OK in 0.000 seconds
[0m22:04:29.566313 [debug] [Thread-3 (]: On model.nyc_taxi_dbt.mart_daily_trip_summary: COMMIT
[0m22:04:29.566451 [debug] [Thread-3 (]: Using duckdb connection "model.nyc_taxi_dbt.mart_daily_trip_summary"
[0m22:04:29.566575 [debug] [Thread-3 (]: On model.nyc_taxi_dbt.mart_daily_trip_summary: COMMIT
[0m22:04:29.567122 [debug] [Thread-3 (]: SQL status: OK in 0.000 seconds
[0m22:04:29.568165 [debug] [Thread-3 (]: Using duckdb connection "model.nyc_taxi_dbt.mart_daily_trip_summary"
[0m22:04:29.568310 [debug] [Thread-3 (]: On model.nyc_taxi_dbt.mart_daily_trip_summary: /* {"app": "dbt", "dbt_version": "1.11.8", "profile_name": "nyc_taxi_dbt", "target_name": "dev", "node_id": "model.nyc_taxi_dbt.mart_daily_trip_summary"} */

      drop table if exists "nyc_taxi"."main_marts"."mart_daily_trip_summary__dbt_backup" cascade
    
[0m22:04:29.568694 [debug] [Thread-3 (]: SQL status: OK in 0.000 seconds
[0m22:04:29.569190 [debug] [Thread-3 (]: On model.nyc_taxi_dbt.mart_daily_trip_summary: Close
[0m22:04:29.569447 [debug] [Thread-3 (]: Sending event: {'category': 'dbt', 'action': 'run_model', 'label': 'c6b28563-e810-4276-8efa-c832b540b2b8', 'context': [<snowplow_tracker.self_describing_json.SelfDescribingJson object at 0x1177a5450>]}
[0m22:04:29.569701 [info ] [Thread-3 (]: 5 of 6 OK created sql table model main_marts.mart_daily_trip_summary ........... [[32mOK[0m in 1.53s]
[0m22:04:29.569923 [debug] [Thread-3 (]: Finished running node model.nyc_taxi_dbt.mart_daily_trip_summary
[0m22:04:29.571020 [debug] [MainThread]: Using duckdb connection "master"
[0m22:04:29.571203 [debug] [MainThread]: On master: BEGIN
[0m22:04:29.571331 [debug] [MainThread]: Opening a new connection, currently in state closed
[0m22:04:29.571576 [debug] [MainThread]: SQL status: OK in 0.000 seconds
[0m22:04:29.571697 [debug] [MainThread]: On master: COMMIT
[0m22:04:29.571808 [debug] [MainThread]: Using duckdb connection "master"
[0m22:04:29.571915 [debug] [MainThread]: On master: COMMIT
[0m22:04:29.572064 [debug] [MainThread]: SQL status: OK in 0.000 seconds
[0m22:04:29.572178 [debug] [MainThread]: On master: Close
[0m22:04:29.572324 [debug] [MainThread]: Connection 'master' was properly closed.
[0m22:04:29.572431 [debug] [MainThread]: Connection 'model.nyc_taxi_dbt.mart_payment_analysis' was properly closed.
[0m22:04:29.572526 [debug] [MainThread]: Connection 'list_nyc_taxi_main_staging' was properly closed.
[0m22:04:29.572617 [debug] [MainThread]: Connection 'model.nyc_taxi_dbt.mart_daily_trip_summary' was properly closed.
[0m22:04:29.572705 [debug] [MainThread]: Connection 'model.nyc_taxi_dbt.mart_hourly_demand' was properly closed.
[0m22:04:29.572889 [info ] [MainThread]: 
[0m22:04:29.573028 [info ] [MainThread]: Finished running 3 table models, 3 view models in 0 hours 0 minutes and 1.90 seconds (1.90s).
[0m22:04:29.573569 [debug] [MainThread]: Command end result
[0m22:04:29.682667 [debug] [MainThread]: Wrote artifact WritableManifest to /Users/weimincai/BIProjects/nyc_taxi_dbt/target/manifest.json
[0m22:04:29.684058 [debug] [MainThread]: Wrote artifact SemanticManifest to /Users/weimincai/BIProjects/nyc_taxi_dbt/target/semantic_manifest.json
[0m22:04:29.687174 [debug] [MainThread]: Wrote artifact RunExecutionResult to /Users/weimincai/BIProjects/nyc_taxi_dbt/target/run_results.json
[0m22:04:29.687380 [info ] [MainThread]: 
[0m22:04:29.687601 [info ] [MainThread]: [32mCompleted successfully[0m
[0m22:04:29.687798 [info ] [MainThread]: 
[0m22:04:29.688015 [info ] [MainThread]: Done. PASS=6 WARN=0 ERROR=0 SKIP=0 NO-OP=0 TOTAL=6
[0m22:04:29.688404 [warn ] [MainThread]: [[33mWARNING[0m][DeprecationsSummary]: Deprecated functionality
Summary of encountered deprecations:
- MissingArgumentsPropertyInGenericTestDeprecation: 1 occurrence
To see all deprecation instances instead of just the first occurrence of each,
run command again with the `--show-all-deprecations` flag. You may also need to
run with `--no-partial-parse` as some deprecations are only encountered during
parsing.
[0m22:04:29.691331 [debug] [MainThread]: Resource report: {"command_name": "run", "command_success": true, "command_wall_clock_time": 3.716889, "process_in_blocks": "0", "process_kernel_time": 1.163098, "process_mem_max_rss": "1174880256", "process_out_blocks": "0", "process_user_time": 9.309256}
[0m22:04:29.691648 [debug] [MainThread]: Command `dbt run` succeeded at 22:04:29.691602 after 3.72 seconds
[0m22:04:29.691849 [debug] [MainThread]: Sending event: {'category': 'dbt', 'action': 'invocation', 'label': 'end', 'context': [<snowplow_tracker.self_describing_json.SelfDescribingJson object at 0x104bbf390>, <snowplow_tracker.self_describing_json.SelfDescribingJson object at 0x104b9a050>, <snowplow_tracker.self_describing_json.SelfDescribingJson object at 0x104bb3cd0>]}
[0m22:04:29.692025 [debug] [MainThread]: Flushing usage events
[0m22:04:30.018751 [debug] [MainThread]: An error was encountered while trying to flush usage events
[0m22:05:00.739526 [debug] [MainThread]: Sending event: {'category': 'dbt', 'action': 'invocation', 'label': 'start', 'context': [<snowplow_tracker.self_describing_json.SelfDescribingJson object at 0x11377e6d0>, <snowplow_tracker.self_describing_json.SelfDescribingJson object at 0x113841650>, <snowplow_tracker.self_describing_json.SelfDescribingJson object at 0x113860b50>]}


============================== 22:05:00.742380 | 06f47448-f2b9-4163-9bce-3de250a1dbe1 ==============================
[0m22:05:00.742380 [info ] [MainThread]: Running with dbt=1.11.8
[0m22:05:00.742697 [debug] [MainThread]: running dbt with arguments {'use_experimental_parser': 'False', 'debug': 'False', 'warn_error_options': 'WarnErrorOptionsV2(error=[], warn=[], silence=[])', 'introspect': 'True', 'empty': 'None', 'no_print': 'None', 'static_parser': 'True', 'version_check': 'True', 'use_colors': 'True', 'printer_width': '80', 'log_path': '/Users/weimincai/BIProjects/nyc_taxi_dbt/logs', 'log_format': 'default', 'warn_error': 'None', 'fail_fast': 'False', 'profiles_dir': '/Users/weimincai/.dbt', 'log_cache_events': 'False', 'target_path': 'None', 'partial_parse': 'True', 'cache_selected_only': 'False', 'write_json': 'True', 'indirect_selection': 'eager', 'quiet': 'False', 'invocation_command': 'dbt docs generate', 'send_anonymous_usage_stats': 'True'}
[0m22:05:00.917765 [debug] [MainThread]: Sending event: {'category': 'dbt', 'action': 'project_id', 'label': '06f47448-f2b9-4163-9bce-3de250a1dbe1', 'context': [<snowplow_tracker.self_describing_json.SelfDescribingJson object at 0x1138a7010>]}
[0m22:05:00.944127 [debug] [MainThread]: Sending event: {'category': 'dbt', 'action': 'adapter_info', 'label': '06f47448-f2b9-4163-9bce-3de250a1dbe1', 'context': [<snowplow_tracker.self_describing_json.SelfDescribingJson object at 0x10756a710>]}
[0m22:05:00.945446 [info ] [MainThread]: Registered adapter: duckdb=1.10.1
[0m22:05:01.007518 [debug] [MainThread]: checksum: 7d524ac048c2100769df89d592e662e060a73ca564e31bd9c2a37efdfe8d8ab6, vars: {}, profile: , target: , version: 1.11.8
[0m22:05:01.130459 [debug] [MainThread]: Partial parsing enabled: 0 files deleted, 0 files added, 0 files changed.
[0m22:05:01.130683 [debug] [MainThread]: Nothing changed, skipping partial parsing.
[0m22:05:01.130805 [debug] [MainThread]: Partial parsing enabled, no changes found, skipping parsing
[0m22:05:01.152461 [debug] [MainThread]: Sending event: {'category': 'dbt', 'action': 'load_project', 'label': '06f47448-f2b9-4163-9bce-3de250a1dbe1', 'context': [<snowplow_tracker.self_describing_json.SelfDescribingJson object at 0x113f4f850>]}
[0m22:05:01.159258 [debug] [MainThread]: Sending event: {'category': 'dbt', 'action': 'resource_counts', 'label': '06f47448-f2b9-4163-9bce-3de250a1dbe1', 'context': [<snowplow_tracker.self_describing_json.SelfDescribingJson object at 0x113fc3490>]}
[0m22:05:01.159494 [info ] [MainThread]: Found 6 models, 10 data tests, 1 source, 591 macros
[0m22:05:01.159647 [debug] [MainThread]: Sending event: {'category': 'dbt', 'action': 'runnable_timing', 'label': '06f47448-f2b9-4163-9bce-3de250a1dbe1', 'context': [<snowplow_tracker.self_describing_json.SelfDescribingJson object at 0x1138b8190>]}
[0m22:05:01.160640 [info ] [MainThread]: 
[0m22:05:01.160791 [info ] [MainThread]: Concurrency: 4 threads (target='dev')
[0m22:05:01.160911 [info ] [MainThread]: 
[0m22:05:01.161111 [debug] [MainThread]: Acquiring new duckdb connection 'master'
[0m22:05:01.163231 [debug] [ThreadPool]: Acquiring new duckdb connection 'list_nyc_taxi_main_intermediate'
[0m22:05:01.163470 [debug] [ThreadPool]: Acquiring new duckdb connection 'list_nyc_taxi_main_staging'
[0m22:05:01.163708 [debug] [ThreadPool]: Acquiring new duckdb connection 'list_nyc_taxi_main_marts'
[0m22:05:01.194514 [debug] [ThreadPool]: Using duckdb connection "list_nyc_taxi_main_intermediate"
[0m22:05:01.194739 [debug] [ThreadPool]: Using duckdb connection "list_nyc_taxi_main_staging"
[0m22:05:01.194902 [debug] [ThreadPool]: Using duckdb connection "list_nyc_taxi_main_marts"
[0m22:05:01.195089 [debug] [ThreadPool]: On list_nyc_taxi_main_intermediate: BEGIN
[0m22:05:01.195259 [debug] [ThreadPool]: On list_nyc_taxi_main_staging: BEGIN
[0m22:05:01.195401 [debug] [ThreadPool]: On list_nyc_taxi_main_marts: BEGIN
[0m22:05:01.195553 [debug] [ThreadPool]: Opening a new connection, currently in state init
[0m22:05:01.195688 [debug] [ThreadPool]: Opening a new connection, currently in state init
[0m22:05:01.195817 [debug] [ThreadPool]: Opening a new connection, currently in state init
[0m22:05:01.207291 [debug] [ThreadPool]: SQL status: OK in 0.012 seconds
[0m22:05:01.207457 [debug] [ThreadPool]: SQL status: OK in 0.012 seconds
[0m22:05:01.207591 [debug] [ThreadPool]: SQL status: OK in 0.012 seconds
[0m22:05:01.207731 [debug] [ThreadPool]: Using duckdb connection "list_nyc_taxi_main_intermediate"
[0m22:05:01.207868 [debug] [ThreadPool]: Using duckdb connection "list_nyc_taxi_main_staging"
[0m22:05:01.207997 [debug] [ThreadPool]: Using duckdb connection "list_nyc_taxi_main_marts"
[0m22:05:01.208134 [debug] [ThreadPool]: On list_nyc_taxi_main_intermediate: /* {"app": "dbt", "dbt_version": "1.11.8", "profile_name": "nyc_taxi_dbt", "target_name": "dev", "connection_name": "list_nyc_taxi_main_intermediate"} */
select
      'nyc_taxi' as database,
      table_name as name,
      table_schema as schema,
      CASE table_type
        WHEN 'BASE TABLE' THEN 'table'
        WHEN 'VIEW' THEN 'view'
        WHEN 'LOCAL TEMPORARY' THEN 'table'
        END as type
    from system.information_schema.tables
    where lower(table_schema) = 'main_intermediate'
    and lower(table_catalog) = 'nyc_taxi'
  
[0m22:05:01.208298 [debug] [ThreadPool]: On list_nyc_taxi_main_staging: /* {"app": "dbt", "dbt_version": "1.11.8", "profile_name": "nyc_taxi_dbt", "target_name": "dev", "connection_name": "list_nyc_taxi_main_staging"} */
select
      'nyc_taxi' as database,
      table_name as name,
      table_schema as schema,
      CASE table_type
        WHEN 'BASE TABLE' THEN 'table'
        WHEN 'VIEW' THEN 'view'
        WHEN 'LOCAL TEMPORARY' THEN 'table'
        END as type
    from system.information_schema.tables
    where lower(table_schema) = 'main_staging'
    and lower(table_catalog) = 'nyc_taxi'
  
[0m22:05:01.208442 [debug] [ThreadPool]: On list_nyc_taxi_main_marts: /* {"app": "dbt", "dbt_version": "1.11.8", "profile_name": "nyc_taxi_dbt", "target_name": "dev", "connection_name": "list_nyc_taxi_main_marts"} */
select
      'nyc_taxi' as database,
      table_name as name,
      table_schema as schema,
      CASE table_type
        WHEN 'BASE TABLE' THEN 'table'
        WHEN 'VIEW' THEN 'view'
        WHEN 'LOCAL TEMPORARY' THEN 'table'
        END as type
    from system.information_schema.tables
    where lower(table_schema) = 'main_marts'
    and lower(table_catalog) = 'nyc_taxi'
  
[0m22:05:01.216416 [debug] [ThreadPool]: SQL status: OK in 0.008 seconds
[0m22:05:01.216599 [debug] [ThreadPool]: SQL status: OK in 0.008 seconds
[0m22:05:01.216729 [debug] [ThreadPool]: SQL status: OK in 0.008 seconds
[0m22:05:01.217607 [debug] [ThreadPool]: On list_nyc_taxi_main_marts: ROLLBACK
[0m22:05:01.218204 [debug] [ThreadPool]: On list_nyc_taxi_main_intermediate: ROLLBACK
[0m22:05:01.218697 [debug] [ThreadPool]: On list_nyc_taxi_main_staging: ROLLBACK
[0m22:05:01.219352 [debug] [ThreadPool]: Failed to rollback 'list_nyc_taxi_main_staging'
[0m22:05:01.219558 [debug] [ThreadPool]: Failed to rollback 'list_nyc_taxi_main_marts'
[0m22:05:01.219742 [debug] [ThreadPool]: Failed to rollback 'list_nyc_taxi_main_intermediate'
[0m22:05:01.219862 [debug] [ThreadPool]: On list_nyc_taxi_main_staging: Close
[0m22:05:01.219983 [debug] [ThreadPool]: On list_nyc_taxi_main_marts: Close
[0m22:05:01.220096 [debug] [ThreadPool]: On list_nyc_taxi_main_intermediate: Close
[0m22:05:01.221027 [debug] [MainThread]: Sending event: {'category': 'dbt', 'action': 'runnable_timing', 'label': '06f47448-f2b9-4163-9bce-3de250a1dbe1', 'context': [<snowplow_tracker.self_describing_json.SelfDescribingJson object at 0x113f2ed10>]}
[0m22:05:01.222441 [debug] [Thread-1 (]: Began running node model.nyc_taxi_dbt.stg_yellow_taxi_trips
[0m22:05:01.222619 [debug] [Thread-1 (]: Re-using an available connection from the pool (formerly list_nyc_taxi_main_intermediate, now model.nyc_taxi_dbt.stg_yellow_taxi_trips)
[0m22:05:01.222770 [debug] [Thread-1 (]: Began compiling node model.nyc_taxi_dbt.stg_yellow_taxi_trips
[0m22:05:01.231904 [debug] [Thread-1 (]: Writing injected SQL for node "model.nyc_taxi_dbt.stg_yellow_taxi_trips"
[0m22:05:01.232315 [debug] [Thread-1 (]: Began executing node model.nyc_taxi_dbt.stg_yellow_taxi_trips
[0m22:05:01.232618 [debug] [Thread-1 (]: Finished running node model.nyc_taxi_dbt.stg_yellow_taxi_trips
[0m22:05:01.233023 [debug] [Thread-3 (]: Began running node model.nyc_taxi_dbt.int_trip_revenue_metrics
[0m22:05:01.233180 [debug] [Thread-4 (]: Began running node model.nyc_taxi_dbt.int_trips_with_time_features
[0m22:05:01.233361 [debug] [Thread-2 (]: Began running node test.nyc_taxi_dbt.accepted_values_stg_yellow_taxi_trips_payment_type__0__1__2__3__4__5__6.b901ec3659
[0m22:05:01.233501 [debug] [Thread-1 (]: Began running node test.nyc_taxi_dbt.not_null_stg_yellow_taxi_trips_dropoff_at.73dc01c33b
[0m22:05:01.233668 [debug] [Thread-3 (]: Re-using an available connection from the pool (formerly list_nyc_taxi_main_marts, now model.nyc_taxi_dbt.int_trip_revenue_metrics)
[0m22:05:01.233875 [debug] [Thread-4 (]: Acquiring new duckdb connection 'model.nyc_taxi_dbt.int_trips_with_time_features'
[0m22:05:01.234038 [debug] [Thread-2 (]: Re-using an available connection from the pool (formerly list_nyc_taxi_main_staging, now test.nyc_taxi_dbt.accepted_values_stg_yellow_taxi_trips_payment_type__0__1__2__3__4__5__6.b901ec3659)
[0m22:05:01.234192 [debug] [Thread-1 (]: Re-using an available connection from the pool (formerly model.nyc_taxi_dbt.stg_yellow_taxi_trips, now test.nyc_taxi_dbt.not_null_stg_yellow_taxi_trips_dropoff_at.73dc01c33b)
[0m22:05:01.234345 [debug] [Thread-3 (]: Began compiling node model.nyc_taxi_dbt.int_trip_revenue_metrics
[0m22:05:01.234508 [debug] [Thread-4 (]: Began compiling node model.nyc_taxi_dbt.int_trips_with_time_features
[0m22:05:01.234671 [debug] [Thread-2 (]: Began compiling node test.nyc_taxi_dbt.accepted_values_stg_yellow_taxi_trips_payment_type__0__1__2__3__4__5__6.b901ec3659
[0m22:05:01.234818 [debug] [Thread-1 (]: Began compiling node test.nyc_taxi_dbt.not_null_stg_yellow_taxi_trips_dropoff_at.73dc01c33b
[0m22:05:01.236340 [debug] [Thread-3 (]: Writing injected SQL for node "model.nyc_taxi_dbt.int_trip_revenue_metrics"
[0m22:05:01.237740 [debug] [Thread-4 (]: Writing injected SQL for node "model.nyc_taxi_dbt.int_trips_with_time_features"
[0m22:05:01.242411 [debug] [Thread-2 (]: Writing injected SQL for node "test.nyc_taxi_dbt.accepted_values_stg_yellow_taxi_trips_payment_type__0__1__2__3__4__5__6.b901ec3659"
[0m22:05:01.246005 [debug] [Thread-1 (]: Writing injected SQL for node "test.nyc_taxi_dbt.not_null_stg_yellow_taxi_trips_dropoff_at.73dc01c33b"
[0m22:05:01.246557 [debug] [Thread-3 (]: Began executing node model.nyc_taxi_dbt.int_trip_revenue_metrics
[0m22:05:01.246722 [debug] [Thread-2 (]: Began executing node test.nyc_taxi_dbt.accepted_values_stg_yellow_taxi_trips_payment_type__0__1__2__3__4__5__6.b901ec3659
[0m22:05:01.246872 [debug] [Thread-4 (]: Began executing node model.nyc_taxi_dbt.int_trips_with_time_features
[0m22:05:01.247187 [debug] [Thread-3 (]: Finished running node model.nyc_taxi_dbt.int_trip_revenue_metrics
[0m22:05:01.247336 [debug] [Thread-1 (]: Began executing node test.nyc_taxi_dbt.not_null_stg_yellow_taxi_trips_dropoff_at.73dc01c33b
[0m22:05:01.247589 [debug] [Thread-2 (]: Finished running node test.nyc_taxi_dbt.accepted_values_stg_yellow_taxi_trips_payment_type__0__1__2__3__4__5__6.b901ec3659
[0m22:05:01.247837 [debug] [Thread-4 (]: Finished running node model.nyc_taxi_dbt.int_trips_with_time_features
[0m22:05:01.247994 [debug] [Thread-3 (]: Began running node test.nyc_taxi_dbt.not_null_stg_yellow_taxi_trips_fare_amount.8e6eaa19fe
[0m22:05:01.248276 [debug] [Thread-1 (]: Finished running node test.nyc_taxi_dbt.not_null_stg_yellow_taxi_trips_dropoff_at.73dc01c33b
[0m22:05:01.248426 [debug] [Thread-2 (]: Began running node test.nyc_taxi_dbt.not_null_stg_yellow_taxi_trips_payment_type.87c5f995a9
[0m22:05:01.248599 [debug] [Thread-4 (]: Began running node test.nyc_taxi_dbt.not_null_stg_yellow_taxi_trips_pickup_at.e2ff6cfbc9
[0m22:05:01.248799 [debug] [Thread-3 (]: Re-using an available connection from the pool (formerly model.nyc_taxi_dbt.int_trip_revenue_metrics, now test.nyc_taxi_dbt.not_null_stg_yellow_taxi_trips_fare_amount.8e6eaa19fe)
[0m22:05:01.248956 [debug] [Thread-1 (]: Began running node test.nyc_taxi_dbt.not_null_stg_yellow_taxi_trips_total_amount.9312eb2641
[0m22:05:01.249114 [debug] [Thread-2 (]: Re-using an available connection from the pool (formerly test.nyc_taxi_dbt.accepted_values_stg_yellow_taxi_trips_payment_type__0__1__2__3__4__5__6.b901ec3659, now test.nyc_taxi_dbt.not_null_stg_yellow_taxi_trips_payment_type.87c5f995a9)
[0m22:05:01.249268 [debug] [Thread-4 (]: Re-using an available connection from the pool (formerly model.nyc_taxi_dbt.int_trips_with_time_features, now test.nyc_taxi_dbt.not_null_stg_yellow_taxi_trips_pickup_at.e2ff6cfbc9)
[0m22:05:01.249412 [debug] [Thread-3 (]: Began compiling node test.nyc_taxi_dbt.not_null_stg_yellow_taxi_trips_fare_amount.8e6eaa19fe
[0m22:05:01.249551 [debug] [Thread-1 (]: Re-using an available connection from the pool (formerly test.nyc_taxi_dbt.not_null_stg_yellow_taxi_trips_dropoff_at.73dc01c33b, now test.nyc_taxi_dbt.not_null_stg_yellow_taxi_trips_total_amount.9312eb2641)
[0m22:05:01.249685 [debug] [Thread-2 (]: Began compiling node test.nyc_taxi_dbt.not_null_stg_yellow_taxi_trips_payment_type.87c5f995a9
[0m22:05:01.249815 [debug] [Thread-4 (]: Began compiling node test.nyc_taxi_dbt.not_null_stg_yellow_taxi_trips_pickup_at.e2ff6cfbc9
[0m22:05:01.251543 [debug] [Thread-3 (]: Writing injected SQL for node "test.nyc_taxi_dbt.not_null_stg_yellow_taxi_trips_fare_amount.8e6eaa19fe"
[0m22:05:01.251711 [debug] [Thread-1 (]: Began compiling node test.nyc_taxi_dbt.not_null_stg_yellow_taxi_trips_total_amount.9312eb2641
[0m22:05:01.254273 [debug] [Thread-2 (]: Writing injected SQL for node "test.nyc_taxi_dbt.not_null_stg_yellow_taxi_trips_payment_type.87c5f995a9"
[0m22:05:01.255902 [debug] [Thread-4 (]: Writing injected SQL for node "test.nyc_taxi_dbt.not_null_stg_yellow_taxi_trips_pickup_at.e2ff6cfbc9"
[0m22:05:01.257681 [debug] [Thread-1 (]: Writing injected SQL for node "test.nyc_taxi_dbt.not_null_stg_yellow_taxi_trips_total_amount.9312eb2641"
[0m22:05:01.257927 [debug] [Thread-3 (]: Began executing node test.nyc_taxi_dbt.not_null_stg_yellow_taxi_trips_fare_amount.8e6eaa19fe
[0m22:05:01.258203 [debug] [Thread-2 (]: Began executing node test.nyc_taxi_dbt.not_null_stg_yellow_taxi_trips_payment_type.87c5f995a9
[0m22:05:01.258480 [debug] [Thread-3 (]: Finished running node test.nyc_taxi_dbt.not_null_stg_yellow_taxi_trips_fare_amount.8e6eaa19fe
[0m22:05:01.258610 [debug] [Thread-1 (]: Began executing node test.nyc_taxi_dbt.not_null_stg_yellow_taxi_trips_total_amount.9312eb2641
[0m22:05:01.258727 [debug] [Thread-4 (]: Began executing node test.nyc_taxi_dbt.not_null_stg_yellow_taxi_trips_pickup_at.e2ff6cfbc9
[0m22:05:01.258957 [debug] [Thread-2 (]: Finished running node test.nyc_taxi_dbt.not_null_stg_yellow_taxi_trips_payment_type.87c5f995a9
[0m22:05:01.259109 [debug] [Thread-3 (]: Began running node test.nyc_taxi_dbt.not_null_stg_yellow_taxi_trips_trip_distance.d793adaf62
[0m22:05:01.259387 [debug] [Thread-1 (]: Finished running node test.nyc_taxi_dbt.not_null_stg_yellow_taxi_trips_total_amount.9312eb2641
[0m22:05:01.259622 [debug] [Thread-4 (]: Finished running node test.nyc_taxi_dbt.not_null_stg_yellow_taxi_trips_pickup_at.e2ff6cfbc9
[0m22:05:01.259774 [debug] [Thread-2 (]: Began running node test.nyc_taxi_dbt.not_null_stg_yellow_taxi_trips_trip_id.ee2bccfad1
[0m22:05:01.259944 [debug] [Thread-3 (]: Re-using an available connection from the pool (formerly test.nyc_taxi_dbt.not_null_stg_yellow_taxi_trips_fare_amount.8e6eaa19fe, now test.nyc_taxi_dbt.not_null_stg_yellow_taxi_trips_trip_distance.d793adaf62)
[0m22:05:01.260097 [debug] [Thread-1 (]: Began running node test.nyc_taxi_dbt.not_null_stg_yellow_taxi_trips_vendor_id.f68c7056a6
[0m22:05:01.260256 [debug] [Thread-4 (]: Began running node test.nyc_taxi_dbt.unique_stg_yellow_taxi_trips_trip_id.4e1127d8f6
[0m22:05:01.260410 [debug] [Thread-2 (]: Re-using an available connection from the pool (formerly test.nyc_taxi_dbt.not_null_stg_yellow_taxi_trips_payment_type.87c5f995a9, now test.nyc_taxi_dbt.not_null_stg_yellow_taxi_trips_trip_id.ee2bccfad1)
[0m22:05:01.260551 [debug] [Thread-3 (]: Began compiling node test.nyc_taxi_dbt.not_null_stg_yellow_taxi_trips_trip_distance.d793adaf62
[0m22:05:01.260688 [debug] [Thread-1 (]: Re-using an available connection from the pool (formerly test.nyc_taxi_dbt.not_null_stg_yellow_taxi_trips_total_amount.9312eb2641, now test.nyc_taxi_dbt.not_null_stg_yellow_taxi_trips_vendor_id.f68c7056a6)
[0m22:05:01.260831 [debug] [Thread-4 (]: Re-using an available connection from the pool (formerly test.nyc_taxi_dbt.not_null_stg_yellow_taxi_trips_pickup_at.e2ff6cfbc9, now test.nyc_taxi_dbt.unique_stg_yellow_taxi_trips_trip_id.4e1127d8f6)
[0m22:05:01.260973 [debug] [Thread-2 (]: Began compiling node test.nyc_taxi_dbt.not_null_stg_yellow_taxi_trips_trip_id.ee2bccfad1
[0m22:05:01.262655 [debug] [Thread-3 (]: Writing injected SQL for node "test.nyc_taxi_dbt.not_null_stg_yellow_taxi_trips_trip_distance.d793adaf62"
[0m22:05:01.262815 [debug] [Thread-1 (]: Began compiling node test.nyc_taxi_dbt.not_null_stg_yellow_taxi_trips_vendor_id.f68c7056a6
[0m22:05:01.262960 [debug] [Thread-4 (]: Began compiling node test.nyc_taxi_dbt.unique_stg_yellow_taxi_trips_trip_id.4e1127d8f6
[0m22:05:01.264523 [debug] [Thread-2 (]: Writing injected SQL for node "test.nyc_taxi_dbt.not_null_stg_yellow_taxi_trips_trip_id.ee2bccfad1"
[0m22:05:01.266231 [debug] [Thread-1 (]: Writing injected SQL for node "test.nyc_taxi_dbt.not_null_stg_yellow_taxi_trips_vendor_id.f68c7056a6"
[0m22:05:01.268803 [debug] [Thread-4 (]: Writing injected SQL for node "test.nyc_taxi_dbt.unique_stg_yellow_taxi_trips_trip_id.4e1127d8f6"
[0m22:05:01.269029 [debug] [Thread-3 (]: Began executing node test.nyc_taxi_dbt.not_null_stg_yellow_taxi_trips_trip_distance.d793adaf62
[0m22:05:01.269276 [debug] [Thread-2 (]: Began executing node test.nyc_taxi_dbt.not_null_stg_yellow_taxi_trips_trip_id.ee2bccfad1
[0m22:05:01.269558 [debug] [Thread-3 (]: Finished running node test.nyc_taxi_dbt.not_null_stg_yellow_taxi_trips_trip_distance.d793adaf62
[0m22:05:01.269688 [debug] [Thread-1 (]: Began executing node test.nyc_taxi_dbt.not_null_stg_yellow_taxi_trips_vendor_id.f68c7056a6
[0m22:05:01.269948 [debug] [Thread-2 (]: Finished running node test.nyc_taxi_dbt.not_null_stg_yellow_taxi_trips_trip_id.ee2bccfad1
[0m22:05:01.270077 [debug] [Thread-4 (]: Began executing node test.nyc_taxi_dbt.unique_stg_yellow_taxi_trips_trip_id.4e1127d8f6
[0m22:05:01.270235 [debug] [Thread-3 (]: Began running node model.nyc_taxi_dbt.mart_payment_analysis
[0m22:05:01.270485 [debug] [Thread-1 (]: Finished running node test.nyc_taxi_dbt.not_null_stg_yellow_taxi_trips_vendor_id.f68c7056a6
[0m22:05:01.270640 [debug] [Thread-2 (]: Began running node model.nyc_taxi_dbt.mart_daily_trip_summary
[0m22:05:01.270891 [debug] [Thread-4 (]: Finished running node test.nyc_taxi_dbt.unique_stg_yellow_taxi_trips_trip_id.4e1127d8f6
[0m22:05:01.271043 [debug] [Thread-3 (]: Re-using an available connection from the pool (formerly test.nyc_taxi_dbt.not_null_stg_yellow_taxi_trips_trip_distance.d793adaf62, now model.nyc_taxi_dbt.mart_payment_analysis)
[0m22:05:01.271210 [debug] [Thread-1 (]: Began running node model.nyc_taxi_dbt.mart_hourly_demand
[0m22:05:01.271362 [debug] [Thread-2 (]: Re-using an available connection from the pool (formerly test.nyc_taxi_dbt.not_null_stg_yellow_taxi_trips_trip_id.ee2bccfad1, now model.nyc_taxi_dbt.mart_daily_trip_summary)
[0m22:05:01.271532 [debug] [Thread-3 (]: Began compiling node model.nyc_taxi_dbt.mart_payment_analysis
[0m22:05:01.271675 [debug] [Thread-1 (]: Re-using an available connection from the pool (formerly test.nyc_taxi_dbt.not_null_stg_yellow_taxi_trips_vendor_id.f68c7056a6, now model.nyc_taxi_dbt.mart_hourly_demand)
[0m22:05:01.271816 [debug] [Thread-2 (]: Began compiling node model.nyc_taxi_dbt.mart_daily_trip_summary
[0m22:05:01.273126 [debug] [Thread-3 (]: Writing injected SQL for node "model.nyc_taxi_dbt.mart_payment_analysis"
[0m22:05:01.273281 [debug] [Thread-1 (]: Began compiling node model.nyc_taxi_dbt.mart_hourly_demand
[0m22:05:01.274691 [debug] [Thread-2 (]: Writing injected SQL for node "model.nyc_taxi_dbt.mart_daily_trip_summary"
[0m22:05:01.275995 [debug] [Thread-1 (]: Writing injected SQL for node "model.nyc_taxi_dbt.mart_hourly_demand"
[0m22:05:01.276214 [debug] [Thread-3 (]: Began executing node model.nyc_taxi_dbt.mart_payment_analysis
[0m22:05:01.276498 [debug] [Thread-3 (]: Finished running node model.nyc_taxi_dbt.mart_payment_analysis
[0m22:05:01.276653 [debug] [Thread-2 (]: Began executing node model.nyc_taxi_dbt.mart_daily_trip_summary
[0m22:05:01.276942 [debug] [Thread-2 (]: Finished running node model.nyc_taxi_dbt.mart_daily_trip_summary
[0m22:05:01.277090 [debug] [Thread-1 (]: Began executing node model.nyc_taxi_dbt.mart_hourly_demand
[0m22:05:01.277332 [debug] [Thread-1 (]: Finished running node model.nyc_taxi_dbt.mart_hourly_demand
[0m22:05:01.277753 [debug] [MainThread]: Connection 'master' was properly closed.
[0m22:05:01.277869 [debug] [MainThread]: Connection 'model.nyc_taxi_dbt.mart_hourly_demand' was properly closed.
[0m22:05:01.277969 [debug] [MainThread]: Connection 'model.nyc_taxi_dbt.mart_daily_trip_summary' was properly closed.
[0m22:05:01.278061 [debug] [MainThread]: Connection 'model.nyc_taxi_dbt.mart_payment_analysis' was properly closed.
[0m22:05:01.278150 [debug] [MainThread]: Connection 'test.nyc_taxi_dbt.unique_stg_yellow_taxi_trips_trip_id.4e1127d8f6' was properly closed.
[0m22:05:01.278975 [debug] [MainThread]: Command end result
[0m22:05:01.324164 [debug] [MainThread]: Wrote artifact WritableManifest to /Users/weimincai/BIProjects/nyc_taxi_dbt/target/manifest.json
[0m22:05:01.325277 [debug] [MainThread]: Wrote artifact SemanticManifest to /Users/weimincai/BIProjects/nyc_taxi_dbt/target/semantic_manifest.json
[0m22:05:01.328366 [debug] [MainThread]: Wrote artifact RunExecutionResult to /Users/weimincai/BIProjects/nyc_taxi_dbt/target/run_results.json
[0m22:05:01.330339 [debug] [MainThread]: Acquiring new duckdb connection 'generate_catalog'
[0m22:05:01.330488 [info ] [MainThread]: Building catalog
[0m22:05:01.334561 [debug] [ThreadPool]: Acquiring new duckdb connection 'nyc_taxi.information_schema'
[0m22:05:01.337440 [debug] [ThreadPool]: Using duckdb connection "nyc_taxi.information_schema"
[0m22:05:01.337595 [debug] [ThreadPool]: On nyc_taxi.information_schema: BEGIN
[0m22:05:01.337712 [debug] [ThreadPool]: Opening a new connection, currently in state init
[0m22:05:01.338016 [debug] [ThreadPool]: SQL status: OK in 0.000 seconds
[0m22:05:01.338136 [debug] [ThreadPool]: Using duckdb connection "nyc_taxi.information_schema"
[0m22:05:01.338286 [debug] [ThreadPool]: On nyc_taxi.information_schema: /* {"app": "dbt", "dbt_version": "1.11.8", "profile_name": "nyc_taxi_dbt", "target_name": "dev", "connection_name": "nyc_taxi.information_schema"} */
with relations AS (
      select
        t.table_name
        , t.database_name
        , t.schema_name
        , 'BASE TABLE' as table_type
        , t.comment as table_comment
      from duckdb_tables() t
      WHERE t.database_name = 'nyc_taxi'
      UNION ALL
      SELECT v.view_name as table_name
      , v.database_name
      , v.schema_name
      , 'VIEW' as table_type
      , v.comment as table_comment
      from duckdb_views() v
      WHERE v.database_name = 'nyc_taxi'
    )
    select
        'nyc_taxi' as table_database,
        r.schema_name as table_schema,
        r.table_name,
        r.table_type,
        r.table_comment,
        c.column_name,
        c.column_index as column_index,
        c.data_type as column_type,
        c.comment as column_comment,
        NULL as table_owner
    FROM relations r JOIN duckdb_columns() c ON r.schema_name = c.schema_name AND r.table_name = c.table_name
    WHERE (upper(r.schema_name) = upper('main_marts') or upper(r.schema_name) = upper('main_staging') or upper(r.schema_name) = upper('main_intermediate') or upper(r.schema_name) = upper('raw'))
    ORDER BY
        r.schema_name,
        r.table_name,
        c.column_index
[0m22:05:01.353212 [debug] [ThreadPool]: SQL status: OK in 0.015 seconds
[0m22:05:01.355805 [debug] [ThreadPool]: On nyc_taxi.information_schema: ROLLBACK
[0m22:05:01.356038 [debug] [ThreadPool]: Failed to rollback 'nyc_taxi.information_schema'
[0m22:05:01.356154 [debug] [ThreadPool]: On nyc_taxi.information_schema: Close
[0m22:05:01.362832 [debug] [MainThread]: Wrote artifact CatalogArtifact to /Users/weimincai/BIProjects/nyc_taxi_dbt/target/catalog.json
[0m22:05:01.379530 [debug] [MainThread]: Wrote artifact WritableManifest to /Users/weimincai/BIProjects/nyc_taxi_dbt/target/manifest.json
[0m22:05:01.380377 [debug] [MainThread]: Wrote artifact SemanticManifest to /Users/weimincai/BIProjects/nyc_taxi_dbt/target/semantic_manifest.json
[0m22:05:01.380510 [info ] [MainThread]: Catalog written to /Users/weimincai/BIProjects/nyc_taxi_dbt/target/catalog.json
[0m22:05:01.382330 [debug] [MainThread]: Resource report: {"command_name": "generate", "command_success": true, "command_wall_clock_time": 0.6811917, "process_in_blocks": "0", "process_kernel_time": 0.258295, "process_mem_max_rss": "182681600", "process_out_blocks": "0", "process_user_time": 1.620626}
[0m22:05:01.382554 [debug] [MainThread]: Command `dbt docs generate` succeeded at 22:05:01.382516 after 0.68 seconds
[0m22:05:01.382692 [debug] [MainThread]: Connection 'generate_catalog' was properly closed.
[0m22:05:01.382796 [debug] [MainThread]: Connection 'nyc_taxi.information_schema' was properly closed.
[0m22:05:01.382930 [debug] [MainThread]: Sending event: {'category': 'dbt', 'action': 'invocation', 'label': 'end', 'context': [<snowplow_tracker.self_describing_json.SelfDescribingJson object at 0x104e1bb90>, <snowplow_tracker.self_describing_json.SelfDescribingJson object at 0x104c9e090>, <snowplow_tracker.self_describing_json.SelfDescribingJson object at 0x11193fa90>]}
[0m22:05:01.383091 [debug] [MainThread]: Flushing usage events
[0m22:05:01.569824 [debug] [MainThread]: An error was encountered while trying to flush usage events
[0m22:05:26.873860 [debug] [MainThread]: Sending event: {'category': 'dbt', 'action': 'invocation', 'label': 'start', 'context': [<snowplow_tracker.self_describing_json.SelfDescribingJson object at 0x1078844d0>, <snowplow_tracker.self_describing_json.SelfDescribingJson object at 0x1078e5650>, <snowplow_tracker.self_describing_json.SelfDescribingJson object at 0x1078f7ed0>]}


============================== 22:05:26.876762 | 00417920-713e-42eb-85f2-6c18d143a40e ==============================
[0m22:05:26.876762 [info ] [MainThread]: Running with dbt=1.11.8
[0m22:05:26.877061 [debug] [MainThread]: running dbt with arguments {'printer_width': '80', 'partial_parse': 'True', 'log_cache_events': 'False', 'static_parser': 'True', 'fail_fast': 'False', 'write_json': 'True', 'send_anonymous_usage_stats': 'True', 'invocation_command': 'dbt docs serve', 'debug': 'False', 'target_path': 'None', 'introspect': 'True', 'log_path': '/Users/weimincai/BIProjects/nyc_taxi_dbt/logs', 'warn_error': 'None', 'cache_selected_only': 'False', 'empty': 'None', 'warn_error_options': 'WarnErrorOptionsV2(error=[], warn=[], silence=[])', 'quiet': 'False', 'log_format': 'default', 'profiles_dir': '/Users/weimincai/.dbt', 'no_print': 'None', 'version_check': 'True', 'use_colors': 'True', 'use_experimental_parser': 'False', 'indirect_selection': 'eager'}
[0m22:05:27.040044 [debug] [MainThread]: Sending event: {'category': 'dbt', 'action': 'project_id', 'label': '00417920-713e-42eb-85f2-6c18d143a40e', 'context': [<snowplow_tracker.self_describing_json.SelfDescribingJson object at 0x10704a590>]}
[0m22:05:27.066426 [debug] [MainThread]: Sending event: {'category': 'dbt', 'action': 'adapter_info', 'label': '00417920-713e-42eb-85f2-6c18d143a40e', 'context': [<snowplow_tracker.self_describing_json.SelfDescribingJson object at 0x107be3ad0>]}
[0m22:13:49.435044 [error] [MainThread]: Encountered an error:

[0m22:13:49.529492 [error] [MainThread]: Traceback (most recent call last):
  File "/Users/weimincai/opt/anaconda3/envs/dbt-arm64/lib/python3.11/site-packages/dbt/cli/requires.py", line 182, in wrapper
    result, success = func(*args, **kwargs)
                      ^^^^^^^^^^^^^^^^^^^^^
  File "/Users/weimincai/opt/anaconda3/envs/dbt-arm64/lib/python3.11/site-packages/dbt/cli/requires.py", line 128, in wrapper
    return func(*args, **kwargs)
           ^^^^^^^^^^^^^^^^^^^^^
  File "/Users/weimincai/opt/anaconda3/envs/dbt-arm64/lib/python3.11/site-packages/dbt/cli/requires.py", line 276, in wrapper
    return func(*args, **kwargs)
           ^^^^^^^^^^^^^^^^^^^^^
  File "/Users/weimincai/opt/anaconda3/envs/dbt-arm64/lib/python3.11/site-packages/dbt/cli/requires.py", line 321, in wrapper
    return func(*args, **kwargs)
           ^^^^^^^^^^^^^^^^^^^^^
  File "/Users/weimincai/opt/anaconda3/envs/dbt-arm64/lib/python3.11/site-packages/dbt/cli/requires.py", line 368, in wrapper
    return func(*args, **kwargs)
           ^^^^^^^^^^^^^^^^^^^^^
  File "/Users/weimincai/opt/anaconda3/envs/dbt-arm64/lib/python3.11/site-packages/dbt/cli/main.py", line 309, in docs_serve
    results = task.run()
              ^^^^^^^^^^
  File "/Users/weimincai/opt/anaconda3/envs/dbt-arm64/lib/python3.11/site-packages/dbt/task/docs/serve.py", line 29, in run
    httpd.serve_forever()
  File "/Users/weimincai/opt/anaconda3/envs/dbt-arm64/lib/python3.11/socketserver.py", line 233, in serve_forever
    ready = selector.select(poll_interval)
            ^^^^^^^^^^^^^^^^^^^^^^^^^^^^^^
  File "/Users/weimincai/opt/anaconda3/envs/dbt-arm64/lib/python3.11/selectors.py", line 415, in select
    fd_event_list = self._selector.poll(timeout)
                    ^^^^^^^^^^^^^^^^^^^^^^^^^^^^
KeyboardInterrupt

[0m22:13:49.573004 [debug] [MainThread]: Resource report: {"command_name": "serve", "command_success": false, "command_wall_clock_time": 502.67014, "process_in_blocks": "0", "process_kernel_time": 0.264721, "process_mem_max_rss": "157728768", "process_out_blocks": "0", "process_user_time": 1.316012}
[0m22:13:49.583273 [debug] [MainThread]: Command `dbt docs serve` failed at 22:13:49.582571 after 502.69 seconds
[0m22:13:49.598647 [debug] [MainThread]: Sending event: {'category': 'dbt', 'action': 'invocation', 'label': 'end', 'context': [<snowplow_tracker.self_describing_json.SelfDescribingJson object at 0x1078f7690>, <snowplow_tracker.self_describing_json.SelfDescribingJson object at 0x107964d10>, <snowplow_tracker.self_describing_json.SelfDescribingJson object at 0x10786fb50>]}
[0m22:13:49.602743 [debug] [MainThread]: Flushing usage events
[0m22:13:49.907898 [debug] [MainThread]: An error was encountered while trying to flush usage events
